"model_number","version","active","valid","best_in_gender","study_name","date","time","converged","subgroup","model_type","physical_outcome","var_int_physical","se_int_physical","var_slope_physical","se_slope_physical","var_residual_physical","se_residual_physical","cognitive_outcome","var_int_cog","se_int_cog","var_slope_cog","se_slope_cog","var_residual_cog","se_residual_cog","cov_int","cov_slope","cov_residual","p_cov_int","p_cov_slope","p_cov_res","subject_count","wave_count","datapoint_count","parameter_count","deviance","software","output_file","model_description","results_descriptions","notes","data_file","physical_specific","cognitive_specific","se_cov_int","se_cov_slope","se_cov_residual","LL","aic","bic","adj_bic","aaic"
"b1","0.1",NA,NA,NA,"radc","03/02/2015","11:41 PM",TRUE,"female","aeh","memory",94.335,5.896,0.806,0.335,19.911,1.102,"memory",9.994,0.633,0.227,0.058,5.872,0.217,-0.74,0.15,-0.233,0.578,0.107,0.452,964,5,NA,29,NA,"Mplus VERSION 7.3","b1_female_aeh_memory_memory_grip_logicalmemoryimmed.out","??",NA,NA,NA,"grip","logicalmemoryimmed",1.332,0.093,0.31,-18001.505,36061.01,36202.272,36110.169,36062.8729550321
"b1","0.1",NA,NA,NA,"radc","03/02/2015","11:19 PM",TRUE,"female","aeh","muscle",94.393,5.901,0.791,0.337,19.914,1.105,"attention",2.198,0.136,0.019,0.012,1.593,0.054,0.105,0.018,0.228,0.866,0.705,0.137,964,5,NA,29,NA,"Mplus VERSION 7.3","b1_female_aeh_muscle_attention_grip_digitsforward.out","??",NA,NA,NA,"grip","digitsforward",0.623,0.047,0.154,-15630.69,31319.38,31460.642,31368.539,31321.2429550321
"b1","0.1",NA,NA,NA,"radc","03/02/2015","11:11 PM",TRUE,"female","aeh","muscle",94.509,5.912,0.808,0.34,19.905,1.106,"executive",46.616,3.31,1.18,0.273,21.502,0.795,3.27,0.237,0.729,0.235,0.208,0.212,964,5,NA,29,NA,"Mplus VERSION 7.3","b1_female_aeh_muscle_executive_grip_categoryfluency.out","??",NA,NA,NA,"grip","categoryfluency",2.755,0.188,0.584,-20481.874,41021.747,41163.009,41070.906,41023.6099550321
"b1","0.1",NA,NA,NA,"radc","03/02/2015","11:21 PM",TRUE,"female","aeh","muscle",94.373,5.905,0.787,0.337,19.914,1.105,"executive",1.101,0.113,0.023,0.013,1.317,0.065,0.338,0.024,0.062,0.522,0.565,0.66,964,5,NA,29,NA,"Mplus VERSION 7.3","b1_female_aeh_muscle_executive_grip_digitordering.out","??",NA,NA,NA,"grip","digitordering",0.528,0.042,0.141,-15009.525,30077.05,30218.312,30126.209,30078.9129550321
"b1","0.1",NA,NA,NA,"radc","03/02/2015","11:13 PM",TRUE,"female","aeh","muscle",0.113,0.008,0,0.001,0.027,0.005,"executive",2.342,0.16,0.032,0.015,1.611,0.061,0.081,0.004,-0.011,0.001,0.047,0.056,964,5,NA,29,NA,"Mplus VERSION 7.3","b1_female_aeh_muscle_executive_grip_digitsback.out","??",NA,NA,"radcMAP_wide.dat","grip","digitsback",0.024,0.002,0.006,-6819.588,13697.176,13838.437,13746.334,13699.0389550321
"b1","0.1",NA,NA,NA,"radc","03/02/2015","11:32 PM",TRUE,"female","aeh","muscle",94.491,5.921,0.792,0.33,19.944,1.104,"global",1.753,0.619,0.094,0.046,1.689,0.087,0.125,0.124,0.129,0.83,0.103,0.412,964,5,NA,29,NA,"Mplus VERSION 7.3","b1_female_aeh_muscle_global_grip_mmse.out","??",NA,NA,NA,"grip","mmse",0.581,0.076,0.157,-15641.232,31340.465,31481.726,31389.623,31342.3279550321
"b1","0.1",NA,NA,NA,"radc","03/02/2015","11:38 PM",TRUE,"female","aeh","muscle",94.6,5.924,0.793,0.337,19.915,1.108,"knowledge",3.453,0.199,0.019,0.01,0.715,0.047,0.029,0,-0.023,0.967,0.994,0.835,963,5,NA,29,NA,"Mplus VERSION 7.3","b1_female_aeh_muscle_knowledge_grip_nart.out","??",NA,NA,"radcMAP_wide.dat","grip","nart",0.705,0.034,0.108,-14664.577,29387.153,29528.385,29436.281,29389.0179517685
"b1","0.1",NA,NA,NA,"radc","03/02/2015","11:08 PM",TRUE,"female","aeh","muscle",94.512,5.914,0.786,0.338,19.913,1.106,"language",1.109,0.116,0.037,0.01,0.45,0.021,0.784,0.005,-0.069,0.072,0.86,0.413,963,5,NA,29,NA,"Mplus VERSION 7.3","b1_female_aeh_muscle_language_grip_bnt.out","??",NA,NA,NA,"grip","bnt",0.436,0.031,0.084,-13662.163,27382.326,27523.558,27431.454,27384.1909517685
"b1","0.1",NA,NA,NA,"radc","03/02/2015","11:28 PM",TRUE,"female","aeh","muscle",94.456,5.907,0.785,0.335,19.929,1.103,"language",0.128,0.024,0.004,0.002,0.207,0.015,-0.128,0.002,0.035,0.503,0.905,0.509,964,5,NA,29,NA,"Mplus VERSION 7.3","b1_female_aeh_muscle_language_grip_complexideas.out","??",NA,NA,NA,"grip","complexideas",0.191,0.019,0.053,-11711.423,23480.847,23622.108,23530.005,23482.7099550321
"b1","0.1",NA,NA,NA,"radc","03/02/2015","11:23 PM",TRUE,"female","aeh","muscle",94.282,5.906,0.762,0.337,19.96,1.106,"memory",1.467,0.202,0.088,0.03,2.38,0.126,0.249,0.062,0.044,0.703,0.353,0.822,964,5,NA,29,NA,"Mplus VERSION 7.3","b1_female_aeh_muscle_memory_grip_bostonstorydelay.out","??",NA,NA,NA,"grip","bostonstorydelay",0.652,0.066,0.194,-16162.359,32382.717,32523.979,32431.876,32384.5799550321
"b1","0.1",NA,NA,NA,"radc","03/02/2015","11:25 PM",TRUE,"female","aeh","muscle",0.113,0.008,0,0.001,0.027,0.005,"memory",1.199,0.138,0.054,0.019,1.992,0.073,0.031,-0.002,-0.01,0.143,0.465,0.114,964,5,NA,29,NA,"Mplus VERSION 7.3","b1_female_aeh_muscle_memory_grip_bostonstoryimmediate.out","??",NA,NA,NA,"grip","bostonstoryimmediate",0.021,0.002,0.006,-6921.062,13900.125,14041.386,13949.283,13901.9879550321
"b1","0.1",NA,NA,NA,"radc","03/02/2015","11:16 PM",TRUE,"female","aeh","muscle",94.259,5.889,0.801,0.334,19.913,1.103,"memory",11.145,0.67,0.269,0.06,5.844,0.217,-0.052,0.211,0.042,0.969,0.033,0.891,964,5,NA,29,NA,"Mplus VERSION 7.3","b1_female_aeh_muscle_memory_grip_logicalmemorydelay.out","??",NA,NA,NA,"grip","logicalmemorydelay",1.344,0.099,0.304,-18067.789,36193.577,36334.839,36242.735,36195.4399550321
"b1","0.1",NA,NA,NA,"radc","03/02/2015","11:44 PM",TRUE,"female","aeh","muscle",94.528,5.91,0.789,0.336,19.904,1.104,"memory",2.853,0.195,0.055,0.018,1.752,0.077,2.715,0.061,-0.032,0,0.166,0.842,964,5,NA,29,NA,"Mplus VERSION 7.3","b1_female_aeh_muscle_memory_grip_wordlistdelay.out","??",NA,NA,NA,"grip","wordlistdelay",0.689,0.044,0.162,-15857.903,31773.807,31915.068,31822.965,31775.6699550321
"b1","0.1",NA,NA,NA,"radc","03/02/2015","11:47 PM",TRUE,"female","aeh","muscle",94.49,5.913,0.785,0.335,19.912,1.106,"memory",10.147,0.669,0.349,0.079,5.872,0.202,5.152,0.161,0.353,0,0.113,0.254,964,5,NA,29,NA,"Mplus VERSION 7.3","b1_female_aeh_muscle_memory_grip_wordlistimmed.out","??",NA,NA,NA,"grip","wordlistimmed",1.314,0.101,0.31,-18037.224,36132.448,36273.709,36181.606,36134.3109550321
"b1","0.1",NA,NA,NA,"radc","03/02/2015","11:48 PM",TRUE,"female","aeh","muscle",0.114,0.008,0.001,0.001,0.026,0.005,"memory",0.752,0.163,0.004,0.01,0.341,0.06,0.021,0.001,0,0.212,0.678,0.936,964,5,NA,29,NA,"Mplus VERSION 7.3","b1_female_aeh_muscle_memory_grip_wordlistrecog.out","??",NA,NA,NA,"grip","wordlistrecog",0.017,0.002,0.003,-4243.533,8545.066,8686.327,8594.224,8546.92895503212
"b1","0.1",NA,NA,NA,"radc","03/02/2015","11:37 PM",TRUE,"female","aeh","muscle",94.453,5.911,0.8,0.34,19.895,1.106,"reasoning",3.116,0.289,0.025,0.032,3.345,0.2,1.506,0.059,-0.067,0.096,0.388,0.795,947,5,NA,29,NA,"Mplus VERSION 7.3","b1_female_aeh_muscle_reasoning_grip_matrices.out","??",NA,NA,"radcMAP_wide.dat","grip","matrices",0.904,0.068,0.257,-16090.718,32239.437,32380.182,32288.08,32241.3344918212
"b1","0.1",NA,NA,NA,"radc","03/02/2015","11:40 PM",TRUE,"female","aeh","muscle",94.608,5.93,0.794,0.339,19.894,1.103,"speed",68.753,4.688,1.031,0.308,23.381,1.337,5.955,-0.017,-0.187,0.094,0.934,0.76,963,5,NA,29,NA,"Mplus VERSION 7.3","b1_female_aeh_muscle_speed_grip_digitsymbol.out","??",NA,NA,"radcMAP_wide.dat","grip","digitsymbol",3.554,0.21,0.61,-20469.518,40997.037,41138.268,41046.165,40998.9019517685
"b1","0.1",NA,NA,NA,"radc","03/02/2015","11:35 PM",TRUE,"female","aeh","muscle",94.464,5.911,0.796,0.339,19.903,1.104,"speed",33.642,2.134,0.37,0.152,14.919,0.803,2.012,0.171,0.158,0.421,0.209,0.725,963,5,NA,29,NA,"Mplus VERSION 7.3","b1_female_aeh_muscle_speed_grip_numbercomparison.out","??",NA,NA,NA,"grip","numbercomparison",2.5,0.136,0.449,-19544.879,39147.757,39288.989,39196.885,39149.6219517685
"b1","0.1",NA,NA,NA,"radc","03/02/2015","11:30 PM",TRUE,"female","aeh","muscle",94.406,5.918,0.783,0.341,19.92,1.105,"visuospatial",4.606,0.351,0.029,0.034,3.811,0.162,1.234,0.037,0.253,0.251,0.63,0.246,963,5,NA,29,NA,"Mplus VERSION 7.3","b1_female_aeh_muscle_visuospatial_grip_lineorientation.out","??",NA,NA,"radcMAP_wide.dat","grip","lineorientation",1.074,0.077,0.218,-16944.991,33947.983,34089.214,33997.111,33949.8479517685
"b1","0.1",NA,NA,NA,"radc","03/03/2015"," 5:04 PM",TRUE,"female","aehplus","muscle",94.523,5.896,0.791,0.336,19.874,1.104,"attention",2.198,0.137,0.017,0.012,1.593,0.054,0.092,0.019,0.223,0.883,0.681,0.145,962,5,NA,41,NA,"Mplus VERSION 7.3","b1_female_aehplus_muscle_attention_grip_digitsforward.out","??",NA,NA,NA,"grip","digitsforward",0.625,0.047,0.153,-15608.676,31299.353,31498.982,31368.767,31303.0964782609
"b1","0.1",NA,NA,NA,"radc","03/03/2015"," 3:35 PM",TRUE,"female","aehplus","muscle",94.635,5.907,0.808,0.339,19.866,1.106,"executive",45.395,3.241,1.174,0.27,21.504,0.796,3.38,0.24,0.764,0.217,0.201,0.191,962,5,NA,41,NA,"Mplus VERSION 7.3","b1_female_aehplus_muscle_executive_grip_categoryfluency.out","??",NA,NA,NA,"grip","categoryfluency",2.74,0.188,0.584,-20445.65,40973.3,41172.929,41042.714,40977.0434782609
"b1","0.1",NA,NA,NA,"radc","03/03/2015"," 5:03 PM",TRUE,"female","aehplus","muscle",94.476,5.896,0.787,0.336,19.874,1.105,"executive",1.078,0.112,0.021,0.013,1.316,0.065,0.325,0.028,0.071,0.537,0.516,0.612,962,5,NA,41,NA,"Mplus VERSION 7.3","b1_female_aehplus_muscle_executive_grip_digitordering.out","??",NA,NA,NA,"grip","digitordering",0.526,0.043,0.14,-14978.723,30039.446,30239.075,30108.86,30043.1894782609
"b1","0.1",NA,NA,NA,"radc","03/03/2015"," 5:08 PM",TRUE,"female","aehplus","muscle",0.109,0.007,0.001,0.001,0.026,0.005,"executive",2.327,0.159,0.034,0.015,1.6,0.06,0.072,0.003,-0.01,0.002,0.097,0.087,962,5,NA,41,NA,"Mplus VERSION 7.3","b1_female_aehplus_muscle_executive_grip_digitsback.out","??",NA,NA,"radcMAP_wide.dat","grip","digitsback",0.023,0.002,0.006,-6787.018,13656.037,13855.666,13725.451,13659.7804782609
"b1","0.1",NA,NA,NA,"radc","03/03/2015"," 4:54 PM",TRUE,"female","aehplus","muscle",94.598,5.914,0.788,0.329,19.912,1.103,"global",1.708,0.614,0.095,0.046,1.684,0.087,0.097,0.128,0.105,0.866,0.094,0.502,962,5,NA,41,NA,"Mplus VERSION 7.3","b1_female_aehplus_muscle_global_grip_mmse.out","??",NA,NA,NA,"grip","mmse",0.578,0.077,0.157,-15608.34,31298.68,31498.309,31368.094,31302.4234782609
"b1","0.1",NA,NA,NA,"radc","03/03/2015"," 4:48 PM",TRUE,"female","aehplus","muscle",94.735,5.919,0.796,0.337,19.871,1.108,"knowledge",3.417,0.195,0.019,0.01,0.715,0.047,0.009,0.001,-0.025,0.99,0.983,0.816,961,5,NA,41,NA,"Mplus VERSION 7.3","b1_female_aehplus_muscle_knowledge_grip_nart.out","??",NA,NA,"radcMAP_wide.dat","grip","nart",0.706,0.033,0.108,-14639.758,29361.516,29561.103,29430.888,29365.2635516866
"b1","0.1",NA,NA,NA,"radc","03/03/2015"," 5:10 PM",TRUE,"female","aehplus","muscle",94.632,5.906,0.788,0.338,19.871,1.106,"language",1.071,0.114,0.036,0.01,0.45,0.021,0.758,0.009,-0.07,0.082,0.78,0.404,961,5,NA,41,NA,"Mplus VERSION 7.3","b1_female_aehplus_muscle_language_grip_bnt.out","??",NA,NA,NA,"grip","bnt",0.435,0.03,0.084,-13632.006,27346.012,27545.599,27415.384,27349.7595516866
"b1","0.1",NA,NA,NA,"radc","03/03/2015"," 4:58 PM",TRUE,"female","aehplus","muscle",94.583,5.902,0.782,0.333,19.895,1.103,"language",0.126,0.023,0.004,0.002,0.207,0.015,-0.131,0.003,0.036,0.491,0.859,0.493,962,5,NA,41,NA,"Mplus VERSION 7.3","b1_female_aehplus_muscle_language_grip_complexideas.out","??",NA,NA,NA,"grip","complexideas",0.19,0.018,0.053,-11687.938,23457.875,23657.505,23527.29,23461.6184782609
"b1","0.1",NA,NA,NA,"radc","03/03/2015"," 5:01 PM",TRUE,"female","aehplus","muscle",94.388,5.897,0.761,0.336,19.921,1.106,"memory",1.381,0.193,0.081,0.029,2.367,0.126,0.181,0.064,0.055,0.781,0.321,0.777,962,5,NA,41,NA,"Mplus VERSION 7.3","b1_female_aehplus_muscle_memory_grip_bostonstorydelay.out","??",NA,NA,NA,"grip","bostonstorydelay",0.651,0.065,0.193,-16119.547,32321.093,32520.723,32390.508,32324.8364782609
"b1","0.1",NA,NA,NA,"radc","03/03/2015"," 5:00 PM",TRUE,"female","aehplus","muscle",94.304,5.894,0.74,0.33,19.955,1.106,"memory",1.152,0.133,0.05,0.019,1.993,0.073,-0.08,0.056,-0.037,0.884,0.287,0.837,962,5,NA,41,NA,"Mplus VERSION 7.3","b1_female_aehplus_muscle_memory_grip_bostonstoryimmediate.out","??",NA,NA,NA,"grip","bostonstoryimmediate",0.55,0.052,0.181,-15717.33,31516.66,31716.29,31586.075,31520.4034782609
"b1","0.1",NA,NA,NA,"radc","03/03/2015"," 5:06 PM",TRUE,"female","aehplus","muscle",94.382,5.882,0.801,0.333,19.875,1.102,"memory",11.037,0.668,0.261,0.061,5.853,0.218,-0.072,0.222,0.043,0.957,0.024,0.889,962,5,NA,41,NA,"Mplus VERSION 7.3","b1_female_aehplus_muscle_memory_grip_logicalmemorydelay.out","??",NA,NA,NA,"grip","logicalmemorydelay",1.345,0.099,0.305,-18040.712,36163.424,36363.054,36232.839,36167.1674782609
"b1","0.1",NA,NA,NA,"radc","03/03/2015"," 4:45 PM",TRUE,"female","aehplus","muscle",94.449,5.888,0.808,0.334,19.87,1.101,"memory",9.875,0.63,0.22,0.058,5.875,0.217,-0.745,0.164,-0.238,0.576,0.073,0.441,962,5,NA,41,NA,"Mplus VERSION 7.3","b1_female_aehplus_muscle_memory_grip_logicalmemoryimmed.out","??",NA,NA,NA,"grip","logicalmemoryimmed",1.333,0.092,0.31,-17973.154,36028.308,36227.938,36097.723,36032.0514782609
"b1","0.1",NA,NA,NA,"radc","03/03/2015"," 4:42 PM",TRUE,"female","aehplus","muscle",94.64,5.904,0.788,0.336,19.866,1.104,"memory",2.781,0.191,0.055,0.018,1.754,0.077,2.765,0.062,-0.04,0,0.158,0.803,962,5,NA,41,NA,"Mplus VERSION 7.3","b1_female_aehplus_muscle_memory_grip_wordlistdelay.out","??",NA,NA,NA,"grip","wordlistdelay",0.684,0.044,0.162,-15828.172,31738.343,31937.973,31807.758,31742.0864782609
"b1","0.1",NA,NA,NA,"radc","03/03/2015"," 4:44 PM",TRUE,"female","aehplus","muscle",94.617,5.908,0.786,0.335,19.872,1.105,"memory",9.846,0.658,0.342,0.078,5.88,0.202,5.195,0.169,0.357,0,0.098,0.249,962,5,NA,41,NA,"Mplus VERSION 7.3","b1_female_aehplus_muscle_memory_grip_wordlistimmed.out","??",NA,NA,NA,"grip","wordlistimmed",1.302,0.102,0.309,-18001.961,36085.922,36285.551,36155.336,36089.6654782609
"b1","0.1",NA,NA,NA,"radc","03/03/2015"," 4:40 PM",TRUE,"female","aehplus","muscle",94.746,5.92,0.778,0.336,19.879,1.106,"memory",0.723,0.162,0.003,0.01,0.34,0.061,1.232,0.015,-0.035,0,0.589,0.629,962,5,NA,41,NA,"Mplus VERSION 7.3","b1_female_aehplus_muscle_memory_grip_wordlistrecog.out","??",NA,NA,NA,"grip","wordlistrecog",0.342,0.027,0.072,-13024.279,26130.558,26330.188,26199.973,26134.3014782609
"b1","0.1",NA,NA,NA,"radc","03/03/2015"," 4:50 PM",TRUE,"female","aehplus","muscle",94.583,5.905,0.802,0.339,19.854,1.105,"reasoning",3.042,0.283,0.024,0.031,3.343,0.2,1.486,0.061,-0.071,0.098,0.371,0.781,945,5,NA,41,NA,"Mplus VERSION 7.3","b1_female_aehplus_muscle_reasoning_grip_matrices.out","??",NA,NA,"radcMAP_wide.dat","grip","matrices",0.897,0.068,0.256,-16062.487,32206.974,32405.872,32275.659,32210.7879534884
"b1","0.1",NA,NA,NA,"radc","03/03/2015"," 4:47 PM",TRUE,"female","aehplus","muscle",94.732,5.924,0.793,0.338,19.859,1.103,"speed",66.805,4.632,1.013,0.312,23.407,1.339,5.813,-0.026,-0.182,0.1,0.902,0.766,961,5,NA,41,NA,"Mplus VERSION 7.3","b1_female_aehplus_muscle_speed_grip_digitsymbol.out","??",NA,NA,"radcMAP_wide.dat","grip","digitsymbol",3.531,0.209,0.612,-20431.119,40944.238,41143.825,41013.61,40947.9855516866
"b1","0.1",NA,NA,NA,"radc","03/03/2015"," 4:51 PM",TRUE,"female","aehplus","muscle",94.587,5.906,0.796,0.338,19.863,1.104,"speed",33.038,2.102,0.36,0.148,14.908,0.801,1.985,0.18,0.164,0.424,0.188,0.715,961,5,NA,41,NA,"Mplus VERSION 7.3","b1_female_aehplus_muscle_speed_grip_numbercomparison.out","??",NA,NA,NA,"grip","numbercomparison",2.484,0.137,0.448,-19510.24,39102.48,39302.067,39171.852,39106.2275516866
"b1","0.1",NA,NA,NA,"radc","03/03/2015"," 4:56 PM",TRUE,"female","aehplus","muscle",94.522,5.911,0.784,0.34,19.878,1.105,"visuospatial",4.498,0.343,0.027,0.034,3.806,0.162,1.181,0.04,0.256,0.267,0.602,0.239,961,5,NA,41,NA,"Mplus VERSION 7.3","b1_female_aehplus_muscle_visuospatial_grip_lineorientation.out","??",NA,NA,"radcMAP_wide.dat","grip","lineorientation",1.065,0.077,0.217,-16913.803,33909.605,34109.192,33978.977,33913.3525516866
"b1","0.1",NA,NA,NA,"radc","03/03/2015"," 3:42 PM",TRUE,"female","aehplus","pulmonary",0.109,0.008,0,0.001,0.027,0.005,"attention",2.2,0.137,0.017,0.012,1.593,0.054,0.066,0,0.007,0.003,0.999,0.239,962,5,NA,41,NA,"Mplus VERSION 7.3","b1_female_aehplus_pulmonary_attention_fev_digitsforward.out","??",NA,NA,NA,"fev","digitsforward",0.022,0.002,0.006,-6773.137,13628.274,13827.904,13697.688,13632.0174782609
"b1","0.1",NA,NA,NA,"radc","03/03/2015"," 3:44 PM",TRUE,"female","aehplus","pulmonary",0.109,0.008,0,0.001,0.027,0.005,"executive",1.079,0.112,0.022,0.013,1.316,0.065,0.059,-0.001,0.005,0.001,0.266,0.322,962,5,NA,41,NA,"Mplus VERSION 7.3","b1_female_aehplus_pulmonary_executive_fev_digitordering.out","??",NA,NA,NA,"fev","digitordering",0.017,0.001,0.005,-6143.502,12369.004,12568.634,12438.419,12372.7474782609
"b1","0.1",NA,NA,NA,"radc","03/03/2015"," 3:37 PM",TRUE,"female","aehplus","pulmonary",0.109,0.007,0.001,0.001,0.026,0.005,"executive",2.327,0.159,0.034,0.015,1.6,0.06,0.072,0.003,-0.01,0.002,0.097,0.087,962,5,NA,41,NA,"Mplus VERSION 7.3","b1_female_aehplus_pulmonary_executive_fev_digitsback.out","??",NA,NA,"radcMAP_wide.dat","fev","digitsback",0.023,0.002,0.006,-6787.018,13656.037,13855.666,13725.451,13659.7804782609
"b1","0.1",NA,NA,NA,"radc","03/03/2015"," 4:24 PM",TRUE,"female","aehplus","pulmonary",0.109,0.008,0,0.001,0.027,0.005,"global",1.707,0.614,0.095,0.047,1.686,0.088,0.021,-0.001,0.001,0.334,0.752,0.837,962,5,NA,41,NA,"Mplus VERSION 7.3","b1_female_aehplus_pulmonary_global_fev_mmse.out","??",NA,NA,NA,"fev","mmse",0.022,0.003,0.006,-6796.656,13675.313,13874.942,13744.727,13679.0564782609
"b1","0.1",NA,NA,NA,"radc","03/03/2015"," 4:29 PM",TRUE,"female","aehplus","pulmonary",0.109,0.008,0,0.001,0.027,0.005,"knowledge",3.418,0.195,0.019,0.01,0.715,0.047,0.096,0,0,0,0.687,0.959,961,5,NA,41,NA,"Mplus VERSION 7.3","b1_female_aehplus_pulmonary_knowledge_fev_nart.out","??",NA,NA,"radcMAP_wide.dat","fev","nart",0.025,0.001,0.004,-5802.066,11686.133,11885.72,11755.505,11689.8805516866
"b1","0.1",NA,NA,NA,"radc","03/03/2015"," 3:32 PM",TRUE,"female","aehplus","pulmonary",0.109,0.008,0,0.001,0.027,0.005,"language",1.072,0.114,0.036,0.01,0.45,0.021,0.012,0.001,-0.003,0.462,0.646,0.4,961,5,NA,41,NA,"Mplus VERSION 7.3","b1_female_aehplus_pulmonary_language_fev_bnt.out","??",NA,NA,NA,"fev","bnt",0.016,0.001,0.003,-4802.226,9686.452,9886.039,9755.824,9690.19955168662
"b1","0.1",NA,NA,NA,"radc","03/03/2015"," 3:52 PM",TRUE,"female","aehplus","pulmonary",0.109,0.008,0,0.001,0.027,0.005,"language",0.126,0.024,0.004,0.002,0.207,0.015,0.016,0,-0.001,0.011,0.44,0.558,962,5,NA,41,NA,"Mplus VERSION 7.3","b1_female_aehplus_pulmonary_language_fev_complexideas.out","??",NA,NA,NA,"fev","complexideas",0.006,0.001,0.002,-2855.685,5793.37,5993,5862.785,5797.11347826087
"b1","0.1",NA,NA,NA,"radc","03/03/2015"," 3:47 PM",TRUE,"female","aehplus","pulmonary",0.109,0.008,0,0.001,0.027,0.005,"memory",1.381,0.193,0.082,0.029,2.365,0.125,0.005,-0.002,-0.013,0.815,0.443,0.094,962,5,NA,41,NA,"Mplus VERSION 7.3","b1_female_aehplus_pulmonary_memory_fev_bostonstorydelay.out","??",NA,NA,NA,"fev","bostonstorydelay",0.023,0.003,0.008,-7287.681,14657.363,14856.992,14726.777,14661.1064782609
"b1","0.1",NA,NA,NA,"radc","03/03/2015"," 3:50 PM",TRUE,"female","aehplus","pulmonary",0.109,0.008,0,0.001,0.027,0.005,"memory",1.154,0.133,0.052,0.019,1.99,0.073,0.024,-0.002,-0.009,0.219,0.426,0.127,962,5,NA,41,NA,"Mplus VERSION 7.3","b1_female_aehplus_pulmonary_memory_fev_bostonstoryimmediate.out","??",NA,NA,NA,"fev","bostonstoryimmediate",0.02,0.002,0.006,-6885.04,13852.08,14051.71,13921.495,13855.8234782609
"b1","0.1",NA,NA,NA,"radc","03/03/2015"," 3:40 PM",TRUE,"female","aehplus","pulmonary",0.109,0.008,0,0.001,0.027,0.005,"memory",11.047,0.669,0.264,0.061,5.849,0.217,0.026,-0.005,-0.008,0.608,0.257,0.56,962,5,NA,41,NA,"Mplus VERSION 7.3","b1_female_aehplus_pulmonary_memory_fev_logicalmemorydelay.out","??",NA,NA,NA,"fev","logicalmemorydelay",0.051,0.005,0.013,-9218.093,18518.185,18717.815,18587.6,18521.9284782609
"b1","0.1",NA,NA,NA,"radc","03/03/2015"," 4:32 PM",TRUE,"female","aehplus","pulmonary",0.109,0.008,0,0.001,0.027,0.005,"memory",9.881,0.631,0.222,0.058,5.87,0.216,0.054,-0.003,-0.008,0.269,0.591,0.436,962,5,NA,41,NA,"Mplus VERSION 7.3","b1_female_aehplus_pulmonary_memory_fev_logicalmemoryimmed.out","??",NA,NA,NA,"fev","logicalmemoryimmed",0.049,0.005,0.011,-9147.618,18377.235,18576.865,18446.65,18380.9784782609
"b1","0.1",NA,NA,NA,"radc","03/03/2015"," 4:36 PM",TRUE,"female","aehplus","pulmonary",0.109,0.008,0,0.001,0.027,0.005,"memory",2.776,0.191,0.054,0.018,1.753,0.077,0.024,-0.001,0,0.34,0.719,0.979,962,5,NA,41,NA,"Mplus VERSION 7.3","b1_female_aehplus_pulmonary_memory_fev_wordlistdelay.out","??",NA,NA,NA,"fev","wordlistdelay",0.025,0.002,0.006,-7011.544,14105.089,14304.718,14174.503,14108.8324782609
"b1","0.1",NA,NA,NA,"radc","03/03/2015"," 4:33 PM",TRUE,"female","aehplus","pulmonary",0.108,0.008,0.001,0.001,0.027,0.005,"memory",9.842,0.656,0.348,0.078,5.87,0.201,0.124,-0.009,0.017,0.007,0.126,0.233,962,5,NA,41,NA,"Mplus VERSION 7.3","b1_female_aehplus_pulmonary_memory_fev_wordlistimmed.out","??",NA,NA,NA,"fev","wordlistimmed",0.046,0.006,0.014,-9179.705,18441.41,18641.039,18510.824,18445.1534782609
"b1","0.1",NA,NA,NA,"radc","03/03/2015"," 4:37 PM",TRUE,"female","aehplus","pulmonary",0.11,0.007,0.001,0.001,0.026,0.004,"memory",0.729,0.163,0.004,0.01,0.338,0.061,0.014,0.001,0,0.379,0.673,0.973,962,5,NA,41,NA,"Mplus VERSION 7.3","b1_female_aehplus_pulmonary_memory_fev_wordlistrecog.out","??",NA,NA,NA,"fev","wordlistrecog",0.016,0.002,0.003,-4192.999,8467.999,8667.628,8537.413,8471.74247826087
"b1","0.1",NA,NA,NA,"radc","03/03/2015"," 4:27 PM",TRUE,"female","aehplus","pulmonary",0.109,0.008,0,0.001,0.027,0.005,"reasoning",3.041,0.282,0.021,0.031,3.345,0.2,0.108,0.002,-0.014,0,0.372,0.095,945,5,NA,41,NA,"Mplus VERSION 7.3","b1_female_aehplus_pulmonary_reasoning_fev_matrices.out","??",NA,NA,"radcMAP_wide.dat","fev","matrices",0.028,0.002,0.009,-7222.182,14526.363,14725.262,14595.048,14530.1769534884
"b1","0.1",NA,NA,NA,"radc","03/03/2015"," 4:30 PM",TRUE,"female","aehplus","pulmonary",0.109,0.008,0,0.001,0.027,0.005,"speed",66.754,4.623,1.015,0.316,23.408,1.339,0.453,-0.004,0.01,0,0.581,0.735,961,5,NA,41,NA,"Mplus VERSION 7.3","b1_female_aehplus_pulmonary_speed_fev_digitsymbol.out","??",NA,NA,"radcMAP_wide.dat","fev","digitsymbol",0.113,0.008,0.029,-11596.607,23275.214,23474.801,23344.586,23278.9615516866
"b1","0.1",NA,NA,NA,"radc","03/03/2015"," 4:26 PM",TRUE,"female","aehplus","pulmonary",0.109,0.008,0,0.001,0.027,0.005,"speed",33.064,2.104,0.355,0.148,14.913,0.801,0.263,-0.004,-0.001,0.001,0.534,0.956,961,5,NA,41,NA,"Mplus VERSION 7.3","b1_female_aehplus_pulmonary_speed_fev_numbercomparison.out","??",NA,NA,NA,"fev","numbercomparison",0.079,0.006,0.017,-10675.395,21432.79,21632.377,21502.162,21436.5375516866
"b1","0.1",NA,NA,NA,"radc","03/03/2015"," 4:21 PM",TRUE,"female","aehplus","pulmonary",0.109,0.008,0,0.001,0.026,0.005,"visuospatial",4.493,0.342,0.025,0.033,3.809,0.162,0.085,0,-0.013,0.012,0.968,0.078,961,5,NA,41,NA,"Mplus VERSION 7.3","b1_female_aehplus_pulmonary_visuospatial_fev_lineorientation.out","??",NA,NA,"radcMAP_wide.dat","fev","lineorientation",0.034,0.003,0.007,-8080.826,16243.651,16443.238,16313.023,16247.3985516866
"b1","0.1",NA,NA,NA,"radc","02/25/2015"," 8:25 AM",TRUE,"female","age","muscle",117.544,5.222,0.869,0.282,23.442,1.015,"executive",2.749,0.127,0.02,0.01,1.683,0.049,1.802,-0.049,0.467,0.002,0.177,0,1951,5,NA,21,NA,"Mplus VERSION 7.3","b1_female_age_muscle_executive.out","??",NA,NA,"radc_wide.dat",NA,NA,0.593,0.036,0.128,-30921.015,61884.03,62001.128,61934.41,61884.5090046656
"b1","0.1",NA,NA,NA,"radc","02/25/2015"," 8:18 AM",TRUE,"female","age","muscle",117.553,5.225,0.861,0.281,23.444,1.015,"knowledge",4.367,0.217,0.01,0.007,0.704,0.035,2.323,0.021,0.008,0.003,0.403,0.931,1946,5,NA,21,NA,"Mplus VERSION 7.3","b1_female_age_muscle_knowledge.out","??",NA,NA,"radc_wide.dat",NA,NA,0.769,0.025,0.087,-26527.496,53096.993,53214.037,53147.319,53097.4732494803
"b1","0.1",NA,NA,NA,"radc","02/25/2015"," 8:20 AM",TRUE,"female","age","muscle",117.495,5.225,0.886,0.282,23.406,1.014,"reasoning",5.175,0.237,0.053,0.025,3.513,0.141,2.804,0.114,-0.08,0,0.039,0.695,1930,5,NA,21,NA,"Mplus VERSION 7.3","b1_female_age_muscle_reasoning.out","??",NA,NA,"radc_wide.dat",NA,NA,0.794,0.055,0.204,-32545.684,65133.367,65250.238,65183.52,65133.8512767296
"b1","0.1",NA,NA,NA,"radc","02/25/2015"," 8:22 AM",TRUE,"female","age","muscle",117.527,5.222,0.852,0.28,23.464,1.026,"speed",6.14,0.291,0.049,0.024,3.927,0.122,2.794,0.016,0.238,0.002,0.794,0.209,1950,5,NA,21,NA,"Mplus VERSION 7.3","b1_female_age_muscle_speed.out","??",NA,NA,"radc_wide.dat",NA,NA,0.899,0.062,0.189,-33589.966,67221.932,67339.02,67272.302,67222.411253112
"b1","0.1",NA,NA,NA,"radc","02/25/2015"," 8:24 AM",TRUE,"female","age","muscle",117.527,5.222,0.852,0.28,23.464,1.026,"visuospatial",6.14,0.291,0.049,0.024,3.927,0.122,2.794,0.016,0.238,0.002,0.794,0.209,1950,5,NA,21,NA,"Mplus VERSION 7.3","b1_female_age_muscle_visuospatial.out","??",NA,NA,"radc_wide.dat",NA,NA,0.899,0.062,0.189,-33589.966,67221.932,67339.02,67272.302,67222.411253112
"b1","0.1",NA,NA,NA,"radc","02/24/2015","11:56 PM",TRUE,"female","age","pulmonary",0.135,0.008,0.001,0.001,0.026,0.004,"executive",2.762,0.127,0.023,0.01,1.675,0.049,0.159,0.002,-0.009,0,0.194,0.138,1950,5,NA,21,NA,"Mplus VERSION 7.3","b1_female_age_pulmonary_executive.out","??",NA,NA,"radc_wide.dat",NA,NA,0.028,0.002,0.006,-14052.847,28147.694,28264.781,28198.064,28148.173253112
"b1","0.1",NA,NA,NA,"radc","02/24/2015","11:45 PM",TRUE,"female","age","pulmonary",0.133,0.008,0,0.001,0.027,0.005,"knowledge",4.368,0.217,0.01,0.007,0.704,0.035,0.187,0,0,0,0.629,0.964,1516,5,NA,21,NA,"Mplus VERSION 7.3","b1_female_age_pulmonary_knowledge.out","??",NA,NA,"radc_wide.dat",NA,NA,0.029,0.001,0.004,-9634.262,19310.524,19422.324,19355.613,19311.1424738956
"b1","0.1",NA,NA,NA,"radc","02/24/2015","11:50 PM",TRUE,"female","age","pulmonary",0.134,0.009,0,0.001,0.027,0.005,"reasoning",5.173,0.237,0.05,0.025,3.513,0.141,0.263,0.003,-0.014,0,0.327,0.113,1927,5,NA,21,NA,"Mplus VERSION 7.3","b1_female_age_pulmonary_reasoning.out","??",NA,NA,"radc_wide.dat",NA,NA,0.04,0.003,0.009,-15648.528,31339.056,31455.894,31389.176,31339.5410393701
"b1","0.1",NA,NA,NA,"radc","02/24/2015","11:53 PM",TRUE,"female","age","pulmonary",0.134,0.009,0,0.001,0.027,0.005,"speed",6.146,0.291,0.049,0.024,3.924,0.122,0.216,0,-0.013,0,0.916,0.078,1947,5,NA,21,NA,"Mplus VERSION 7.3","b1_female_age_pulmonary_speed.out","??",NA,NA,"radc_wide.dat",NA,NA,0.045,0.003,0.008,-16703.467,33448.934,33565.989,33499.271,33449.414
"b1","0.1",NA,NA,NA,"radc","02/24/2015","11:42 PM",TRUE,"female","age","pulmonary",0.134,0.009,0,0.001,0.027,0.005,"visuospatial",6.146,0.291,0.049,0.024,3.924,0.122,0.216,0,-0.013,0,0.916,0.078,1947,5,NA,21,NA,"Mplus VERSION 7.3","b1_female_age_pulmonary_visuospatial.out","??",NA,NA,"radc_wide.dat",NA,NA,0.045,0.003,0.008,-16703.467,33448.934,33565.989,33499.271,33449.414
"b1","0.1",NA,NA,NA,"radc","03/03/2015"," 9:30 AM",TRUE,"male","aeh","muscle",225.469,25.057,3.804,1.588,33.806,3.232,"attention",2.062,0.246,0.015,0.023,1.538,0.104,1.81,0.013,0.253,0.266,0.886,0.478,335,5,NA,29,NA,"Mplus VERSION 7.3","b1_male_aeh_muscle_attention_grip_digitsforward.out","??",NA,NA,NA,"grip","digitsforward",1.629,0.093,0.356,-5510.522,11079.044,11189.653,11097.663,11084.7489180328
"b1","0.1",NA,NA,NA,"radc","03/03/2015","10:00 AM",TRUE,"male","aeh","muscle",224.944,25.006,3.818,1.597,33.82,3.217,"executive",53.496,5.53,0.454,0.345,20.706,1.336,6.944,0.17,0.483,0.365,0.667,0.712,335,5,NA,29,NA,"Mplus VERSION 7.3","b1_male_aeh_muscle_executive_grip_categoryfluency.out","??",NA,NA,NA,"grip","categoryfluency",7.67,0.395,1.307,-7140.951,14339.903,14450.513,14358.522,14345.6079180328
"b1","0.1",NA,NA,NA,"radc","03/03/2015"," 9:44 AM",TRUE,"male","aeh","muscle",224.933,25.022,3.926,1.864,33.694,3.203,"global",6.724,2.686,0.198,0.12,2.04,0.194,5.613,0.042,0.536,0.014,0.895,0.278,335,5,NA,29,NA,"Mplus VERSION 7.3","b1_male_aeh_muscle_global_grip_mmse.out","??",NA,NA,NA,"grip","mmse",2.294,0.319,0.494,-5785.194,11628.389,11738.998,11647.008,11634.0939180328
"b1","0.1",NA,NA,NA,"radc","03/03/2015"," 9:50 AM",TRUE,"male","aeh","muscle",225.41,25.022,3.773,1.579,33.903,3.241,"knowledge",3.557,0.369,0.007,0.01,0.771,0.094,2.262,0.059,-0.072,0.195,0.373,0.79,335,5,NA,29,NA,"Mplus VERSION 7.3","b1_male_aeh_muscle_knowledge_grip_nart.out","??",NA,NA,"radcMAP_wide.dat","grip","nart",1.747,0.066,0.271,-5244.819,10547.637,10658.247,10566.256,10553.3419180328
"b1","0.1",NA,NA,NA,"radc","03/03/2015"," 9:15 AM",TRUE,"male","aeh","muscle",225.683,25.055,3.873,1.659,33.726,3.193,"language",1.704,0.686,0.014,0.013,0.379,0.035,4.303,-0.008,-0.018,0.001,0.935,0.918,335,5,NA,29,NA,"Mplus VERSION 7.3","b1_male_aeh_muscle_language_grip_bnt.out","??",NA,NA,NA,"grip","bnt",1.27,0.095,0.176,-4835.424,9728.848,9839.458,9747.467,9734.55291803279
"b1","0.1",NA,NA,NA,"radc","03/03/2015"," 9:40 AM",TRUE,"male","aeh","muscle",225.923,25.047,3.77,1.545,33.879,3.238,"language",0.214,0.158,0.026,0.023,0.226,0.063,1.097,0.066,-0.026,0.036,0.282,0.82,335,5,NA,29,NA,"Mplus VERSION 7.3","b1_male_aeh_muscle_language_grip_complexideas.out","??",NA,NA,NA,"grip","complexideas",0.522,0.062,0.114,-4304.553,8667.106,8777.716,8685.725,8672.81091803279
"b1","0.1",NA,NA,NA,"radc","03/03/2015"," 9:37 AM",TRUE,"male","aeh","muscle",225.728,25.092,3.857,1.613,33.755,3.221,"memory",2.551,0.567,0.015,0.05,2.841,0.247,3.194,-0.094,0.304,0.099,0.532,0.52,335,5,NA,29,NA,"Mplus VERSION 7.3","b1_male_aeh_muscle_memory_grip_bostonstorydelay.out","??",NA,NA,NA,"grip","bostonstorydelay",1.937,0.151,0.472,-5791.513,11641.026,11751.636,11659.645,11646.7309180328
"b1","0.1",NA,NA,NA,"radc","03/03/2015"," 9:38 AM",TRUE,"male","aeh","muscle",0.293,0.029,0.003,0.002,0.045,0.006,"memory",1.556,0.331,0.033,0.035,2.112,0.136,0.031,0.007,-0.021,0.632,0.099,0.145,335,5,NA,29,NA,"Mplus VERSION 7.3","b1_male_aeh_muscle_memory_grip_bostonstoryimmediate.out","??",NA,NA,NA,"grip","bostonstoryimmediate",0.065,0.004,0.015,-2622.189,5302.378,5412.988,5320.997,5308.08291803279
"b1","0.1",NA,NA,NA,"radc","03/03/2015"," 9:27 AM",TRUE,"male","aeh","muscle",224.792,24.973,3.867,1.623,33.819,3.243,"memory",11.393,1.139,0.329,0.109,5.594,0.376,-2.517,-0.285,0.972,0.543,0.199,0.132,335,5,NA,29,NA,"Mplus VERSION 7.3","b1_male_aeh_muscle_memory_grip_logicalmemorydelay.out","??",NA,NA,NA,"grip","logicalmemorydelay",4.141,0.222,0.646,-6341.328,12740.656,12851.265,12759.275,12746.3609180328
"b1","0.1",NA,NA,NA,"radc","03/03/2015"," 9:21 AM",TRUE,"male","aeh","muscle",225.107,24.921,3.96,1.474,33.656,3.165,"memory",9.334,0.972,0.101,0.033,6.404,0.347,-4.365,-0.462,0.651,0.241,0.001,0.323,335,5,NA,29,NA,"Mplus VERSION 7.3","b1_male_aeh_muscle_memory_grip_logicalmemoryimmed.out","??",NA,NA,NA,"grip","logicalmemoryimmed",3.724,0.142,0.66,-6358.802,12775.604,12886.214,12794.223,12781.3089180328
"b1","0.1",NA,NA,NA,"radc","03/03/2015"," 9:53 AM",TRUE,"male","aeh","muscle",225.355,25.052,3.818,1.594,33.813,3.236,"memory",2.556,0.308,0.019,0.023,1.731,0.121,0.484,0.005,-0.217,0.791,0.971,0.536,335,5,NA,29,NA,"Mplus VERSION 7.3","b1_male_aeh_muscle_memory_grip_wordlistdelay.out","??",NA,NA,NA,"grip","wordlistdelay",1.828,0.127,0.35,-5587.058,11232.116,11342.725,11250.734,11237.8209180328
"b1","0.1",NA,NA,NA,"radc","03/03/2015"," 9:54 AM",TRUE,"male","aeh","muscle",225.54,25.111,3.822,1.584,33.801,3.206,"memory",7.558,1.107,0.037,0.069,6.284,0.354,3.253,-0.047,0.643,0.32,0.823,0.428,335,5,NA,29,NA,"Mplus VERSION 7.3","b1_male_aeh_muscle_memory_grip_wordlistimmed.out","??",NA,NA,NA,"grip","wordlistimmed",3.268,0.208,0.811,-6309.3,12676.6,12787.21,12695.219,12682.3049180328
"b1","0.1",NA,NA,NA,"radc","03/03/2015"," 9:56 AM",TRUE,"male","aeh","muscle",0.292,0.029,0.003,0.002,0.045,0.006,"memory",1.418,0.381,0.045,0.027,0.468,0.083,-0.019,-0.005,0.008,0.639,0.215,0.255,335,5,NA,29,NA,"Mplus VERSION 7.3","b1_male_aeh_muscle_memory_grip_wordlistrecog.out","??",NA,NA,NA,"grip","wordlistrecog",0.04,0.004,0.007,-1932.083,3922.167,4032.776,3940.785,3927.87191803279
"b1","0.1",NA,NA,NA,"radc","03/03/2015"," 9:48 AM",TRUE,"male","aeh","muscle",225.253,25.042,3.932,1.563,33.717,3.2,"reasoning",3.463,0.54,0.051,0.033,3.295,0.353,3.714,0.303,-0.048,0.095,0.024,0.938,317,5,NA,29,NA,"Mplus VERSION 7.3","b1_male_aeh_muscle_reasoning_grip_matrices.out","??",NA,NA,"radcMAP_wide.dat","grip","matrices",2.223,0.134,0.615,-5659.832,11377.664,11486.672,11394.691,11383.72671777
"b1","0.1",NA,NA,NA,"radc","03/03/2015"," 9:51 AM",TRUE,"male","aeh","muscle",225.603,25.124,3.975,1.637,33.672,3.227,"speed",75.902,8.158,0.635,0.442,21.418,1.684,19.241,0.459,1.083,0.043,0.391,0.396,335,5,NA,29,NA,"Mplus VERSION 7.3","b1_male_aeh_muscle_speed_grip_digitsymbol.out","??",NA,NA,"radcMAP_wide.dat","grip","digitsymbol",9.525,0.535,1.277,-7157.852,14373.704,14484.314,14392.323,14379.4089180328
"b1","0.1",NA,NA,NA,"radc","03/03/2015"," 9:46 AM",TRUE,"male","aeh","muscle",225.932,25.053,3.882,1.655,33.762,3.246,"speed",38.258,3.608,0.466,0.268,13.81,1.437,5.159,-0.057,-0.105,0.381,0.874,0.917,335,5,NA,29,NA,"Mplus VERSION 7.3","b1_male_aeh_muscle_speed_grip_numbercomparison.out","??",NA,NA,NA,"grip","numbercomparison",5.884,0.361,1.007,-6876.952,13811.905,13922.515,13830.524,13817.6099180328
"b1","0.1",NA,NA,NA,"radc","03/03/2015"," 9:42 AM",TRUE,"male","aeh","muscle",225.744,25.055,3.759,1.524,33.852,3.239,"visuospatial",5.041,0.616,0.054,0.041,3.356,0.324,3.045,-0.015,-0.221,0.175,0.923,0.69,335,5,NA,29,NA,"Mplus VERSION 7.3","b1_male_aeh_muscle_visuospatial_grip_lineorientation.out","??",NA,NA,"radcMAP_wide.dat","grip","lineorientation",2.245,0.159,0.554,-5932.774,11923.548,12034.157,11942.166,11929.2529180328
"b1","0.1",NA,NA,NA,"radc","03/03/2015","10:09 AM",TRUE,"male","aeh","pulmonary",0.291,0.029,0.002,0.001,0.045,0.006,"attention",2.057,0.246,0.016,0.023,1.54,0.104,0.023,0.005,-0.006,0.678,0.175,0.64,335,5,NA,29,NA,"Mplus VERSION 7.3","b1_male_aeh_pulmonary_attention_fev_digitsforward.out","??",NA,NA,NA,"fev","digitsforward",0.055,0.003,0.013,-2532.688,5123.376,5233.986,5141.995,5129.08091803279
"b1","0.1",NA,NA,NA,"radc","03/03/2015","10:12 AM",TRUE,"male","aeh","pulmonary",0.291,0.029,0.002,0.002,0.045,0.006,"executive",1.303,0.256,0.009,0.024,1.327,0.103,-0.026,0.001,-0.006,0.599,0.822,0.696,335,5,NA,29,NA,"Mplus VERSION 7.3","b1_male_aeh_pulmonary_executive_fev_digitordering.out","??",NA,NA,NA,"fev","digitordering",0.049,0.004,0.015,-2374.942,4807.885,4918.495,4826.504,4813.58991803279
"b1","0.1",NA,NA,NA,"radc","03/03/2015","10:06 AM",TRUE,"male","aeh","pulmonary",0.291,0.029,0.002,0.002,0.045,0.006,"executive",2.156,0.242,0.038,0.024,1.563,0.098,0.061,-0.001,-0.004,0.308,0.794,0.741,335,5,NA,29,NA,"Mplus VERSION 7.3","b1_male_aeh_pulmonary_executive_fev_digitsback.out","??",NA,NA,"radcMAP_wide.dat","fev","digitsback",0.06,0.004,0.012,-2556.316,5170.632,5281.242,5189.251,5176.33691803279
"b1","0.1",NA,NA,NA,"radc","03/03/2015","10:22 AM",TRUE,"male","aeh","pulmonary",0.291,0.029,0.003,0.002,0.045,0.006,"global",6.724,2.688,0.201,0.118,2.042,0.196,0.002,-0.008,0.01,0.979,0.326,0.531,335,5,NA,29,NA,"Mplus VERSION 7.3","b1_male_aeh_pulmonary_global_fev_mmse.out","??",NA,NA,NA,"fev","mmse",0.072,0.008,0.016,-2812.67,5683.34,5793.95,5701.959,5689.04491803279
"b1","0.1",NA,NA,NA,"radc","03/03/2015","10:28 AM",TRUE,"male","aeh","pulmonary",0.291,0.029,0.002,0.002,0.045,0.006,"knowledge",3.554,0.373,0.007,0.014,0.771,0.1,0.081,-0.001,-0.001,0.156,0.738,0.888,335,5,NA,29,NA,"Mplus VERSION 7.3","b1_male_aeh_pulmonary_knowledge_fev_nart.out","??",NA,NA,"radcMAP_wide.dat","fev","nart",0.057,0.003,0.01,-2265.829,4589.659,4700.269,4608.278,4595.36391803279
"b1","0.1",NA,NA,NA,"radc","03/03/2015"," 9:59 AM",TRUE,"male","aeh","pulmonary",0.291,0.029,0.002,0.002,0.045,0.006,"language",1.705,0.685,0.013,0.012,0.379,0.035,0.028,-0.002,-0.007,0.52,0.345,0.381,335,5,NA,29,NA,"Mplus VERSION 7.3","b1_male_aeh_pulmonary_language_fev_bnt.out","??",NA,NA,NA,"fev","bnt",0.044,0.003,0.008,-1859.289,3776.578,3887.188,3795.197,3782.28291803279
"b1","0.1",NA,NA,NA,"radc","03/03/2015","10:19 AM",TRUE,"male","aeh","pulmonary",0.291,0.029,0.002,0.002,0.045,0.006,"language",0.215,0.158,0.027,0.024,0.226,0.063,-0.011,-0.002,0.003,0.591,0.208,0.584,335,5,NA,29,NA,"Mplus VERSION 7.3","b1_male_aeh_pulmonary_language_fev_complexideas.out","??",NA,NA,NA,"fev","complexideas",0.02,0.002,0.006,-1328.704,2715.408,2826.018,2734.027,2721.11291803279
"b1","0.1",NA,NA,NA,"radc","03/03/2015","10:15 AM",TRUE,"male","aeh","pulmonary",0.292,0.029,0.003,0.002,0.045,0.006,"memory",2.549,0.593,0.017,0.076,2.839,0.251,0.024,0.005,-0.018,0.757,0.354,0.261,335,5,NA,29,NA,"Mplus VERSION 7.3","b1_male_aeh_pulmonary_memory_fev_bostonstorydelay.out","??",NA,NA,NA,"fev","bostonstorydelay",0.076,0.005,0.016,-2816.091,5690.182,5800.792,5708.801,5695.88691803279
"b1","0.1",NA,NA,NA,"radc","03/03/2015","10:17 AM",TRUE,"male","aeh","pulmonary",0.293,0.029,0.003,0.002,0.045,0.006,"memory",1.556,0.331,0.033,0.035,2.112,0.136,0.031,0.007,-0.021,0.632,0.099,0.145,335,5,NA,29,NA,"Mplus VERSION 7.3","b1_male_aeh_pulmonary_memory_fev_bostonstoryimmediate.out","??",NA,NA,NA,"fev","bostonstoryimmediate",0.065,0.004,0.015,-2622.189,5302.378,5412.988,5320.997,5308.08291803279
"b1","0.1",NA,NA,NA,"radc","03/03/2015","10:07 AM",TRUE,"male","aeh","pulmonary",0.292,0.029,0.002,0.002,0.045,0.006,"memory",11.391,1.133,0.341,0.112,5.587,0.376,0.131,-0.005,-0.01,0.32,0.531,0.676,335,5,NA,29,NA,"Mplus VERSION 7.3","b1_male_aeh_pulmonary_memory_fev_logicalmemorydelay.out","??",NA,NA,NA,"fev","logicalmemorydelay",0.132,0.008,0.023,-3367.066,6792.132,6902.742,6810.751,6797.83691803279
"b1","0.1",NA,NA,NA,"radc","03/03/2015","10:30 AM",TRUE,"male","aeh","pulmonary",0.291,0.029,0.002,0.002,0.045,0.006,"memory",9.34,1.047,0.106,0.096,6.403,0.386,0.041,-0.006,-0.005,0.748,0.357,0.844,335,5,NA,29,NA,"Mplus VERSION 7.3","b1_male_aeh_pulmonary_memory_fev_logicalmemoryimmed.out","??",NA,NA,NA,"fev","logicalmemoryimmed",0.128,0.007,0.025,-3384.774,6827.547,6938.157,6846.166,6833.25191803279
"b1","0.1",NA,NA,NA,"radc","03/03/2015","10:34 AM",TRUE,"male","aeh","pulmonary",0.291,0.029,0.002,0.002,0.045,0.006,"memory",2.548,0.31,0.017,0.024,1.735,0.122,0.028,0,0.003,0.68,0.937,0.814,335,5,NA,29,NA,"Mplus VERSION 7.3","b1_male_aeh_pulmonary_memory_fev_wordlistdelay.out","??",NA,NA,NA,"fev","wordlistdelay",0.068,0.004,0.013,-2612.875,5283.75,5394.359,5302.368,5289.45491803279
"b1","0.1",NA,NA,NA,"radc","03/03/2015","10:32 AM",TRUE,"male","aeh","pulmonary",0.292,0.029,0.002,0.002,0.045,0.006,"memory",7.524,1.096,0.036,0.07,6.297,0.355,0.058,-0.004,0.052,0.601,0.543,0.038,335,5,NA,29,NA,"Mplus VERSION 7.3","b1_male_aeh_pulmonary_memory_fev_wordlistimmed.out","??",NA,NA,NA,"fev","wordlistimmed",0.11,0.007,0.025,-3332.914,6723.828,6834.437,6742.446,6729.53291803279
"b1","0.1",NA,NA,NA,"radc","03/03/2015","10:35 AM",TRUE,"male","aeh","pulmonary",0.292,0.029,0.003,0.002,0.045,0.006,"memory",1.418,0.381,0.045,0.027,0.468,0.083,-0.019,-0.005,0.008,0.639,0.215,0.255,335,5,NA,29,NA,"Mplus VERSION 7.3","b1_male_aeh_pulmonary_memory_fev_wordlistrecog.out","??",NA,NA,NA,"fev","wordlistrecog",0.04,0.004,0.007,-1932.083,3922.167,4032.776,3940.785,3927.87191803279
"b1","0.1",NA,NA,NA,"radc","03/03/2015","10:25 AM",TRUE,"male","aeh","pulmonary",0.291,0.029,0.002,0.002,0.045,0.006,"reasoning",3.462,0.566,0.053,0.054,3.297,0.363,0.139,0.003,-0.003,0.062,0.647,0.867,317,5,NA,29,NA,"Mplus VERSION 7.3","b1_male_aeh_pulmonary_reasoning_fev_matrices.out","??",NA,NA,"radcMAP_wide.dat","fev","matrices",0.074,0.006,0.018,-2682.899,5423.798,5532.806,5440.825,5429.86071777003
"b1","0.1",NA,NA,NA,"radc","03/03/2015","10:29 AM",TRUE,"male","aeh","pulmonary",0.291,0.029,0.002,0.002,0.045,0.006,"speed",5.039,0.615,0.056,0.042,3.355,0.325,0.188,0.002,0.004,0.033,0.651,0.816,335,5,NA,29,NA,"Mplus VERSION 7.3","b1_male_aeh_pulmonary_speed_fev_digitsymbol.out","??",NA,NA,"radcMAP_wide.dat","fev","digitsymbol",0.088,0.005,0.017,-2950.239,5958.477,6069.087,5977.096,5964.18191803279
"b1","0.1",NA,NA,NA,"radc","03/03/2015","10:24 AM",TRUE,"male","aeh","pulmonary",0.292,0.029,0.002,0.002,0.045,0.006,"speed",38.157,3.605,0.435,0.267,13.884,1.478,0.077,-0.013,0,0.721,0.332,0.993,335,5,NA,29,NA,"Mplus VERSION 7.3","b1_male_aeh_pulmonary_speed_fev_numbercomparison.out","??",NA,NA,NA,"fev","numbercomparison",0.215,0.014,0.036,-3897.451,7852.903,7963.512,7871.521,7858.60791803279
"b1","0.1",NA,NA,NA,"radc","03/03/2015","10:20 AM",TRUE,"male","aeh","pulmonary",0.291,0.029,0.002,0.002,0.045,0.006,"visuospatial",5.039,0.615,0.056,0.042,3.355,0.325,0.188,0.002,0.004,0.033,0.651,0.816,335,5,NA,29,NA,"Mplus VERSION 7.3","b1_male_aeh_pulmonary_visuospatial_fev_lineorientation.out","??",NA,NA,"radcMAP_wide.dat","fev","lineorientation",0.088,0.005,0.017,-2950.239,5958.477,6069.087,5977.096,5964.18191803279
"b1","0.1",NA,NA,NA,"radc","03/03/2015"," 6:21 PM",TRUE,"male","aehplus","muscle",216.119,24.185,3.485,1.521,33.458,3.2,"attention",2.038,0.245,0.016,0.022,1.529,0.104,1.611,-0.004,0.219,0.306,0.965,0.532,334,5,NA,41,NA,"Mplus VERSION 7.3","b1_male_aehplus_muscle_attention_grip_digitsforward.out","??",NA,NA,NA,"grip","digitsforward",1.574,0.094,0.351,-5473.628,11029.257,11185.514,11055.458,11041.0515205479
"b1","0.1",NA,NA,NA,"radc","03/03/2015"," 6:27 PM",TRUE,"male","aehplus","muscle",215.496,24.108,3.473,1.517,33.513,3.193,"executive",53.001,5.492,0.395,0.346,20.743,1.347,7.624,0.243,0.307,0.315,0.536,0.812,334,5,NA,41,NA,"Mplus VERSION 7.3","b1_male_aehplus_muscle_executive_grip_categoryfluency.out","??",NA,NA,NA,"grip","categoryfluency",7.586,0.393,1.288,-7097.433,14276.865,14433.122,14303.067,14288.6595205479
"b1","0.1",NA,NA,NA,"radc","03/03/2015"," 6:32 PM",TRUE,"male","aehplus","muscle",215.725,24.132,3.485,1.544,33.466,3.214,"executive",1.303,0.257,0.009,0.025,1.33,0.103,1.936,0.016,-0.091,0.219,0.874,0.767,334,5,NA,41,NA,"Mplus VERSION 7.3","b1_male_aehplus_muscle_executive_grip_digitordering.out","??",NA,NA,NA,"grip","digitordering",1.575,0.098,0.307,-5320.203,10722.405,10878.662,10748.606,10734.1995205479
"b1","0.1",NA,NA,NA,"radc","03/03/2015"," 6:18 PM",TRUE,"male","aehplus","muscle",215.191,24.089,3.344,1.482,33.661,3.207,"executive",2.169,0.243,0.039,0.024,1.563,0.098,0.19,0.085,1.125,0.92,0.431,0.001,334,5,NA,41,NA,"Mplus VERSION 7.3","b1_male_aehplus_muscle_executive_grip_digitsback.out","??",NA,NA,"radcMAP_wide.dat","grip","digitsback",1.896,0.108,0.342,-5496.169,11074.339,11230.595,11100.54,11086.1335205479
"b1","0.1",NA,NA,NA,"radc","03/03/2015"," 6:42 PM",TRUE,"male","aehplus","muscle",215.442,24.111,3.665,1.826,33.316,3.158,"global",6.707,2.649,0.181,0.119,2.036,0.195,5.994,0.057,0.466,0.012,0.853,0.334,334,5,NA,41,NA,"Mplus VERSION 7.3","b1_male_aehplus_muscle_global_grip_mmse.out","??",NA,NA,NA,"grip","mmse",2.387,0.309,0.482,-5743.036,11568.072,11724.329,11594.273,11579.8665205479
"b1","0.1",NA,NA,NA,"radc","03/03/2015"," 6:50 PM",TRUE,"male","aehplus","muscle",215.886,24.14,3.455,1.51,33.549,3.214,"knowledge",3.522,0.377,0.011,0.014,0.762,0.097,1.506,0.046,-0.041,0.369,0.513,0.879,334,5,NA,41,NA,"Mplus VERSION 7.3","b1_male_aehplus_muscle_knowledge_grip_nart.out","??",NA,NA,"radcMAP_wide.dat","grip","nart",1.676,0.071,0.271,-5205.789,10493.577,10649.834,10519.779,10505.3715205479
"b1","0.1",NA,NA,NA,"radc","03/03/2015"," 6:39 PM",TRUE,"male","aehplus","muscle",216.763,24.172,3.456,1.487,33.524,3.214,"language",0.213,0.155,0.025,0.022,0.222,0.062,1.18,0.076,-0.062,0.034,0.182,0.549,334,5,NA,41,NA,"Mplus VERSION 7.3","b1_male_aehplus_muscle_language_grip_complexideas.out","??",NA,NA,NA,"grip","complexideas",0.557,0.057,0.104,-4264.458,8610.916,8767.173,8637.118,8622.71052054794
"b1","0.1",NA,NA,NA,"radc","03/03/2015"," 6:35 PM",TRUE,"male","aehplus","muscle",216.425,24.208,3.53,1.534,33.41,3.193,"memory",2.54,0.554,0.016,0.045,2.827,0.247,3.116,-0.094,0.236,0.104,0.516,0.613,334,5,NA,41,NA,"Mplus VERSION 7.3","b1_male_aehplus_muscle_memory_grip_bostonstorydelay.out","??",NA,NA,NA,"grip","bostonstorydelay",1.918,0.145,0.467,-5752.038,11586.076,11742.332,11612.277,11597.8705205479
"b1","0.1",NA,NA,NA,"radc","03/03/2015"," 6:37 PM",FALSE,"male","aehplus","muscle",NA,NA,NA,NA,NA,NA,"memory",NA,NA,NA,NA,NA,NA,NA,NA,NA,NA,NA,NA,334,NA,NA,NA,NA,"Mplus VERSION 7.3","b1_male_aehplus_muscle_memory_grip_bostonstoryimmediate.out","??",NA,NA,NA,"grip","bostonstoryimmediate",NA,NA,NA,NA,NA,NA,NA,NA
"b1","0.1",NA,NA,NA,"radc","03/03/2015"," 6:25 PM",TRUE,"male","aehplus","muscle",215.492,24.092,3.522,1.548,33.508,3.226,"memory",11.165,1.128,0.316,0.11,5.613,0.378,-1.296,-0.23,0.954,0.762,0.296,0.143,334,5,NA,41,NA,"Mplus VERSION 7.3","b1_male_aehplus_muscle_memory_grip_logicalmemorydelay.out","??",NA,NA,NA,"grip","logicalmemorydelay",4.278,0.22,0.651,-6301.727,12685.453,12841.71,12711.655,12697.2475205479
"b1","0.1",NA,NA,NA,"radc","03/03/2015"," 6:59 PM",TRUE,"male","aehplus","muscle",216.005,24.156,3.47,1.521,33.504,3.219,"memory",2.511,0.295,0.016,0.021,1.736,0.119,1.203,0.035,-0.233,0.503,0.771,0.502,334,5,NA,41,NA,"Mplus VERSION 7.3","b1_male_aehplus_muscle_memory_grip_wordlistdelay.out","??",NA,NA,NA,"grip","wordlistdelay",1.798,0.122,0.347,-5551.872,11185.745,11342.001,11211.946,11197.5395205479
"b1","0.1",NA,NA,NA,"radc","03/03/2015"," 6:56 PM",TRUE,"male","aehplus","muscle",216.24,24.23,3.484,1.513,33.471,3.185,"memory",7.353,1.085,0.035,0.069,6.284,0.355,4.213,-0.057,0.759,0.198,0.779,0.34,334,5,NA,41,NA,"Mplus VERSION 7.3","b1_male_aehplus_muscle_memory_grip_wordlistimmed.out","??",NA,NA,NA,"grip","wordlistimmed",3.274,0.203,0.795,-6269.114,12620.227,12776.484,12646.429,12632.0215205479
"b1","0.1",NA,NA,NA,"radc","03/03/2015"," 7:01 PM",TRUE,"male","aehplus","muscle",216.416,24.181,3.514,1.536,33.509,3.213,"memory",1.367,0.356,0.041,0.024,0.472,0.085,1.978,0.002,-0.196,0.07,0.984,0.438,334,5,NA,41,NA,"Mplus VERSION 7.3","b1_male_aehplus_muscle_memory_grip_wordlistrecog.out","??",NA,NA,NA,"grip","wordlistrecog",1.093,0.085,0.253,-4874.022,9830.044,9986.3,9856.245,9841.83852054794
"b1","0.1",NA,NA,NA,"radc","03/03/2015"," 6:49 PM",TRUE,"male","aehplus","muscle",215.825,24.145,3.592,1.474,33.395,3.172,"reasoning",3.394,0.527,0.051,0.032,3.301,0.352,3.685,0.295,-0.109,0.083,0.024,0.858,316,5,NA,41,NA,"Mplus VERSION 7.3","b1_male_aehplus_muscle_reasoning_grip_matrices.out","??",NA,NA,"radcMAP_wide.dat","grip","matrices",2.126,0.13,0.61,-5622.893,11327.786,11481.771,11351.73,11340.3553430657
"b1","0.1",NA,NA,NA,"radc","03/03/2015"," 6:52 PM",TRUE,"male","aehplus","muscle",216.193,24.222,3.654,1.566,33.334,3.206,"speed",75.875,8.144,0.506,0.413,21.596,1.702,19.113,0.489,1.162,0.037,0.332,0.362,334,5,NA,41,NA,"Mplus VERSION 7.3","b1_male_aehplus_muscle_speed_grip_digitsymbol.out","??",NA,NA,"radcMAP_wide.dat","grip","digitsymbol",9.144,0.504,1.275,-7116.048,14314.096,14470.353,14340.297,14325.8905205479
"b1","0.1",NA,NA,NA,"radc","03/03/2015"," 6:47 PM",TRUE,"male","aehplus","muscle",216.442,24.167,3.535,1.572,33.432,3.224,"speed",37.603,3.631,0.371,0.263,13.979,1.456,6.134,-0.005,-0.139,0.293,0.989,0.891,334,5,NA,41,NA,"Mplus VERSION 7.3","b1_male_aehplus_muscle_speed_grip_numbercomparison.out","??",NA,NA,NA,"grip","numbercomparison",5.833,0.354,1.022,-6834.957,13751.914,13908.171,13778.116,13763.7085205479
"b1","0.1",NA,NA,NA,"radc","03/03/2015"," 6:40 PM",TRUE,"male","aehplus","muscle",216.255,24.164,3.433,1.463,33.528,3.217,"visuospatial",4.86,0.6,0.049,0.041,3.365,0.326,3.368,0.005,-0.293,0.118,0.975,0.595,334,5,NA,41,NA,"Mplus VERSION 7.3","b1_male_aehplus_muscle_visuospatial_grip_lineorientation.out","??",NA,NA,"radcMAP_wide.dat","grip","lineorientation",2.157,0.159,0.551,-5893.985,11869.97,12026.226,11896.171,11881.7645205479
"b1","0.1",NA,NA,NA,"radc","03/03/2015"," 3:20 PM",TRUE,"male","aehplus","pulmonary",0.27,0.026,0.002,0.001,0.045,0.006,"attention",2.032,0.244,0.017,0.023,1.531,0.104,0.032,0.003,-0.004,0.554,0.37,0.772,334,5,NA,41,NA,"Mplus VERSION 7.3","b1_male_aehplus_pulmonary_attention_fev_digitsforward.out","??",NA,NA,NA,"fev","digitsforward",0.053,0.003,0.012,-2505.732,5093.463,5249.72,5119.665,5105.25752054795
"b1","0.1",NA,NA,NA,"radc","03/03/2015"," 3:16 PM",TRUE,"male","aehplus","pulmonary",0.271,0.026,0.002,0.001,0.045,0.006,"executive",1.301,0.256,0.008,0.025,1.331,0.104,-0.023,0.001,-0.004,0.621,0.903,0.799,334,5,NA,41,NA,"Mplus VERSION 7.3","b1_male_aehplus_pulmonary_executive_fev_digitordering.out","??",NA,NA,NA,"fev","digitordering",0.047,0.004,0.014,-2353.036,4788.072,4944.329,4814.274,4799.86652054795
"b1","0.1",NA,NA,NA,"radc","03/03/2015"," 3:24 PM",TRUE,"male","aehplus","pulmonary",0.27,0.026,0.002,0.001,0.045,0.006,"executive",2.165,0.243,0.039,0.024,1.563,0.099,0.08,0,-0.003,0.162,0.908,0.81,334,5,NA,41,NA,"Mplus VERSION 7.3","b1_male_aehplus_pulmonary_executive_fev_digitsback.out","??",NA,NA,"radcMAP_wide.dat","fev","digitsback",0.057,0.004,0.012,-2533.362,5148.725,5304.981,5174.926,5160.51952054795
"b1","0.1",NA,NA,NA,"radc","03/03/2015"," 3:01 PM",TRUE,"male","aehplus","pulmonary",0.27,0.026,0.002,0.001,0.045,0.006,"global",6.708,2.653,0.186,0.117,2.04,0.197,-0.007,-0.008,0.011,0.934,0.29,0.486,334,5,NA,41,NA,"Mplus VERSION 7.3","b1_male_aehplus_pulmonary_global_fev_mmse.out","??",NA,NA,NA,"fev","mmse",0.087,0.008,0.016,-2780.549,5643.098,5799.355,5669.299,5654.89252054795
"b1","0.1",NA,NA,NA,"radc","03/03/2015"," 2:52 PM",TRUE,"male","aehplus","pulmonary",0.27,0.026,0.002,0.001,0.045,0.006,"knowledge",3.494,0.376,0.005,0.014,0.774,0.101,0.079,-0.001,-0.003,0.165,0.666,0.743,334,5,NA,41,NA,"Mplus VERSION 7.3","b1_male_aehplus_pulmonary_knowledge_fev_nart.out","??",NA,NA,"radcMAP_wide.dat","fev","nart",0.057,0.002,0.01,-2236.76,4555.519,4711.776,4581.72,4567.31352054795
"b1","0.1",NA,NA,NA,"radc","03/03/2015"," 3:29 PM",TRUE,"male","aehplus","pulmonary",0.27,0.026,0.002,0.002,0.045,0.006,"language",1.611,0.666,0.022,0.015,0.371,0.034,0.012,-0.004,-0.007,0.805,0.19,0.361,334,5,NA,41,NA,"Mplus VERSION 7.3","b1_male_aehplus_pulmonary_language_fev_bnt.out","??",NA,NA,NA,"fev","bnt",0.05,0.003,0.008,-1818.986,3719.972,3876.229,3746.173,3731.76652054795
"b1","0.1",NA,NA,NA,"radc","03/03/2015"," 3:08 PM",TRUE,"male","aehplus","pulmonary",0.271,0.026,0.002,0.001,0.045,0.006,"language",0.214,0.155,0.026,0.023,0.221,0.062,-0.019,-0.003,0.003,0.346,0.16,0.597,334,5,NA,41,NA,"Mplus VERSION 7.3","b1_male_aehplus_pulmonary_language_fev_complexideas.out","??",NA,NA,NA,"fev","complexideas",0.02,0.002,0.006,-1297.96,2677.92,2834.177,2704.122,2689.71452054795
"b1","0.1",NA,NA,NA,"radc","03/03/2015"," 3:13 PM",TRUE,"male","aehplus","pulmonary",0.272,0.026,0.002,0.001,0.044,0.006,"memory",2.537,0.589,0.018,0.079,2.828,0.251,0.014,0.004,-0.017,0.852,0.448,0.305,334,5,NA,41,NA,"Mplus VERSION 7.3","b1_male_aehplus_pulmonary_memory_fev_bostonstorydelay.out","??",NA,NA,NA,"fev","bostonstorydelay",0.075,0.005,0.016,-2786.255,5654.51,5810.766,5680.711,5666.30452054795
"b1","0.1",NA,NA,NA,"radc","03/03/2015"," 3:10 PM",TRUE,"male","aehplus","pulmonary",0.272,0.026,0.002,0.002,0.044,0.006,"memory",1.533,0.332,0.034,0.036,2.119,0.137,0.035,0.006,-0.02,0.579,0.118,0.181,334,5,NA,41,NA,"Mplus VERSION 7.3","b1_male_aehplus_pulmonary_memory_fev_bostonstoryimmediate.out","??",NA,NA,NA,"fev","bostonstoryimmediate",0.062,0.004,0.015,-2597.164,5276.328,5432.585,5302.53,5288.12252054795
"b1","0.1",NA,NA,NA,"radc","03/03/2015"," 3:22 PM",TRUE,"male","aehplus","pulmonary",0.271,0.026,0.002,0.001,0.045,0.006,"memory",11.175,1.124,0.33,0.112,5.607,0.378,0.152,-0.006,-0.008,0.23,0.406,0.723,334,5,NA,41,NA,"Mplus VERSION 7.3","b1_male_aehplus_pulmonary_memory_fev_logicalmemorydelay.out","??",NA,NA,NA,"fev","logicalmemorydelay",0.127,0.008,0.023,-3335.906,6753.812,6910.068,6780.013,6765.60652054795
"b1","0.1",NA,NA,NA,"radc","03/03/2015"," 2:46 PM",TRUE,"male","aehplus","pulmonary",0.27,0.026,0.002,0.001,0.045,0.006,"memory",9.279,1.05,0.081,0.094,6.435,0.389,0.062,-0.007,-0.005,0.612,0.308,0.835,334,5,NA,41,NA,"Mplus VERSION 7.3","b1_male_aehplus_pulmonary_memory_fev_logicalmemoryimmed.out","??",NA,NA,NA,"fev","logicalmemoryimmed",0.122,0.007,0.025,-3354.268,6790.536,6946.792,6816.737,6802.33052054795
"b1","0.1",NA,NA,NA,"radc","03/03/2015"," 2:33 PM",TRUE,"male","aehplus","pulmonary",0.27,0.026,0.002,0.001,0.045,0.006,"memory",2.503,0.3,0.015,0.024,1.74,0.122,0.029,0.001,0.004,0.657,0.901,0.78,334,5,NA,41,NA,"Mplus VERSION 7.3","b1_male_aehplus_pulmonary_memory_fev_wordlistdelay.out","??",NA,NA,NA,"fev","wordlistdelay",0.066,0.004,0.013,-2587.023,5256.045,5412.302,5282.247,5267.83952054795
"b1","0.1",NA,NA,NA,"radc","03/03/2015"," 2:37 PM",TRUE,"male","aehplus","pulmonary",0.271,0.026,0.002,0.001,0.045,0.006,"memory",7.319,1.076,0.037,0.072,6.297,0.359,0.07,-0.004,0.051,0.52,0.592,0.043,334,5,NA,41,NA,"Mplus VERSION 7.3","b1_male_aehplus_pulmonary_memory_fev_wordlistimmed.out","??",NA,NA,NA,"fev","wordlistimmed",0.109,0.007,0.025,-3303.021,6688.043,6844.3,6714.244,6699.83752054795
"b1","0.1",NA,NA,NA,"radc","03/03/2015"," 2:24 PM",TRUE,"male","aehplus","pulmonary",0.271,0.026,0.002,0.001,0.045,0.006,"memory",1.373,0.359,0.041,0.024,0.47,0.084,-0.024,-0.004,0.009,0.571,0.287,0.209,334,5,NA,41,NA,"Mplus VERSION 7.3","b1_male_aehplus_pulmonary_memory_fev_wordlistrecog.out","??",NA,NA,NA,"fev","wordlistrecog",0.043,0.003,0.008,-1904.8,3891.601,4047.857,3917.802,3903.39552054795
"b1","0.1",NA,NA,NA,"radc","03/03/2015"," 2:54 PM",TRUE,"male","aehplus","pulmonary",0.27,0.026,0.002,0.001,0.045,0.006,"reasoning",3.39,0.553,0.053,0.054,3.304,0.363,0.119,0.003,-0.002,0.092,0.575,0.909,316,5,NA,41,NA,"Mplus VERSION 7.3","b1_male_aehplus_pulmonary_reasoning_fev_matrices.out","??",NA,NA,"radcMAP_wide.dat","fev","matrices",0.07,0.005,0.018,-2655.794,5393.588,5547.573,5417.532,5406.15734306569
"b1","0.1",NA,NA,NA,"radc","03/03/2015"," 2:44 PM",TRUE,"male","aehplus","pulmonary",0.271,0.026,0.002,0.001,0.045,0.006,"speed",75.851,8.138,0.536,0.437,21.548,1.712,0.763,0,0.039,0.017,0.986,0.396,334,5,NA,41,NA,"Mplus VERSION 7.3","b1_male_aehplus_pulmonary_speed_fev_digitsymbol.out","??",NA,NA,"radcMAP_wide.dat","fev","digitsymbol",0.319,0.018,0.046,-4153.656,8389.313,8545.57,8415.514,8401.10752054794
"b1","0.1",NA,NA,NA,"radc","03/03/2015"," 2:58 PM",TRUE,"male","aehplus","pulmonary",0.271,0.026,0.002,0.001,0.045,0.006,"speed",37.489,3.625,0.352,0.266,14.046,1.5,0.147,-0.013,-0.004,0.49,0.332,0.916,334,5,NA,41,NA,"Mplus VERSION 7.3","b1_male_aehplus_pulmonary_speed_fev_numbercomparison.out","??",NA,NA,NA,"fev","numbercomparison",0.213,0.014,0.036,-3864.751,7811.501,7967.758,7837.703,7823.29552054795
"b1","0.1",NA,NA,NA,"radc","03/03/2015"," 3:04 PM",TRUE,"male","aehplus","pulmonary",0.27,0.026,0.002,0.001,0.045,0.006,"visuospatial",4.857,0.599,0.051,0.042,3.363,0.326,0.141,0.002,0.006,0.094,0.637,0.753,334,5,NA,41,NA,"Mplus VERSION 7.3","b1_male_aehplus_pulmonary_visuospatial_fev_lineorientation.out","??",NA,NA,"radcMAP_wide.dat","fev","lineorientation",0.084,0.005,0.018,-2921.905,5925.811,6082.067,5952.012,5937.60552054795
"b1","0.1",NA,NA,NA,"radc","02/25/2015"," 8:26 AM",TRUE,"male","age","muscle",329.025,24.184,3.705,1.25,40.822,3.114,"executive",2.917,0.2,0.023,0.007,1.604,0.061,2.659,0.215,0.794,0.088,0.003,0.004,722,5,NA,21,NA,"Mplus VERSION 7.3","b1_male_age_muscle_executive.out","??",NA,NA,"radc_wide.dat",NA,NA,1.561,0.071,0.274,-11953.456,23948.911,24045.134,23978.453,23950.231
"b1","0.1",NA,NA,NA,"radc","02/25/2015"," 8:15 AM",TRUE,"male","age","muscle",329.395,24.295,3.557,1.361,40.837,3.201,"knowledge",4.412,0.385,0.008,0.009,0.684,0.068,4.096,0.019,0.132,0.045,0.671,0.494,722,5,NA,21,NA,"Mplus VERSION 7.3","b1_male_age_muscle_knowledge.out","??",NA,NA,"radc_wide.dat",NA,NA,2.041,0.046,0.193,-10353.583,20749.166,20845.388,20778.707,20750.486
"b1","0.1",NA,NA,NA,"radc","02/25/2015"," 8:21 AM",TRUE,"male","age","muscle",329.467,24.227,3.584,1.303,40.754,3.169,"reasoning",6.613,0.453,0.065,0.032,3.44,0.226,6.748,0.237,-0.53,0.007,0.024,0.228,704,5,NA,21,NA,"Mplus VERSION 7.3","b1_male_age_muscle_reasoning.out","??",NA,NA,"radc_wide.dat",NA,NA,2.483,0.105,0.439,-12603.959,25249.918,25345.61,25278.931,25251.2728387097
"b1","0.1",NA,NA,NA,"radc","02/25/2015"," 8:23 AM",TRUE,"male","age","muscle",329.743,24.359,3.493,1.34,40.91,3.221,"speed",6.46,0.485,0.088,0.038,3.502,0.212,7.273,-0.078,0.124,0.001,0.526,0.788,722,5,NA,21,NA,"Mplus VERSION 7.3","b1_male_age_muscle_speed.out","??",NA,NA,"radc_wide.dat",NA,NA,2.217,0.123,0.462,-12880.561,25803.123,25899.345,25832.664,25804.443
"b1","0.1",NA,NA,NA,"radc","02/25/2015"," 8:25 AM",TRUE,"male","age","muscle",329.743,24.359,3.493,1.34,40.91,3.221,"visuospatial",6.46,0.485,0.088,0.038,3.502,0.212,7.273,-0.078,0.124,0.001,0.526,0.788,722,5,NA,21,NA,"Mplus VERSION 7.3","b1_male_age_muscle_visuospatial.out","??",NA,NA,"radc_wide.dat",NA,NA,2.217,0.123,0.462,-12880.561,25803.123,25899.345,25832.664,25804.443
"b1","0.1",NA,NA,NA,"radc","02/25/2015","12:16 AM",TRUE,"male","age","pulmonary",0.324,0.03,0.002,0.001,0.047,0.006,"executive",2.915,0.206,0.023,0.014,1.603,0.065,0.166,-0.002,-0.003,0.014,0.641,0.82,722,5,NA,21,NA,"Mplus VERSION 7.3","b1_male_age_pulmonary_executive.out","??",NA,NA,"radc_wide.dat",NA,NA,0.068,0.004,0.012,-5586.862,11215.725,11311.947,11245.266,11217.045
"b1","0.1",NA,NA,NA,"radc","02/25/2015","12:08 AM",TRUE,"male","age","pulmonary",0.322,0.03,0.002,0.001,0.047,0.006,"knowledge",4.405,0.385,0.008,0.009,0.685,0.068,0.237,-0.001,-0.001,0,0.649,0.879,590,5,NA,21,NA,"Mplus VERSION 7.3","b1_male_age_pulmonary_knowledge.out","??",NA,NA,"radc_wide.dat",NA,NA,0.06,0.002,0.009,-3970.923,7983.846,8075.828,8009.16,7985.47276056338
"b1","0.1",NA,NA,NA,"radc","02/25/2015","12:07 AM",TRUE,"male","age","pulmonary",0.329,0.031,0.002,0.001,0.047,0.006,"reasoning",6.614,0.455,0.067,0.035,3.443,0.229,0.5,0.006,-0.012,0,0.339,0.528,702,5,NA,21,NA,"Mplus VERSION 7.3","b1_male_age_pulmonary_reasoning.out","??",NA,NA,"radc_wide.dat",NA,NA,0.101,0.006,0.019,-6228.135,12498.271,12593.903,12527.224,12499.6298235294
"b1","0.1",NA,NA,NA,"radc","02/25/2015","12:06 AM",TRUE,"male","age","pulmonary",0.322,0.03,0.002,0.001,0.047,0.006,"speed",84.253,5.902,0.372,0.326,24.41,1.81,1.535,-0.008,0.049,0,0.65,0.34,720,5,NA,21,NA,"Mplus VERSION 7.3","b1_male_age_pulmonary_speed.out","??",NA,NA,"radc_wide.dat",NA,NA,0.338,0.018,0.051,-9280.776,18603.551,18699.716,18633.035,18604.874782235
"b1","0.1",NA,NA,NA,"radc","02/25/2015","12:09 AM",TRUE,"male","age","pulmonary",0.326,0.03,0.002,0.001,0.047,0.006,"visuospatial",6.46,0.484,0.09,0.038,3.503,0.213,0.411,0.004,0.001,0,0.495,0.964,720,5,NA,21,NA,"Mplus VERSION 7.3","b1_male_age_pulmonary_visuospatial.out","??",NA,NA,"radc_wide.dat",NA,NA,0.097,0.005,0.019,-6503.016,13048.031,13144.195,13077.514,13049.354782235
"u1","0.1",NA,NA,NA,"radc","02/24/2015","10:56 AM",TRUE,"female","age","muscle",118.322,7,1.343,0.48,21.588,1.184,"noCog",NA,NA,NA,NA,NA,NA,NA,NA,NA,NA,NA,NA,1060,5,NA,8,NA,"Mplus VERSION 7.3","u1_female_age_muscle_noCog.out","??",NA,NA,"radc_wide.dat",NA,NA,NA,NA,NA,-8490.187,16996.375,17036.103,17010.694,16996.5120123692
"u1","0.1",NA,NA,NA,"radc","02/24/2015","11:11 AM",TRUE,"female","age","pulmonary",0.126,0.01,0.001,0.001,0.029,0.007,"noCog",NA,NA,NA,NA,NA,NA,NA,NA,NA,NA,NA,NA,590,5,NA,8,NA,"Mplus VERSION 7.3","u1_female_age_pulmonary_noCog.out","??",NA,NA,"radc_wide.dat",NA,NA,NA,NA,NA,-206.111,428.221,463.262,437.865,428.468848537005
"u1","0.1",NA,NA,NA,"radc","02/24/2015","10:51 AM",TRUE,"female","age","walking",0.02,0.002,0,0,0.018,0.001,"noCog",NA,NA,NA,NA,NA,NA,NA,NA,NA,NA,NA,NA,1078,5,NA,8,NA,"Mplus VERSION 7.3","u1_female_age_walking_noCog.out","??",NA,NA,"radc_wide.dat",NA,NA,NA,NA,NA,918.454,-1820.908,-1781.045,-1806.454,-1820.77329466791
"u1","0.1",NA,NA,NA,"radc","03/04/2015"," 9:43 AM",TRUE,"female","empty","muscle",139.783,8.189,0.882,0.356,19.975,1.102,"nocog",NA,NA,NA,NA,NA,NA,NA,NA,NA,NA,NA,NA,953,5,NA,6,NA,"Mplus VERSION 7.3","u1_female_empty_muscle_nocog_grip_nocogspec.out","??",NA,NA,"radcMAP_wide.dat","grip","nocogspec",NA,NA,NA,-9238.38,18488.76,18517.918,18498.862,18488.848794926
"u1","0.1",NA,NA,NA,"radc","03/04/2015"," 9:27 AM",TRUE,"female","empty","pulmonary",0.178,0.01,0,0.001,0.027,0.005,"nocog",NA,NA,NA,NA,NA,NA,NA,NA,NA,NA,NA,NA,938,5,NA,6,NA,"Mplus VERSION 7.3","u1_female_empty_pulmonary_nocog_fev_nocogspec.out","??",NA,NA,"radcMAP_wide.dat","fev","nocogspec",NA,NA,NA,-329.837,671.675,700.737,681.682,671.76522556391
"u1","0.1",NA,NA,NA,"radc","02/24/2015","10:44 AM",TRUE,"male","age","pulmonary",0.362,0.038,0.004,0.002,0.044,0.005,"noCog",NA,NA,NA,NA,NA,NA,NA,NA,NA,NA,NA,NA,206,5,NA,8,NA,"Mplus VERSION 7.3","u1_male_age_pulmonary_noCog.out","??",NA,NA,"radc_wide.dat",NA,NA,NA,NA,NA,-245.2,506.401,533.024,507.677,507.131964467005
"u1","0.1",NA,NA,NA,"radc","02/24/2015"," 4:02 PM",TRUE,"male","age","walking",0.017,0.002,0,0,0.022,0.001,"noCog",NA,NA,NA,NA,NA,NA,NA,NA,NA,NA,NA,NA,702,10,NA,8,NA,"Mplus VERSION 7.3","u1_male_age_walking_noCog.out","??",NA,NA,"radc_wide.dat",NA,NA,NA,NA,NA,1176.701,-2337.403,-2300.971,-2326.373,-2337.19520779221
"u1","0.1",NA,NA,NA,"radc","03/04/2015","12:32 AM",TRUE,"male","empty","muscle",342.96,32.723,3.807,1.62,33.907,3.18,"nocog",NA,NA,NA,NA,NA,NA,NA,NA,NA,NA,NA,NA,325,5,NA,6,NA,"Mplus VERSION 7.3","u1_male_empty_muscle_nocog_grip_nocogspec.out","??",NA,NA,"radcMAP_wide.dat","grip","nocogspec",NA,NA,NA,-3466.565,6945.129,6967.832,6948.801,6945.3931509434
"u1","0.1",NA,NA,NA,"radc","03/04/2015","12:30 AM",TRUE,"male","empty","pulmonary",0.364,0.031,0.002,0.001,0.047,0.006,"nocog",NA,NA,NA,NA,NA,NA,NA,NA,NA,NA,NA,NA,319,5,NA,6,NA,"Mplus VERSION 7.3","u1_male_empty_pulmonary_nocog_fev_nocogspec.out","??",NA,NA,"radcMAP_wide.dat","fev","nocogspec",NA,NA,NA,-389.76,791.521,814.112,795.081,791.790230769231
