"software","version","date","time","study_name","model_number","subgroup","model_type","physical_construct","cognitive_construct","physical_measure","cognitive_measure","converged","subject_count","wave_count","datapoint_count","parameter_count","LL","aic","bic","adj_bic","aaic","output_file","data_file","pp_TAU_00","pp_TAU_00_se","pp_TAU_00_pval","pp_TAU_11","pp_TAU_11_se","pp_TAU_11_pval","cc_TAU_00","cc_TAU_00_se","cc_TAU_00_pval","cc_TAU_11","cc_TAU_11_se","cc_TAU_11_pval","p_SIGMA","p_SIGMA_se","p_SIGMA_pval","c_SIGMA","c_SIGMA_se","c_SIGMA_pval","pp_TAU_01","pp_TAU_01_se","pp_TAU_01_pval","pc_TAU_01","pc_TAU_01_se","pc_TAU_01_pval","pc_TAU_00","pc_TAU_00_se","pc_TAU_00_pval","pc_TAU_11","pc_TAU_11_se","pc_TAU_11_pval","pc_TAU_10","pc_TAU_10_se","pc_TAU_10_pval","cc_TAU_10","cc_TAU_10_se","cc_TAU_10_pval","pc_SIGMA","pc_SIGMA_se","pc_SIGMA_pval","p_GAMMA_00","p_GAMMA_00_se","p_GAMMA_00_pval","p_GAMMA_10","p_GAMMA_10_se","p_GAMMA_10_pval","c_GAMMA_00","c_GAMMA_00_se","c_GAMMA_00_pval","c_GAMMA_10","c_GAMMA_10_se","c_GAMMA_10_pval"
"Mplus VERSION 7.11","0.1","04/13/2015"," 1:19 PM","ilse","u0","female","empty","nophys","fluency","nophysspec","verbalfluencytest",TRUE,240,3,NA,3,-2080.764,4167.527,4177.969,4168.46,4167.62869491525,"u0_female_empty_nophys_fluency_nophysspec_verbalfluencytest.out"," C:\Users\Besitzer\Desktop\ilse 03.03.dat",NA,NA,NA,NA,NA,NA,NA,NA,NA,NA,NA,NA,NA,NA,NA,27.285,2.218,0,NA,NA,NA,NA,NA,NA,NA,NA,NA,NA,NA,NA,NA,NA,NA,"27.285","2.218",0,NA,NA,NA,NA,NA,NA,NA,NA,NA,NA,NA,NA,NA,NA,NA
"Mplus VERSION 7.11","0.1","06/17/2015","10:52 AM","ilse","u0","female","empty","nophys","fluency","nophysspec","waisgeneralknowledge",TRUE,240,3,NA,3,-1558.107,3122.214,3132.656,3123.147,3122.31569491525,"u0_female_empty_nophys_fluency_nophysspec_waisgeneralknowledge.out"," C:\Users\Besitzer\Desktop\ilse 03.03.dat",NA,NA,NA,NA,NA,NA,NA,NA,NA,NA,NA,NA,NA,NA,NA,3.388,0.308,0,NA,NA,NA,NA,NA,NA,NA,NA,NA,NA,NA,NA,NA,NA,NA,"3.388","0.308",0,NA,NA,NA,NA,NA,NA,NA,NA,NA,NA,NA,NA,NA,NA,NA
"Mplus VERSION 7.11","0.1","04/13/2015"," 1:44 PM","ilse","u0","female","empty","nophys","reasoning","nophysspec","lpsspatialability",TRUE,240,3,NA,3,-1893.439,3792.877,3803.319,3793.81,3792.97869491525,"u0_female_empty_nophys_reasoning_nophysspec_lpsspatialability.out"," C:\Users\Besitzer\Desktop\ilse 03.03.dat",NA,NA,NA,NA,NA,NA,NA,NA,NA,NA,NA,NA,NA,NA,NA,13.701,1.304,0,NA,NA,NA,NA,NA,NA,NA,NA,NA,NA,NA,NA,NA,NA,NA,"13.701","1.304",0,NA,NA,NA,NA,NA,NA,NA,NA,NA,NA,NA,NA,NA,NA,NA
"Mplus VERSION 7.11","0.1","03/04/2015","11:05 AM","ilse","u0","female","empty","nophys","reasoning","nophysspec","waisblockdesign",TRUE,240,3,NA,3,-2016.616,4039.232,4049.674,4040.165,4039.33369491525,"u0_female_empty_nophys_reasoning_nophysspec_waisblockdesign.out"," C:\Users\Besitzer\Desktop\ilse 03.03.dat",NA,NA,NA,NA,NA,NA,NA,NA,NA,NA,NA,NA,NA,NA,NA,21.211,1.618,0,NA,NA,NA,NA,NA,NA,NA,NA,NA,NA,NA,NA,NA,NA,NA,"21.211","1.618",0,NA,NA,NA,NA,NA,NA,NA,NA,NA,NA,NA,NA,NA,NA,NA
"Mplus VERSION 7.11","0.1","04/13/2015","11:40 AM","ilse","u0","female","empty","nophys","reasoning","nophysspec","waispicturecompletion",TRUE,240,3,NA,3,-1628.64,3263.28,3273.722,3264.213,3263.38169491525,"u0_female_empty_nophys_reasoning_nophysspec_waispicturecompletion.out"," C:\Users\Besitzer\Desktop\ilse 03.03.dat",NA,NA,NA,NA,NA,NA,NA,NA,NA,NA,NA,NA,NA,NA,NA,7.053,0.664,0,NA,NA,NA,NA,NA,NA,NA,NA,NA,NA,NA,NA,NA,NA,NA,"7.053","0.664",0,NA,NA,NA,NA,NA,NA,NA,NA,NA,NA,NA,NA,NA,NA,NA
"Mplus VERSION 7.11","0.1","03/04/2015"," 1:38 PM","ilse","u0","female","empty","nophys","speed","nophysspec","digitsymbolsubstitutiontest",TRUE,240,3,NA,3,-2112.93,4231.861,4242.303,4232.794,4231.96269491525,"u0_female_empty_nophys_speed_nophysspec_digitsymbolsubstitutiontest.out"," C:\Users\Besitzer\Desktop\ilse 03.03.dat",NA,NA,NA,NA,NA,NA,NA,NA,NA,NA,NA,NA,NA,NA,NA,22.563,1.948,0,NA,NA,NA,NA,NA,NA,NA,NA,NA,NA,NA,NA,NA,NA,NA,"22.563","1.948",0,NA,NA,NA,NA,NA,NA,NA,NA,NA,NA,NA,NA,NA,NA,NA
"Mplus VERSION 7.11","0.1","04/13/2015"," 1:20 PM","ilse","u0","male","empty","nophys","fluency","nophysspec","verbalfluencytest",TRUE,259,3,NA,3,-2202.61,4411.22,4421.89,4412.379,4411.31411764706,"u0_male_empty_nophys_fluency_nophysspec_verbalfluencytest.out"," C:\Users\Besitzer\Desktop\ilse 03.03.dat",NA,NA,NA,NA,NA,NA,NA,NA,NA,NA,NA,NA,NA,NA,NA,24.679,1.913,0,NA,NA,NA,NA,NA,NA,NA,NA,NA,NA,NA,NA,NA,NA,NA,"24.679","1.913",0,NA,NA,NA,NA,NA,NA,NA,NA,NA,NA,NA,NA,NA,NA,NA
"Mplus VERSION 7.11","0.1","06/17/2015","10:53 AM","ilse","u0","male","empty","nophys","fluency","nophysspec","waisgeneralknowledge",TRUE,260,3,NA,3,-1609.046,3224.091,3234.773,3225.262,3224.18475,"u0_male_empty_nophys_fluency_nophysspec_waisgeneralknowledge.out"," C:\Users\Besitzer\Desktop\ilse 03.03.dat",NA,NA,NA,NA,NA,NA,NA,NA,NA,NA,NA,NA,NA,NA,NA,3.055,0.317,0,NA,NA,NA,NA,NA,NA,NA,NA,NA,NA,NA,NA,NA,NA,NA,"3.055","0.317",0,NA,NA,NA,NA,NA,NA,NA,NA,NA,NA,NA,NA,NA,NA,NA
"Mplus VERSION 7.11","0.1","04/13/2015"," 1:44 PM","ilse","u0","male","empty","nophys","reasoning","nophysspec","lpsspacialability",TRUE,260,3,NA,3,-1976.512,3959.023,3969.705,3960.194,3959.11675,"u0_male_empty_nophys_reasoning_nophysspec_lpsspacialability.out"," C:\Users\Besitzer\Desktop\ilse 03.03.dat",NA,NA,NA,NA,NA,NA,NA,NA,NA,NA,NA,NA,NA,NA,NA,12.404,1.617,0,NA,NA,NA,NA,NA,NA,NA,NA,NA,NA,NA,NA,NA,NA,NA,"12.404","1.617",0,NA,NA,NA,NA,NA,NA,NA,NA,NA,NA,NA,NA,NA,NA,NA
"Mplus VERSION 7.11","0.1","03/04/2015","11:06 AM","ilse","u0","male","empty","nophys","reasoning","nophysspec","waisblockdesign",TRUE,259,3,NA,3,-2182.139,4370.278,4380.949,4371.438,4370.37211764706,"u0_male_empty_nophys_reasoning_nophysspec_waisblockdesign.out"," C:\Users\Besitzer\Desktop\ilse 03.03.dat",NA,NA,NA,NA,NA,NA,NA,NA,NA,NA,NA,NA,NA,NA,NA,24.254,1.93,0,NA,NA,NA,NA,NA,NA,NA,NA,NA,NA,NA,NA,NA,NA,NA,"24.254","1.93",0,NA,NA,NA,NA,NA,NA,NA,NA,NA,NA,NA,NA,NA,NA,NA
"Mplus VERSION 7.11","0.1","04/13/2015","11:42 AM","ilse","u0","male","empty","nophys","reasoning","nophysspec","waispicturecompletion",TRUE,260,3,NA,3,-1629.011,3264.023,3274.705,3265.194,3264.11675,"u0_male_empty_nophys_reasoning_nophysspec_waispicturecompletion.out"," C:\Users\Besitzer\Desktop\ilse 03.03.dat",NA,NA,NA,NA,NA,NA,NA,NA,NA,NA,NA,NA,NA,NA,NA,4.707,0.516,0,NA,NA,NA,NA,NA,NA,NA,NA,NA,NA,NA,NA,NA,NA,NA,"4.707","0.516",0,NA,NA,NA,NA,NA,NA,NA,NA,NA,NA,NA,NA,NA,NA,NA
"Mplus VERSION 7.11","0.1","03/04/2015"," 1:38 PM","ilse","u0","male","empty","nophys","speed","nophysspec","digitsymbolsubstitutiontest",TRUE,259,3,NA,3,-2282.218,4570.436,4581.106,4571.595,4570.53011764706,"u0_male_empty_nophys_speed_nophysspec_digitsymbolsubstitutiontest.out"," C:\Users\Besitzer\Desktop\ilse 03.03.dat",NA,NA,NA,NA,NA,NA,NA,NA,NA,NA,NA,NA,NA,NA,NA,27.354,2.495,0,NA,NA,NA,NA,NA,NA,NA,NA,NA,NA,NA,NA,NA,NA,NA,"27.354","2.495",0,NA,NA,NA,NA,NA,NA,NA,NA,NA,NA,NA,NA,NA,NA,NA
"Mplus VERSION 7.11","0.1","04/13/2015"," 1:22 PM","ilse","u1","female","a","nophys","fluency","nophysspec","verbalfluencytest",TRUE,228,3,NA,8,-1991.952,3999.904,4027.339,4001.985,4000.56153424658,"u1_female_a_nophys_fluency_nophysspec_verbalfluencytest.out"," C:\Users\Besitzer\Desktop\ilse 03.03.dat",NA,NA,NA,NA,NA,NA,50.788,6.717,0,0.032,0.068,0.632,NA,NA,NA,26.187,2.407,0,NA,NA,NA,NA,NA,NA,NA,NA,NA,NA,NA,NA,NA,NA,NA,"26.187","2.407",0,NA,NA,NA,NA,NA,NA,NA,NA,NA,25.619,4.8,0,-0.112,0.414,0.787
"Mplus VERSION 7.11","0.1","03/04/2015"," 1:52 PM","ilse","u1","female","a","nophys","reasoning","nophysspec","waisblockdesign",TRUE,228,3,NA,8,-1896.645,3809.291,3836.726,3811.371,3809.94853424658,"u1_female_a_nophys_reasoning_nophysspec_waisblockdesign.out"," C:\Users\Besitzer\Desktop\ilse 03.03.dat",NA,NA,NA,NA,NA,NA,50.852,6.397,0,0.089,0.043,0.037,NA,NA,NA,14.765,1.64,0,NA,NA,NA,NA,NA,NA,NA,NA,NA,NA,NA,NA,NA,NA,NA,"14.765","1.64",0,NA,NA,NA,NA,NA,NA,NA,NA,NA,19.509,4.463,0,-0.167,0.365,0.647
"Mplus VERSION 7.11","0.1","04/13/2015"," 1:22 PM","ilse","u1","female","a","nophys","reasoning","nophysspec","waispicturecompletion",TRUE,228,3,NA,8,-1559.004,3134.007,3161.442,3136.087,3134.66453424658,"u1_female_a_nophys_reasoning_nophysspec_waispicturecompletion.out"," C:\Users\Besitzer\Desktop\ilse 03.03.dat",NA,NA,NA,NA,NA,NA,8.767,1.644,0,0.018,0.015,0.209,NA,NA,NA,6.482,0.611,0,NA,NA,NA,NA,NA,NA,NA,NA,NA,NA,NA,NA,NA,NA,NA,"6.482","0.611",0,NA,NA,NA,NA,NA,NA,NA,NA,NA,9.12,2.01,0,0.45,0.212,0.033
"Mplus VERSION 7.11","0.1","04/13/2015","11:11 AM","ilse","u1","female","a","nophys","speed","nophysspec","digitsymbolsubstitutiontest",TRUE,228,3,NA,8,-1968.06,3952.12,3979.555,3954.2,3952.77753424658,"u1_female_a_nophys_speed_nophysspec_digitsymbolsubstitutiontest.out"," C:\Users\Besitzer\Desktop\ilse 03.03.dat",NA,NA,NA,NA,NA,NA,111.768,12.734,0,0.066,0.042,0.113,NA,NA,NA,14.219,1.076,0,NA,NA,NA,NA,NA,NA,NA,NA,NA,NA,NA,NA,NA,NA,NA,"14.219","1.076",0,NA,NA,NA,NA,NA,NA,NA,NA,NA,39.789,6.311,0,-0.017,0.337,0.961
"Mplus VERSION 7.11","0.1","06/17/2015","11:15 AM","ilse","u1","female","aeh","nophys","fluency","nophysspec","lpsspatialability",TRUE,226,3,NA,16,-1769.574,3571.149,3625.878,3575.17,3573.7518708134,"u1_female_aeh_nophys_fluency_nophysspec_lpsspatialability.out"," C:\Users\Besitzer\Desktop\ilse 03.03.dat",NA,NA,NA,NA,NA,NA,29.968,4.204,0,0.01,0.026,0.701,NA,NA,NA,11.666,0.912,0,NA,NA,NA,NA,NA,NA,NA,NA,NA,NA,NA,NA,NA,NA,NA,"11.666","0.912",0,NA,NA,NA,NA,NA,NA,NA,NA,NA,11.018,3.812,0.004,0.108,0.279,0.698
"Mplus VERSION 7.11","0.1","04/13/2015"," 1:32 PM","ilse","u1","female","aeh","nophys","fluency","nophysspec","verbalfluencytest",TRUE,226,3,NA,16,-1965.199,3962.398,4017.127,3966.419,3965.0008708134,"u1_female_aeh_nophys_fluency_nophysspec_verbalfluencytest.out"," C:\Users\Besitzer\Desktop\ilse 03.03.dat",NA,NA,NA,NA,NA,NA,44.945,6.261,0,0.025,0.07,0.718,NA,NA,NA,26.083,2.38,0,NA,NA,NA,NA,NA,NA,NA,NA,NA,NA,NA,NA,NA,NA,NA,"26.083","2.38",0,NA,NA,NA,NA,NA,NA,NA,NA,NA,24.201,4.72,0,-0.127,0.447,0.776
"Mplus VERSION 7.11","0.1","06/17/2015","11:04 AM","ilse","u1","female","aeh","nophys","fluency","nophysspec","waisgeneralknowledge",TRUE,226,3,NA,16,-1453.104,2938.208,2992.937,2942.229,2940.8108708134,"u1_female_aeh_nophys_fluency_nophysspec_waisgeneralknowledge.out"," C:\Users\Besitzer\Desktop\ilse 03.03.dat",NA,NA,NA,NA,NA,NA,15.298,1.794,0,0.011,0.008,0.155,NA,NA,NA,2.993,0.352,0,NA,NA,NA,NA,NA,NA,NA,NA,NA,NA,NA,NA,NA,NA,NA,"2.993","0.352",0,NA,NA,NA,NA,NA,NA,NA,NA,NA,12.483,2.107,0,0.362,0.188,0.055
"Mplus VERSION 7.11","0.1","03/04/2015","11:07 AM","ilse","u1","female","aeh","nophys","reasoning","nophysspec","waisblockdesign",TRUE,226,3,NA,16,-1869.972,3771.944,3826.673,3775.965,3774.5468708134,"u1_female_aeh_nophys_reasoning_nophysspec_waisblockdesign.out"," C:\Users\Besitzer\Desktop\ilse 03.03.dat",NA,NA,NA,NA,NA,NA,44.597,5.778,0,0.079,0.041,0.056,NA,NA,NA,14.575,1.632,0,NA,NA,NA,NA,NA,NA,NA,NA,NA,NA,NA,NA,NA,NA,NA,"14.575","1.632",0,NA,NA,NA,NA,NA,NA,NA,NA,NA,17.012,4.757,0,0.004,0.411,0.993
"Mplus VERSION 7.11","0.1","04/13/2015","11:52 AM","ilse","u1","female","aeh","nophys","reasoning","nophysspec","waispicturecompletion",TRUE,226,3,NA,16,-1536.519,3105.039,3159.767,3109.059,3107.6418708134,"u1_female_aeh_nophys_reasoning_nophysspec_waispicturecompletion.out"," C:\Users\Besitzer\Desktop\ilse 03.03.dat",NA,NA,NA,NA,NA,NA,7.786,1.529,0,0.013,0.015,0.389,NA,NA,NA,6.489,0.632,0,NA,NA,NA,NA,NA,NA,NA,NA,NA,NA,NA,NA,NA,NA,NA,"6.489","0.632",0,NA,NA,NA,NA,NA,NA,NA,NA,NA,9.026,1.994,0,0.429,0.236,0.069
"Mplus VERSION 7.11","0.1","04/13/2015","11:23 AM","ilse","u1","female","aeh","nophys","speed","nophysspec","digitsymbolsubstitutiontest",TRUE,226,3,NA,16,-2219.207,4470.415,4525.144,4474.436,4473.0178708134,"u1_female_aeh_nophys_speed_nophysspec_digitsymbolsubstitutiontest.out"," C:\Users\Besitzer\Desktop\ilse 03.03.dat",NA,NA,NA,NA,NA,NA,14.067,13.65,0.303,0.082,0.326,0.802,NA,NA,NA,100.629,13.039,0,NA,NA,NA,NA,NA,NA,NA,NA,NA,NA,NA,NA,NA,NA,NA,"100.629","13.039",0,NA,NA,NA,NA,NA,NA,NA,NA,NA,23.35,8.5,0.006,1.719,1.388,0.215
"Mplus VERSION 7.11","0.1","06/17/2015","11:18 AM","ilse","u1","female","aehplus","nophys","fluency","nophysspec","lpsspatialability",TRUE,225,3,NA,22,-1755.854,3555.708,3630.862,3561.139,3560.7179009901,"u1_female_aehplus_nophys_fluency_nophysspec_lpsspatialability.out"," C:\Users\Besitzer\Desktop\ilse 03.03.dat",NA,NA,NA,NA,NA,NA,30.097,4.279,0,0.016,0.028,0.566,NA,NA,NA,11.261,0.863,0,NA,NA,NA,NA,NA,NA,NA,NA,NA,NA,NA,NA,NA,NA,NA,"11.261","0.863",0,NA,NA,NA,NA,NA,NA,NA,NA,NA,11.662,3.861,0.003,0.143,0.296,0.63
"Mplus VERSION 7.11","0.1","04/13/2015"," 1:34 PM","ilse","u1","female","aehplus","nophys","fluency","nophysspec","verbalfluencytest",TRUE,225,3,NA,22,-1949.176,3942.352,4017.506,3947.784,3947.3619009901,"u1_female_aehplus_nophys_fluency_nophysspec_verbalfluencytest.out"," C:\Users\Besitzer\Desktop\ilse 03.03.dat",NA,NA,NA,NA,NA,NA,43.184,6.651,0,0.023,0.071,0.745,NA,NA,NA,25.883,2.375,0,NA,NA,NA,NA,NA,NA,NA,NA,NA,NA,NA,NA,NA,NA,NA,"25.883","2.375",0,NA,NA,NA,NA,NA,NA,NA,NA,NA,23.135,5.038,0,-0.112,0.48,0.816
"Mplus VERSION 7.11","0.1","06/17/2015","11:00 AM","ilse","u1","female","aehplus","nophys","fluency","nophysspec","waisgeneralknowledge",TRUE,225,3,NA,22,-1444.695,2933.39,3008.545,2938.822,2938.3999009901,"u1_female_aehplus_nophys_fluency_nophysspec_waisgeneralknowledge.out"," C:\Users\Besitzer\Desktop\ilse 03.03.dat",NA,NA,NA,NA,NA,NA,15.248,1.835,0,0.01,0.008,0.217,NA,NA,NA,3.012,0.357,0,NA,NA,NA,NA,NA,NA,NA,NA,NA,NA,NA,NA,NA,NA,NA,"3.012","0.357",0,NA,NA,NA,NA,NA,NA,NA,NA,NA,12.731,2.182,0,0.323,0.186,0.083
"Mplus VERSION 7.11","0.1","03/04/2015"," 1:41 PM","ilse","u1","female","aehplus","nophys","reasoning","nophysspec","waisblockdesign",TRUE,225,3,NA,22,-1854.473,3752.945,3828.099,3758.377,3757.9549009901,"u1_female_aehplus_nophys_reasoning_nophysspec_waisblockdesign.out"," C:\Users\Besitzer\Desktop\ilse 03.03.dat",NA,NA,NA,NA,NA,NA,43.153,6.015,0,0.077,0.042,0.066,NA,NA,NA,14.383,1.631,0,NA,NA,NA,NA,NA,NA,NA,NA,NA,NA,NA,NA,NA,NA,NA,"14.383","1.631",0,NA,NA,NA,NA,NA,NA,NA,NA,NA,17.595,4.775,0,0.077,0.447,0.863
"Mplus VERSION 7.11","0.1","04/13/2015","11:55 AM","ilse","u1","female","aehplus","nophys","reasoning","nophysspec","waispicturecompletion",TRUE,225,3,NA,22,-1526.804,3097.607,3172.761,3103.039,3102.6169009901,"u1_female_aehplus_nophys_reasoning_nophysspec_waispicturecompletion.out"," C:\Users\Besitzer\Desktop\ilse 03.03.dat",NA,NA,NA,NA,NA,NA,7.471,1.5,0,0.012,0.015,0.439,NA,NA,NA,6.519,0.645,0,NA,NA,NA,NA,NA,NA,NA,NA,NA,NA,NA,NA,NA,NA,NA,"6.519","0.645",0,NA,NA,NA,NA,NA,NA,NA,NA,NA,9.36,2.122,0,0.379,0.265,0.153
"Mplus VERSION 7.11","0.1","04/13/2015","11:27 AM","ilse","u1","female","aehplus","nophys","speed","nophysspec","digitsymbolsubstitutiontest",TRUE,225,3,NA,22,-1923.892,3891.785,3966.939,3897.217,3896.7949009901,"u1_female_aehplus_nophys_speed_nophysspec_digitsymbolsubstitutiontest.out"," C:\Users\Besitzer\Desktop\ilse 03.03.dat",NA,NA,NA,NA,NA,NA,94.012,10.896,0,0.057,0.045,0.198,NA,NA,NA,14.266,1.105,0,NA,NA,NA,NA,NA,NA,NA,NA,NA,NA,NA,NA,NA,NA,NA,"14.266","1.105",0,NA,NA,NA,NA,NA,NA,NA,NA,NA,36.767,6.16,0,0.09,0.412,0.827
"Mplus VERSION 7.11","0.1","06/17/2015","11:14 AM","ilse","u1","female","age","nophys","fluency","nophysspec","lpsspatialability",TRUE,228,3,NA,8,-1795.533,3607.066,3634.501,3609.147,3607.72353424658,"u1_female_age_nophys_fluency_nophysspec_lpsspatialability.out"," C:\Users\Besitzer\Desktop\ilse 03.03.dat",NA,NA,NA,NA,NA,NA,32.948,4.506,0,0.022,0.027,0.416,NA,NA,NA,11.639,0.877,0,NA,NA,NA,NA,NA,NA,NA,NA,NA,NA,NA,NA,NA,NA,NA,"11.639","0.877",0,NA,NA,NA,NA,NA,NA,NA,NA,NA,11.36,3.497,0.001,0.093,0.286,0.745
"Mplus VERSION 7.11","0.1","06/17/2015","10:55 AM","ilse","u1","female","age","nophys","fluency","nophysspec","waisgeneralknowledge",TRUE,228,3,NA,8,-1484.325,2984.65,3012.085,2986.73,2985.30753424658,"u1_female_age_nophys_fluency_nophysspec_waisgeneralknowledge.out"," C:\Users\Besitzer\Desktop\ilse 03.03.dat",NA,NA,NA,NA,NA,NA,18.479,2.36,0,0.013,0.008,0.082,NA,NA,NA,2.975,0.347,0,NA,NA,NA,NA,NA,NA,NA,NA,NA,NA,NA,NA,NA,NA,NA,"2.975","0.347",0,NA,NA,NA,NA,NA,NA,NA,NA,NA,13.013,2.274,0,0.381,0.148,0.01
"Mplus VERSION 7.11","0.1","04/13/2015"," 1:23 PM","ilse","u1","male","a","nophys","fluency","nophysspec","verbalfluencytest",TRUE,252,3,NA,8,-2141.481,4298.962,4327.198,4301.837,4299.55459259259,"u1_male_a_nophys_fluency_nophysspec_verbalfluencytest.out"," C:\Users\Besitzer\Desktop\ilse 03.03.dat",NA,NA,NA,NA,NA,NA,55.706,8.324,0,0.027,0.068,0.687,NA,NA,NA,23.179,2.336,0,NA,NA,NA,NA,NA,NA,NA,NA,NA,NA,NA,NA,NA,NA,NA,"23.179","2.336",0,NA,NA,NA,NA,NA,NA,NA,NA,NA,24.766,4.551,0,-0.066,0.4,0.869
"Mplus VERSION 7.11","0.1","03/04/2015"," 1:53 PM","ilse","u1","male","a","nophys","reasoning","nophysspec","waisblockdesign",TRUE,253,3,NA,8,-2096.511,4209.022,4237.289,4211.928,4209.61216393443,"u1_male_a_nophys_reasoning_nophysspec_waisblockdesign.out"," C:\Users\Besitzer\Desktop\ilse 03.03.dat",NA,NA,NA,NA,NA,NA,51.703,7.143,0,0.032,0.04,0.429,NA,NA,NA,18.829,1.707,0,NA,NA,NA,NA,NA,NA,NA,NA,NA,NA,NA,NA,NA,NA,NA,"18.829","1.707",0,NA,NA,NA,NA,NA,NA,NA,NA,NA,22.272,3.787,0,-0.728,0.357,0.041
"Mplus VERSION 7.11","0.1","04/13/2015","11:50 AM","ilse","u1","male","a","nophys","reasoning","nophysspec","waispicturecompletion",TRUE,253,3,NA,8,-1580.191,3176.382,3204.65,3179.288,3176.97216393443,"u1_male_a_nophys_reasoning_nophysspec_waispicturecompletion.out"," C:\Users\Besitzer\Desktop\ilse 03.03.dat",NA,NA,NA,NA,NA,NA,8.594,1.134,0,0.024,0.01,0.012,NA,NA,NA,3.861,0.332,0,NA,NA,NA,NA,NA,NA,NA,NA,NA,NA,NA,NA,NA,NA,NA,"3.861","0.332",0,NA,NA,NA,NA,NA,NA,NA,NA,NA,11.893,1.726,0,-0.017,0.2,0.933
"Mplus VERSION 7.11","0.1","04/13/2015","11:20 AM","ilse","u1","male","a","nophys","speed","nophysspec","digitsymbolsubstitutiontest",TRUE,253,3,NA,8,-2174.07,4364.14,4392.407,4367.046,4364.73016393443,"u1_male_a_nophys_speed_nophysspec_digitsymbolsubstitutiontest.out"," C:\Users\Besitzer\Desktop\ilse 03.03.dat",NA,NA,NA,NA,NA,NA,109.658,11.723,0,0.18,0.05,0,NA,NA,NA,15.482,1.299,0,NA,NA,NA,NA,NA,NA,NA,NA,NA,NA,NA,NA,NA,NA,NA,"15.482","1.299",0,NA,NA,NA,NA,NA,NA,NA,NA,NA,38.47,5.407,0,-0.024,0.439,0.956
"Mplus VERSION 7.11","0.1","06/17/2015","11:16 AM","ilse","u1","male","aeh","nophys","fluency","nophysspec","lpsspatialability",TRUE,253,3,NA,16,-1886.033,3804.067,3860.601,3809.878,3806.37208474576,"u1_male_aeh_nophys_fluency_nophysspec_lpsspatialability.out"," C:\Users\Besitzer\Desktop\ilse 03.03.dat",NA,NA,NA,NA,NA,NA,28.002,3.532,0,0.099,0.02,0,NA,NA,NA,8.01,0.626,0,NA,NA,NA,NA,NA,NA,NA,NA,NA,NA,NA,NA,NA,NA,NA,"8.01","0.626",0,NA,NA,NA,NA,NA,NA,NA,NA,NA,20.487,3.067,0,-0.679,0.335,0.043
"Mplus VERSION 7.11","0.1","04/13/2015"," 1:33 PM","ilse","u1","male","aeh","nophys","fluency","nophysspec","verbalfluencytest",TRUE,252,3,NA,16,-2119.26,4270.52,4326.991,4276.269,4272.83489361702,"u1_male_aeh_nophys_fluency_nophysspec_verbalfluencytest.out"," C:\Users\Besitzer\Desktop\ilse 03.03.dat",NA,NA,NA,NA,NA,NA,46.564,7.289,0,0.023,0.07,0.743,NA,NA,NA,22.857,2.282,0,NA,NA,NA,NA,NA,NA,NA,NA,NA,NA,NA,NA,NA,NA,NA,"22.857","2.282",0,NA,NA,NA,NA,NA,NA,NA,NA,NA,22.91,4.57,0,-0.384,0.451,0.395
"Mplus VERSION 7.11","0.1","06/17/2015","10:58 AM","ilse","u1","male","aeh","nophys","fluency","nophysspec","waisgeneralknowledge",TRUE,253,3,NA,16,-1540.099,3112.197,3168.732,3118.009,3114.50208474576,"u1_male_aeh_nophys_fluency_nophysspec_waisgeneralknowledge.out"," C:\Users\Besitzer\Desktop\ilse 03.03.dat",NA,NA,NA,NA,NA,NA,11.03,1.328,0,0,0.007,0.953,NA,NA,NA,3.048,0.241,0,NA,NA,NA,NA,NA,NA,NA,NA,NA,NA,NA,NA,NA,NA,NA,"3.048","0.241",0,NA,NA,NA,NA,NA,NA,NA,NA,NA,12.901,1.888,0,0.011,0.167,0.947
"Mplus VERSION 7.11","0.1","03/04/2015","11:08 AM","ilse","u1","male","aeh","nophys","reasoning","nophysspec","waisblockdesign",TRUE,253,3,NA,16,-2076.323,4184.647,4241.181,4190.458,4186.95208474576,"u1_male_aeh_nophys_reasoning_nophysspec_waisblockdesign.out"," C:\Users\Besitzer\Desktop\ilse 03.03.dat",NA,NA,NA,NA,NA,NA,42.59,5.928,0,0.023,0.041,0.579,NA,NA,NA,18.808,1.702,0,NA,NA,NA,NA,NA,NA,NA,NA,NA,NA,NA,NA,NA,NA,NA,"18.808","1.702",0,NA,NA,NA,NA,NA,NA,NA,NA,NA,20.254,3.749,0,-0.854,0.382,0.025
"Mplus VERSION 7.11","0.1","04/13/2015","11:53 AM","ilse","u1","male","aeh","nophys","reasoning","nophysspec","waispicturecompletion",TRUE,253,3,NA,16,-1567.651,3167.301,3223.836,3173.113,3169.60608474576,"u1_male_aeh_nophys_reasoning_nophysspec_waispicturecompletion.out"," C:\Users\Besitzer\Desktop\ilse 03.03.dat",NA,NA,NA,NA,NA,NA,7.625,1.005,0,0.023,0.01,0.021,NA,NA,NA,3.866,0.375,0,NA,NA,NA,NA,NA,NA,NA,NA,NA,NA,NA,NA,NA,NA,NA,"3.866","0.375",0,NA,NA,NA,NA,NA,NA,NA,NA,NA,11.006,1.727,0,0.005,0.229,0.984
"Mplus VERSION 7.11","0.1","04/13/2015","11:25 AM","ilse","u1","male","aeh","nophys","speed","nophysspec","digitsymbolsubstitutiontest",TRUE,253,3,NA,16,-2352.253,4736.506,4793.04,4742.317,4738.81108474576,"u1_male_aeh_nophys_speed_nophysspec_digitsymbolsubstitutiontest.out"," C:\Users\Besitzer\Desktop\ilse 03.03.dat",NA,NA,NA,NA,NA,NA,19.809,10.327,0.055,0.142,0.281,0.612,NA,NA,NA,72.671,7.942,0,NA,NA,NA,NA,NA,NA,NA,NA,NA,NA,NA,NA,NA,NA,NA,"72.671","7.942",0,NA,NA,NA,NA,NA,NA,NA,NA,NA,23.698,5.041,0,1.776,0.972,0.068
"Mplus VERSION 7.11","0.1","06/17/2015","11:19 AM","ilse","u1","male","aehplus","nophys","fluency","nophysspec","lpsspatialability",TRUE,252,3,NA,22,-1877.999,3799.998,3877.646,3807.902,3804.4172139738,"u1_male_aehplus_nophys_fluency_nophysspec_lpsspatialability.out"," C:\Users\Besitzer\Desktop\ilse 03.03.dat",NA,NA,NA,NA,NA,NA,27.652,3.503,0,0.095,0.021,0,NA,NA,NA,8.022,0.641,0,NA,NA,NA,NA,NA,NA,NA,NA,NA,NA,NA,NA,NA,NA,NA,"8.022","0.641",0,NA,NA,NA,NA,NA,NA,NA,NA,NA,20.559,3.176,0,-0.752,0.341,0.027
"Mplus VERSION 7.11","0.1","04/13/2015"," 1:35 PM","ilse","u1","male","aehplus","nophys","fluency","nophysspec","verbalfluencytest",TRUE,251,3,NA,22,-2111.554,4267.108,4344.668,4274.925,4271.54659649123,"u1_male_aehplus_nophys_fluency_nophysspec_verbalfluencytest.out"," C:\Users\Besitzer\Desktop\ilse 03.03.dat",NA,NA,NA,NA,NA,NA,46.553,7.457,0,0.022,0.072,0.762,NA,NA,NA,22.816,2.302,0,NA,NA,NA,NA,NA,NA,NA,NA,NA,NA,NA,NA,NA,NA,NA,"22.816","2.302",0,NA,NA,NA,NA,NA,NA,NA,NA,NA,22.45,4.703,0,-0.346,0.466,0.457
"Mplus VERSION 7.11","0.1","06/17/2015","11:01 AM","ilse","u1","male","aehplus","nophys","fluency","nophysspec","waisgeneralknowledge",TRUE,252,3,NA,22,-1533.08,3110.161,3187.808,3118.065,3114.5802139738,"u1_male_aehplus_nophys_fluency_nophysspec_waisgeneralknowledge.out"," C:\Users\Besitzer\Desktop\ilse 03.03.dat",NA,NA,NA,NA,NA,NA,11.105,1.378,0,0.004,0.007,0.611,NA,NA,NA,2.93,0.23,0,NA,NA,NA,NA,NA,NA,NA,NA,NA,NA,NA,NA,NA,NA,NA,"2.93","0.23",0,NA,NA,NA,NA,NA,NA,NA,NA,NA,12.676,1.916,0,-0.013,0.177,0.943
"Mplus VERSION 7.11","0.1","03/04/2015"," 1:43 PM","ilse","u1","male","aehplus","nophys","reasoning","nophysspec","waisblockdesign",TRUE,252,3,NA,24,-2058.724,4165.447,4250.154,4174.07,4170.73334361233,"u1_male_aehplus_nophys_reasoning_nophysspec_waisblockdesign.out"," C:\Users\Besitzer\Desktop\ilse 03.03.dat",NA,NA,NA,NA,NA,NA,39.942,5.711,0,0.023,0.045,0.616,NA,NA,NA,18.471,1.693,0,NA,NA,NA,NA,NA,NA,NA,NA,NA,NA,NA,NA,NA,NA,NA,"18.471","1.693",0,NA,NA,NA,NA,NA,NA,NA,NA,NA,22.001,3.941,0,-0.86,0.409,0.035
"Mplus VERSION 7.11","0.1","04/13/2015","11:56 AM","ilse","u1","male","aehplus","nophys","reasoning","nophysspec","waispicturecompletion",TRUE,252,3,NA,22,-1560.629,3165.259,3242.906,3173.163,3169.6782139738,"u1_male_aehplus_nophys_reasoning_nophysspec_waispicturecompletion.out"," C:\Users\Besitzer\Desktop\ilse 03.03.dat",NA,NA,NA,NA,NA,NA,7.589,1.048,0,0.022,0.01,0.033,NA,NA,NA,3.859,0.387,0,NA,NA,NA,NA,NA,NA,NA,NA,NA,NA,NA,NA,NA,NA,NA,"3.859","0.387",0,NA,NA,NA,NA,NA,NA,NA,NA,NA,10.902,1.854,0,0.041,0.232,0.861
"Mplus VERSION 7.11","0.1","04/13/2015","11:30 AM","ilse","u1","male","aehplus","nophys","speed","nophysspec","digitsymbolsubstitutiontest",TRUE,252,3,NA,22,-2145.069,4334.138,4411.786,4342.043,4338.5572139738,"u1_male_aehplus_nophys_speed_nophysspec_digitsymbolsubstitutiontest.out"," C:\Users\Besitzer\Desktop\ilse 03.03.dat",NA,NA,NA,NA,NA,NA,92.684,10.606,0,0.16,0.052,0.002,NA,NA,NA,15.501,1.319,0,NA,NA,NA,NA,NA,NA,NA,NA,NA,NA,NA,NA,NA,NA,NA,"15.501","1.319",0,NA,NA,NA,NA,NA,NA,NA,NA,NA,38.001,5.737,0,-0.356,0.485,0.463
"Mplus VERSION 7.11","0.1","06/17/2015","11:13 AM","ilse","u1","male","age","nophys","fluency","nophysspec","lpsspatialability",TRUE,253,3,NA,8,-1900.426,3816.853,3845.12,3819.758,3817.44316393443,"u1_male_age_nophys_fluency_nophysspec_lpsspatialability.out"," C:\Users\Besitzer\Desktop\ilse 03.03.dat",NA,NA,NA,NA,NA,NA,31.282,3.996,0,0.102,0.02,0,NA,NA,NA,7.999,0.618,0,NA,NA,NA,NA,NA,NA,NA,NA,NA,NA,NA,NA,NA,NA,NA,"7.999","0.618",0,NA,NA,NA,NA,NA,NA,NA,NA,NA,21.784,2.941,0,-0.665,0.306,0.03
"Mplus VERSION 7.11","0.1","06/17/2015","10:54 AM","ilse","u1","male","age","nophys","fluency","nophysspec","waisgeneralknowledge",TRUE,253,3,NA,8,-1571.265,3158.529,3186.796,3161.435,3159.11916393443,"u1_male_age_nophys_fluency_nophysspec_waisgeneralknowledge.out"," C:\Users\Besitzer\Desktop\ilse 03.03.dat",NA,NA,NA,NA,NA,NA,14.321,1.962,0,0.001,0.006,0.885,NA,NA,NA,3.042,0.234,0,NA,NA,NA,NA,NA,NA,NA,NA,NA,NA,NA,NA,NA,NA,NA,"3.042","0.234",0,NA,NA,NA,NA,NA,NA,NA,NA,NA,14.993,2.087,0,0.044,0.161,0.786
"Mplus VERSION 7.11","0.1","03/02/2015"," 8:25 PM","ilse","b1","female","a","muscle","fluency","grip","verbalfluencytest",TRUE,228,3,NA,23,-4092.287,8230.575,8309.45,8236.555,8235.98676470588,"b1_female_a_muscle_fluency_grip_verbalfluencytest.out"," C:\Users\Besitzer\Desktop\ilse 02.03.dat",206.495,43.162,0,1.271,1.084,0.241,50.903,6.931,0,0.037,0.072,0.61,NA,NA,NA,26.029,2.568,0,575.983,93.54,0,NA,NA,NA,2.448,12.785,0.848,0.097,0.179,0.59,NA,NA,NA,"26.029","2.568",0,5.504,5.218,0.291,59.476,10.341,0,-2.902,1.732,0.094,25.635,5.021,0,-0.124,0.428,0.772
"Mplus VERSION 7.11","0.1","03/02/2015"," 8:15 PM","ilse","b1","female","a","muscle","knowledge","grip","waisgeneralknowledge",TRUE,228,3,NA,23,-3584.772,7215.545,7294.42,7221.526,7220.95676470588,"b1_female_a_muscle_knowledge_grip_waisgeneralknowledge.out"," C:\Users\Besitzer\Desktop\ilse 02.03.dat",201.788,43.796,0,1.312,1.091,0.229,18.513,2.428,0,0.014,0.008,0.075,NA,NA,NA,2.951,0.35,0,586.59,90.424,0,NA,NA,NA,-0.792,6.391,0.901,0.07,0.051,0.166,NA,NA,NA,"2.951","0.35",0,-0.202,1.536,0.895,59.79,10.743,0,-2.706,1.668,0.105,13.025,2.38,0,0.373,0.169,0.027
"Mplus VERSION 7.11","0.1","03/02/2015"," 8:18 PM","ilse","b1","female","a","muscle","reasoning","grip","lpsspatialability",TRUE,228,3,NA,23,-3897.201,7840.401,7919.276,7846.382,7845.81276470588,"b1_female_a_muscle_reasoning_grip_lpsspatialability.out"," C:\Users\Besitzer\Desktop\ilse 02.03.dat",184.593,43.551,0,0.958,1.183,0.418,33.134,4.655,0,0.028,0.029,0.338,NA,NA,NA,11.479,0.876,0,610.242,93.675,0,NA,NA,NA,-8.4,9.486,0.376,-0.031,0.102,0.761,NA,NA,NA,"11.479","0.876",0,4.654,3.492,0.183,57.456,9.871,0,-2.132,1.662,0.2,11.324,3.706,0.002,0.116,0.301,0.7
"Mplus VERSION 7.11","0.1","03/02/2015"," 4:55 PM","ilse","b1","female","a","muscle","reasoning","grip","waisblockdesign",TRUE,228,3,NA,23,-3997.523,8041.046,8119.921,8047.026,8046.45776470588,"b1_female_a_muscle_reasoning_grip_waisblockdesign.out"," C:\Users\Besitzer\Desktop\ilse 02.03.dat",199.826,43.17,0,1.18,1.2,0.325,50.856,6.667,0,0.091,0.048,0.057,NA,NA,NA,14.744,1.663,0,584.359,92.467,0,NA,NA,NA,-13.481,13.116,0.304,0.103,0.132,0.433,NA,NA,NA,"14.744","1.663",0,2.597,3.655,0.477,59.626,10.179,0,-2.52,1.655,0.128,19.495,4.532,0,-0.159,0.376,0.672
"Mplus VERSION 7.11","0.1","03/02/2015"," 5:02 PM","ilse","b1","female","a","muscle","reasoning","grip","waispicturecompletion",TRUE,228,3,NA,23,-3661.158,7368.317,7447.192,7374.297,7373.72876470588,"b1_female_a_muscle_reasoning_grip_waispicturecompletion.out"," C:\Users\Besitzer\Desktop\ilse 02.03.dat",196.585,42.174,0,0.843,1.075,0.433,8.803,1.695,0,0.019,0.016,0.217,NA,NA,NA,6.446,0.638,0,604.553,94.297,0,NA,NA,NA,-0.294,6.091,0.962,0.002,0.084,0.983,NA,NA,NA,"6.446","0.638",0,-1.967,2.277,0.388,57.741,10.614,0,-2.38,1.799,0.186,9.176,2.137,0,0.412,0.224,0.066
"Mplus VERSION 7.11","0.1","03/02/2015"," 8:21 PM","ilse","b1","female","a","muscle","speed","grip","digitsymbolsubstitutiontest",TRUE,228,3,NA,23,-4068.521,8183.042,8261.917,8189.023,8188.45376470588,"b1_female_a_muscle_speed_grip_digitsymbolsubstitutiontest.out"," C:\Users\Besitzer\Desktop\ilse 02.03.dat",187.889,42.831,0,1.036,1.123,0.356,111.757,13.072,0,0.066,0.043,0.127,NA,NA,NA,14.22,1.102,0,588.908,92.74,0,NA,NA,NA,-32.4,17.15,0.059,0.008,0.112,0.944,NA,NA,NA,"14.22","1.102",0,-4.07,3.299,0.217,60.457,10.099,0,-2.721,1.679,0.105,39.827,6.438,0,-0.045,0.354,0.898
"Mplus VERSION 7.11","0.1","03/03/2015"," 3:21 PM","ilse","b1","female","aeh","muscle","fluency","grip","verbalfluencytest",TRUE,226,3,NA,37,-4086.017,8246.034,8372.594,8255.332,8260.99144680851,"b1_female_aeh_muscle_fluency_grip_verbalfluencytest.out"," C:\Users\Besitzer\Desktop\ilse 03.03.dat",414.84,68.582,0,4.79,1.273,0,45.059,6.609,0,0.031,0.075,0.674,174.177,20.783,0,25.955,2.499,0,174.177,20.783,0,NA,NA,NA,13.378,14.832,0.367,0.231,0.265,0.383,NA,NA,NA,"25.955","2.499",0,10.88,5.597,0.052,85.209,15.111,0,-6.908,2.251,0.002,24.202,4.885,0,-0.118,0.469,0.802
"Mplus VERSION 7.11","0.1","03/03/2015"," 3:18 PM","ilse","b1","female","aeh","muscle","knowledge","grip","waisgeneralknowledge",TRUE,226,3,NA,37,-3579.056,7232.111,7358.671,7241.409,7247.06844680851,"b1_female_aeh_muscle_knowledge_grip_waisgeneralknowledge.out"," C:\Users\Besitzer\Desktop\ilse 03.03.dat",419.302,70.349,0,5.056,1.345,0,15.424,1.922,0,0.015,0.008,0.083,169.789,21.903,0,2.891,0.341,0,169.789,21.903,0,NA,NA,NA,3.225,7.065,0.648,0.122,0.104,0.241,NA,NA,NA,"2.891","0.341",0,-1.644,1.711,0.337,84.625,15.361,0,-6.554,2.422,0.007,12.495,2.221,0,0.353,0.209,0.091
"Mplus VERSION 7.11","0.1","03/03/2015"," 3:24 PM","ilse","b1","female","aeh","muscle","reasoning","grip","lpsspatialability",TRUE,226,3,NA,37,-3898.29,7870.58,7997.14,7879.878,7885.53744680851,"b1_female_aeh_muscle_reasoning_grip_lpsspatialability.out"," C:\Users\Besitzer\Desktop\ilse 03.03.dat",410.011,70.261,0,4.492,1.299,0.001,30.206,4.501,0,0.017,0.028,0.54,176.934,22.19,0,11.476,0.918,0,176.934,22.19,0,NA,NA,NA,2.503,11.018,0.82,0.09,0.162,0.58,NA,NA,NA,"11.476","0.918",0,-0.953,3.935,0.809,84.134,14.949,0,-6.199,2.301,0.007,11.027,4.02,0.006,0.105,0.302,0.729
"Mplus VERSION 7.11","0.1","03/03/2015"," 2:25 PM","ilse","b1","female","aeh","muscle","reasoning","grip","waisblockdesign",TRUE,226,3,NA,37,-3994.894,8063.789,8190.349,8073.087,8078.74644680851,"b1_female_aeh_muscle_reasoning_grip_waisblockdesign.out"," C:\Users\Besitzer\Desktop\ilse 03.03.dat",408.443,70.383,0,4.458,1.317,0.001,44.533,6.34,0,0.079,0.045,0.081,177.189,22.318,0,14.596,1.773,0,177.189,22.318,0,NA,NA,NA,-21.793,14.851,0.142,-0.03,0.21,0.887,NA,NA,NA,"14.596","1.773",0,7.611,4.163,0.067,84.379,16.024,0,-6.194,2.504,0.013,17.02,5.289,0.001,0.017,0.433,0.968
"Mplus VERSION 7.11","0.1","03/03/2015"," 1:59 PM","ilse","b1","female","aeh","muscle","reasoning","grip","waispicturecompletion",TRUE,226,3,NA,37,-3664.663,7403.326,7529.886,7412.624,7418.28344680851,"b1_female_aeh_muscle_reasoning_grip_waispicturecompletion.out"," C:\Users\Besitzer\Desktop\ilse 03.03.dat",412.228,70.088,0,4.67,1.292,0,7.863,1.615,0,0.016,0.016,0.328,175.646,22.405,0,6.414,0.677,0,175.646,22.405,0,NA,NA,NA,3.283,7.006,0.639,0.086,0.119,0.469,NA,NA,NA,"6.414","0.677",0,0.243,2.742,0.929,84.201,15.22,0,-6.265,2.46,0.011,9.033,2.195,0,0.425,0.252,0.091
"Mplus VERSION 7.11","0.1","03/03/2015"," 1:52 PM","ilse","b1","female","aeh","muscle","speed","grip","digitsymbolsubstitutiontest",TRUE,226,3,NA,37,-4060.036,8194.073,8320.633,8203.371,8209.03044680851,"b1_female_aeh_muscle_speed_grip_digitsymbolsubstitutiontest.out"," C:\Users\Besitzer\Desktop\ilse 03.03.dat",413.692,69.339,0,4.82,1.304,0,95.938,11.849,0,0.065,0.045,0.15,175.02,22.506,0,14.062,1.062,0,175.02,22.506,0,NA,NA,NA,-44.695,20.093,0.026,0.114,0.166,0.49,NA,NA,NA,"14.062","1.062",0,-0.979,3.601,0.786,84.761,14.611,0,-6.399,2.45,0.009,36.701,6.081,0,0.049,0.442,0.912
"Mplus VERSION 7.11","0.1","03/03/2015"," 3:03 PM","ilse","b1","female","aehplus","muscle","fluency","grip","verbalfluencytest",TRUE,225,3,NA,49,-4057.412,8212.824,8380.213,8224.922,8240.824,"b1_female_aehplus_muscle_fluency_grip_verbalfluencytest.out"," C:\Users\Besitzer\Desktop\ilse 03.03.dat",408.715,70.63,0,4.866,1.379,0,43.337,7.059,0,0.031,0.079,0.692,171.095,21.577,0,25.719,2.529,0,171.095,21.577,0,NA,NA,NA,12.378,15.092,0.412,0.244,0.273,0.371,NA,NA,NA,"25.719","2.529",0,9.978,5.651,0.077,87.463,15.023,0,-7.134,2.381,0.003,23.127,5.274,0,-0.098,0.501,0.844
"Mplus VERSION 7.11","0.1","03/03/2015"," 3:13 PM","ilse","b1","female","aehplus","muscle","knowledge","grip","waisgeneralknowledge",TRUE,225,3,NA,49,-3557.459,7212.918,7380.307,7225.016,7240.918,"b1_female_aehplus_muscle_knowledge_grip_waisgeneralknowledge.out"," C:\Users\Besitzer\Desktop\ilse 03.03.dat",412.951,71.643,0,5.111,1.411,0,15.38,1.982,0,0.014,0.009,0.128,166.841,22.354,0,2.906,0.354,0,166.841,22.354,0,NA,NA,NA,3.608,7.232,0.618,0.121,0.108,0.263,NA,NA,NA,"2.906","0.354",0,-1.703,1.751,0.331,86.839,15.461,0,-6.779,2.568,0.008,12.742,2.369,0,0.313,0.209,0.134
"Mplus VERSION 7.11","0.1","05/26/2015","10:39 AM","ilse","b1","female","aehplus","muscle","reasoning","grip","lpsspatialability",TRUE,225,3,NA,49,-3871.216,7840.433,8007.821,7852.53,7868.433,"b1_female_aehplus_muscle_reasoning_grip_lpsspatialability.out"," C:\Users\Besitzer\Desktop\ilse 03.03.dat",403.82,72.108,0,4.56,1.38,0.001,29.958,4.636,0,0.012,0.031,0.687,173.738,23.066,0,11.362,0.947,0,173.738,23.066,0,NA,NA,NA,1.692,11.22,0.88,0.08,0.164,0.626,NA,NA,NA,"11.362","0.947",0,-0.49,3.889,0.9,86.37,15.182,0,-6.436,2.396,0.007,11.665,4.111,0.005,0.142,0.319,0.656
"Mplus VERSION 7.11","0.1","03/03/2015"," 2:46 PM","ilse","b1","female","aehplus","muscle","reasoning","grip","waisblockdesign",TRUE,225,3,NA,49,-3965.902,8029.805,8197.194,8041.903,8057.805,"b1_female_aehplus_muscle_reasoning_grip_waisblockdesign.out"," C:\Users\Besitzer\Desktop\ilse 03.03.dat",401.703,74.487,0,4.501,1.416,0.001,43.094,6.584,0,0.076,0.046,0.096,174.102,23.252,0,14.405,1.79,0,174.102,23.252,0,NA,NA,NA,-25.934,15.157,0.087,-0.026,0.215,0.902,NA,NA,NA,"14.405","1.79",0,7.004,4.337,0.106,86.9,16.411,0,-6.533,2.597,0.012,17.601,5.415,0.001,0.091,0.481,0.85
"Mplus VERSION 7.11","0.1","03/03/2015"," 2:57 PM","ilse","b1","female","aehplus","muscle","reasoning","grip","waispicturecompletion",TRUE,225,3,NA,49,-3641.888,7381.776,7549.165,7393.874,7409.776,"b1_female_aehplus_muscle_reasoning_grip_waispicturecompletion.out"," C:\Users\Besitzer\Desktop\ilse 03.03.dat",406.135,72.14,0,4.731,1.373,0.001,7.569,1.594,0,0.015,0.017,0.365,172.37,22.868,0,6.429,0.707,0,172.37,22.868,0,NA,NA,NA,1.934,7.019,0.783,0.08,0.126,0.527,NA,NA,NA,"6.429","0.707",0,0.342,2.818,0.903,86.466,15.578,0,-6.512,2.678,0.015,9.366,2.29,0,0.375,0.29,0.196
"Mplus VERSION 7.11","0.1","03/03/2015"," 3:11 PM","ilse","b1","female","aehplus","muscle","speed","grip","digitsymbolsubstitutiontest",TRUE,225,3,NA,49,-4034.679,8167.358,8334.747,8179.456,8195.358,"b1_female_aehplus_muscle_speed_grip_digitsymbolsubstitutiontest.out"," C:\Users\Besitzer\Desktop\ilse 03.03.dat",406.526,72.029,0,4.857,1.365,0,94.08,11.896,0,0.065,0.049,0.182,172.238,23.065,0,14.12,1.139,0,172.238,23.065,0,NA,NA,NA,-45.081,21.239,0.034,0.122,0.174,0.484,NA,NA,NA,"14.12","1.139",0,-0.871,3.824,0.82,87.056,14.743,0,-6.626,2.653,0.013,36.789,6.608,0,0.089,0.445,0.841
"Mplus VERSION 7.11","0.1","03/03/2015"," 9:36 AM","ilse","b1","male","a","muscle","fluency","grip","verbalfluencytest",TRUE,253,3,NA,23,-4492.943,9031.886,9113.154,9040.24,9036.70696069869,"b1_male_a_muscle_fluency_grip_verbalfluencytest.out"," C:\Users\Besitzer\Desktop\ilse 02.03.dat",287.023,53.531,0,0.876,1.476,0.553,55.805,8.554,0,0.03,0.071,0.67,NA,NA,NA,23.111,2.384,0,388.124,55.952,0,NA,NA,NA,25.989,12.874,0.044,-0.029,0.114,0.801,NA,NA,NA,"23.111","2.384",0,12.06,4.214,0.004,85.95,10.911,0,-1.586,1.164,0.173,24.797,4.621,0,-0.076,0.419,0.857
"Mplus VERSION 7.11","0.1","03/02/2015"," 8:15 PM","ilse","b1","male","a","muscle","knowledge","grip","waisgeneralknowledge",TRUE,253,3,NA,23,-3927.523,7901.045,7982.313,7909.399,7905.86596069869,"b1_male_a_muscle_knowledge_grip_waisgeneralknowledge.out"," C:\Users\Besitzer\Desktop\ilse 02.03.dat",281.699,51.004,0,1.121,1.418,0.429,14.308,2.042,0,0.001,0.007,0.906,NA,NA,NA,3.046,0.267,0,405.985,56.505,0,NA,NA,NA,15.492,6.927,0.025,-0.016,0.046,0.725,NA,NA,NA,"3.046","0.267",0,-0.478,1.782,0.788,85.868,10.757,0,-1.516,1.132,0.18,14.991,2.143,0,0.044,0.17,0.797
"Mplus VERSION 7.11","0.1","03/02/2015"," 8:19 PM","ilse","b1","male","a","muscle","reasoning","grip","lpsspatialability",TRUE,253,3,NA,23,-4255.078,8556.156,8637.424,8564.51,8560.97696069869,"b1_male_a_muscle_reasoning_grip_lpsspatialability.out"," C:\Users\Besitzer\Desktop\ilse 02.03.dat",280.606,52.166,0,1.184,1.426,0.407,31.24,4.154,0,0.103,0.021,0,NA,NA,NA,7.995,0.625,0,396.19,57.001,0,NA,NA,NA,28.336,9.602,0.003,0.122,0.104,0.238,NA,NA,NA,"7.995","0.625",0,-1.715,2.375,0.47,86.074,10.763,0,-1.631,1.202,0.175,21.784,2.997,0,-0.665,0.326,0.041
"Mplus VERSION 7.11","0.1","05/05/2015","10:20 AM","ilse","b1","male","a","muscle","reasoning","grip","waisblockdesign",TRUE,253,3,NA,23,-4452.153,8950.305,9031.573,8958.659,8955.12596069869,"b1_male_a_muscle_reasoning_grip_waisblockdesign.out"," C:\Users\Besitzer\Desktop\ilse 02.03.dat",281.082,53.772,0,1.142,1.403,0.416,51.637,7.312,0,0.031,0.042,0.465,NA,NA,NA,18.86,1.776,0,398.874,56.627,0,NA,NA,NA,25.814,13.566,0.057,0.026,0.13,0.843,NA,NA,NA,"18.86","1.776",0,-6.114,4.085,0.134,85.325,11.192,0,-1.479,1.262,0.241,22.276,3.869,0,-0.729,0.372,0.05
"Mplus VERSION 7.11","0.1","03/02/2015"," 5:33 PM","ilse","b1","male","a","muscle","reasoning","grip","waispicturecompletion",TRUE,253,3,NA,45,-3929.329,7948.659,8107.661,7965.003,7968.659,"b1_male_a_muscle_reasoning_grip_waispicturecompletion.out"," C:\Users\Besitzer\Desktop\ilse 02.03.dat",368.488,53.082,0,1.819,1.04,0.08,7.398,1.033,0,0.021,0.01,0.045,174.615,19.452,0,3.864,0.392,0,174.615,19.452,0,NA,NA,NA,11.885,6.717,0.077,0.06,0.093,0.517,NA,NA,NA,"3.864","0.392",0,3.947,2.545,0.121,85.596,15.223,0,-2.212,1.775,0.213,11.148,1.828,0,-0.034,0.244,0.891
"Mplus VERSION 7.11","0.1","03/02/2015"," 8:23 PM","ilse","b1","male","a","muscle","speed","grip","digitsymbolsubstitutiontest",TRUE,253,3,NA,23,-4531.291,9108.582,9189.85,9116.936,9113.40296069869,"b1_male_a_muscle_speed_grip_digitsymbolsubstitutiontest.out"," C:\Users\Besitzer\Desktop\ilse 02.03.dat",282.016,52.234,0,0.982,1.389,0.479,109.762,12.03,0,0.183,0.054,0.001,NA,NA,NA,15.436,1.325,0,403.325,57.601,0,NA,NA,NA,15.908,19.683,0.419,-0.122,0.137,0.374,NA,NA,NA,"15.436","1.325",0,4.558,3.629,0.209,85.286,10.819,0,-1.513,1.203,0.209,38.451,5.647,0,-0.012,0.462,0.979
"Mplus VERSION 7.11","0.1","03/03/2015"," 3:22 PM","ilse","b1","male","aeh","muscle","fluency","grip","verbalfluencytest",TRUE,253,3,NA,37,-4488.436,9050.871,9181.607,9064.31,9063.95006976744,"b1_male_aeh_muscle_fluency_grip_verbalfluencytest.out"," C:\Users\Besitzer\Desktop\ilse 03.03.dat",368.848,51.598,0,1.74,0.972,0.073,46.461,7.69,0,0.023,0.075,0.763,176.643,17.173,0,22.862,2.327,0,176.643,17.173,0,NA,NA,NA,9.973,13.711,0.467,0.046,0.143,0.749,NA,NA,NA,"22.862","2.327",0,13.316,4.95,0.007,86.021,14.852,0,-2.257,1.759,0.2,22.944,4.676,0,-0.408,0.519,0.432
"Mplus VERSION 7.11","0.1","03/03/2015"," 3:19 PM","ilse","b1","male","aeh","muscle","knowledge","grip","waisgeneralknowledge",TRUE,253,3,NA,37,-3915.954,7905.908,8036.643,7919.346,7918.98706976744,"b1_male_aeh_muscle_knowledge_grip_waisgeneralknowledge.out"," C:\Users\Besitzer\Desktop\ilse 03.03.dat",368.864,51.581,0,1.757,0.983,0.074,11.123,1.379,0,0.003,0.008,0.649,176.873,17.527,0,2.966,0.264,0,176.873,17.527,0,NA,NA,NA,8.071,7.115,0.257,0.016,0.066,0.81,NA,NA,NA,"2.966","0.264",0,-0.896,1.911,0.639,85.496,14.743,0,-2.068,1.828,0.258,12.911,1.988,0,0.005,0.187,0.978
"Mplus VERSION 7.11","0.1","03/03/2015"," 2:26 PM","ilse","b1","male","aeh","muscle","reasoning","grip","waisblockdesign",TRUE,253,3,NA,37,-4451.191,8976.381,9107.117,8989.82,8989.46006976744,"b1_male_aeh_muscle_reasoning_grip_waisblockdesign.out"," C:\Users\Besitzer\Desktop\ilse 03.03.dat",370.396,54.136,0,1.848,1.041,0.076,42.893,6.196,0,0.032,0.045,0.476,176.54,19.049,0,18.551,1.741,0,176.54,19.049,0,NA,NA,NA,12.677,14.073,0.368,0.088,0.169,0.601,NA,NA,NA,"18.551","1.741",0,-4.988,4.596,0.278,85.307,14.186,0,-2.106,1.831,0.25,20.276,4.027,0,-0.868,0.406,0.032
"Mplus VERSION 7.11","0.1","03/03/2015"," 1:58 PM","ilse","b1","male","aeh","muscle","reasoning","grip","waispicturecompletion",TRUE,253,3,NA,37,-3934.095,7942.19,8072.925,7955.628,7955.26906976744,"b1_male_aeh_muscle_reasoning_grip_waispicturecompletion.out"," C:\Users\Besitzer\Desktop\ilse 03.03.dat",370.226,53.202,0,1.837,1.041,0.077,7.611,1.029,0,0.023,0.011,0.03,175.349,19.298,0,3.864,0.397,0,175.349,19.298,0,NA,NA,NA,12.167,6.707,0.07,0.066,0.094,0.48,NA,NA,NA,"3.864","0.397",0,3.968,2.511,0.114,85.598,14.882,0,-2.178,1.74,0.211,11.018,1.829,0,-0.007,0.244,0.978
"Mplus VERSION 7.11","0.1","03/03/2015"," 1:51 PM","ilse","b1","male","aeh","muscle","speed","grip","digitsymbolsubstitutiontest",TRUE,253,3,NA,37,-4526.548,9127.097,9257.832,9140.536,9140.17606976744,"b1_male_aeh_muscle_speed_grip_digitsymbolsubstitutiontest.out"," C:\Users\Besitzer\Desktop\ilse 03.03.dat",373.041,52.112,0,1.956,1.023,0.056,93.014,10.712,0,0.165,0.06,0.006,174.354,18.136,0,15.422,1.356,0,174.354,18.136,0,NA,NA,NA,-10.584,18.069,0.558,-0.013,0.18,0.94,NA,NA,NA,"15.422","1.356",0,3.108,4.072,0.445,85.701,14.19,0,-2.337,1.803,0.195,37.718,5.72,0,-0.361,0.482,0.454
"Mplus VERSION 7.11","0.1","03/03/2015"," 3:05 PM","ilse","b1","male","aehplus","muscle","fluency","grip","verbalfluencytest",TRUE,252,3,NA,53,-4465.781,9037.561,9224.621,9056.603,9066.47009090909,"b1_male_aehplus_muscle_fluency_grip_verbalfluencytest.out"," C:\Users\Besitzer\Desktop\ilse 03.03.dat",361.061,53.657,0,1.731,1.036,0.095,46.421,8.465,0,0.02,0.078,0.802,174.564,18.435,0,22.838,2.468,0,174.564,18.435,0,NA,NA,NA,10.273,14.101,0.466,0.043,0.158,0.787,NA,NA,NA,"22.838","2.468",0,13.502,5.153,0.009,92.25,15.674,0,-3.007,1.872,0.108,22.373,5.035,0,-0.359,0.556,0.519
"Mplus VERSION 7.11","0.1","03/03/2015"," 3:14 PM","ilse","b1","male","aehplus","muscle","knowledge","grip","waisgeneralknowledge",TRUE,252,3,NA,53,-3891.867,7889.733,8076.793,7908.775,7918.64209090909,"b1_male_aehplus_muscle_knowledge_grip_waisgeneralknowledge.out"," C:\Users\Besitzer\Desktop\ilse 03.03.dat",361.098,54.752,0,1.752,1.049,0.095,11.09,1.505,0,0.002,0.008,0.76,174.594,18.302,0,2.928,0.268,0,174.594,18.302,0,NA,NA,NA,8.269,7.412,0.265,0.014,0.066,0.835,NA,NA,NA,"2.928","0.268",0,-0.811,1.919,0.673,91.699,16.504,0,-2.801,2.029,0.167,12.597,2.036,0,0.006,0.197,0.974
"Mplus VERSION 7.11","0.1","05/26/2015","10:41 AM","ilse","b1","male","aehplus","muscle","reasoning","grip","lpsspatialability",TRUE,252,3,NA,49,-4237.836,8573.672,8746.614,8591.277,8597.92942574258,"b1_male_aehplus_muscle_reasoning_grip_lpsspatialability.out"," C:\Users\Besitzer\Desktop\ilse 03.03.dat",364.262,52.876,0,1.898,1.041,0.068,27.66,3.709,0,0.097,0.023,0,172.658,18.074,0,7.963,0.655,0,172.658,18.074,0,NA,NA,NA,18.435,10.367,0.075,0.187,0.144,0.196,NA,NA,NA,"7.963","0.655",0,-1.322,2.745,0.63,92.375,14.895,0,-2.953,1.941,0.128,20.59,3.29,0,-0.774,0.362,0.033
"Mplus VERSION 7.11","0.1","05/05/2015","10:18 AM","ilse","b1","male","aehplus","muscle","reasoning","grip","waisblockdesign",TRUE,252,3,NA,53,-4419.757,8945.514,9132.574,8964.556,8974.42309090909,"b1_male_aehplus_muscle_reasoning_grip_waisblockdesign.out"," C:\Users\Besitzer\Desktop\ilse 03.03.dat",362.678,55.545,0,1.843,1.119,0.1,40.206,5.999,0,0.031,0.052,0.552,174.216,19.41,0,18.24,1.762,0,174.216,19.41,0,NA,NA,NA,10.293,14.008,0.462,0.077,0.175,0.659,NA,NA,NA,"18.24","1.762",0,-4.854,4.67,0.299,91.444,15.442,0,-2.789,2.066,0.177,22.033,4.395,0,-0.881,0.437,0.044
"Mplus VERSION 7.11","0.1","03/03/2015"," 2:56 PM","ilse","b1","male","aehplus","muscle","reasoning","grip","waispicturecompletion",TRUE,252,3,NA,53,-3908.702,7923.404,8110.463,7942.445,7952.31309090909,"b1_male_aehplus_muscle_reasoning_grip_waispicturecompletion.out"," C:\Users\Besitzer\Desktop\ilse 03.03.dat",363.212,55.318,0,1.855,1.129,0.1,7.55,1.1,0,0.02,0.011,0.075,172.563,20.394,0,3.865,0.424,0,172.563,20.394,0,NA,NA,NA,11.778,6.737,0.08,0.078,0.11,0.478,NA,NA,NA,"3.865","0.424",0,4.253,2.775,0.125,91.654,16.443,0,-2.864,1.983,0.149,10.976,2.12,0,0.051,0.26,0.845
"Mplus VERSION 7.11","0.1","03/03/2015"," 3:13 PM","ilse","b1","male","aehplus","muscle","speed","grip","digitsymbolsubstitutiontest",TRUE,252,3,NA,53,-4505.046,9116.093,9303.153,9135.135,9145.00209090909,"b1_male_aehplus_muscle_speed_grip_digitsymbolsubstitutiontest.out"," C:\Users\Besitzer\Desktop\ilse 03.03.dat",365.306,54.14,0,1.944,1.13,0.085,92.551,11.385,0,0.159,0.061,0.009,172.324,19.441,0,15.506,1.399,0,172.324,19.441,0,NA,NA,NA,-11.386,18.163,0.531,-0.008,0.193,0.965,NA,NA,NA,"15.506","1.399",0,3.224,4.349,0.458,91.819,15.497,0,-2.998,2.009,0.136,38.417,6.073,0,-0.338,0.536,0.528
"Mplus VERSION 7.11","0.1","03/02/2015"," 4:53 PM","ilse","u0","female","empty","muscle","nocog","grip","nocogspec",TRUE,238,3,NA,3,-2348.955,4703.911,4714.328,4704.819,4704.01356410256,"u0_female_empty_muscle_nocog_grip_nocogspec.out"," C:\Users\Besitzer\Desktop\ILSE 02.03.dat",NA,NA,NA,NA,NA,NA,NA,NA,NA,NA,NA,NA,433.292,25.987,0,NA,NA,NA,433.292,25.987,0,NA,NA,NA,NA,NA,NA,NA,NA,NA,NA,NA,NA,NA,NA,NA,NA,NA,NA,NA,NA,NA,NA,NA,NA,NA,NA,NA,NA,NA,NA
"Mplus VERSION 7.11","0.1","03/02/2015"," 4:53 PM","ilse","u0","male","empty","muscle","nocog","grip","nocogspec",TRUE,260,3,NA,3,-2514.185,5034.371,5045.053,5035.542,5034.46475,"u0_male_empty_muscle_nocog_grip_nocogspec.out"," C:\Users\Besitzer\Desktop\ILSE 02.03.dat",NA,NA,NA,NA,NA,NA,NA,NA,NA,NA,NA,NA,290.819,24.165,0,NA,NA,NA,290.819,24.165,0,NA,NA,NA,NA,NA,NA,NA,NA,NA,NA,NA,NA,NA,NA,NA,NA,NA,NA,NA,NA,NA,NA,NA,NA,NA,NA,NA,NA,NA,NA
"Mplus VERSION 7.11","0.1","03/04/2015"," 1:49 PM","ilse","u1","female","a","muscle","nocog","grip","nocogspec",TRUE,226,3,NA,8,-2154.489,4324.979,4352.343,4326.989,4325.64259447005,"u1_female_a_muscle_nocog_grip_nocogspec.out"," C:\Users\Besitzer\Desktop\ilse 03.03.dat",418.263,66.151,0,4.354,1.163,0,NA,NA,NA,NA,NA,NA,183.123,21.905,0,NA,NA,NA,183.123,21.905,0,NA,NA,NA,NA,NA,NA,NA,NA,NA,NA,NA,NA,NA,NA,NA,NA,NA,NA,83.965,12.684,0,-5.754,1.984,0.004,NA,NA,NA,NA,NA,NA
"Mplus VERSION 7.11","0.1","03/04/2015","10:01 AM","ilse","u1","female","aeh","muscle","nocog","grip","nocogspec",TRUE,224,3,NA,16,-2129.458,4290.916,4345.502,4294.795,4293.54401932367,"u1_female_aeh_muscle_nocog_grip_nocogspec.out"," C:\Users\Besitzer\Desktop\ilse 03.03.dat",409.283,66.65,0,4.502,1.192,0,NA,NA,NA,NA,NA,NA,177.543,21.311,0,NA,NA,NA,177.543,21.311,0,NA,NA,NA,NA,NA,NA,NA,NA,NA,NA,NA,NA,NA,NA,NA,NA,NA,NA,84.371,13.976,0,-6.365,2.202,0.004,NA,NA,NA,NA,NA,NA
"Mplus VERSION 7.11","0.1","03/04/2015"," 1:44 PM","ilse","u1","female","aehplus","muscle","nocog","grip","nocogspec",TRUE,223,3,NA,22,-2116.053,4276.106,4351.064,4281.343,4281.166,"u1_female_aehplus_muscle_nocog_grip_nocogspec.out"," C:\Users\Besitzer\Desktop\ilse 03.03.dat",403.666,67.743,0,4.587,1.247,0,NA,NA,NA,NA,NA,NA,174.032,21.453,0,NA,NA,NA,174.032,21.453,0,NA,NA,NA,NA,NA,NA,NA,NA,NA,NA,NA,NA,NA,NA,NA,NA,NA,NA,86.479,13.976,0,-6.517,2.289,0.004,NA,NA,NA,NA,NA,NA
"Mplus VERSION 7.11","0.1","03/04/2015"," 1:49 PM","ilse","u1","male","a","muscle","nocog","grip","nocogspec",TRUE,253,3,NA,8,-2384.891,4785.782,4814.049,4788.688,4786.37216393443,"u1_male_a_muscle_nocog_grip_nocogspec.out"," C:\Users\Besitzer\Desktop\ilse 03.03.dat",386.556,53.205,0,1.639,0.915,0.073,NA,NA,NA,NA,NA,NA,178.401,16.118,0,NA,NA,NA,178.401,16.118,0,NA,NA,NA,NA,NA,NA,NA,NA,NA,NA,NA,NA,NA,NA,NA,NA,NA,NA,87.834,11.27,0,-2.004,1.376,0.145,NA,NA,NA,NA,NA,NA
"Mplus VERSION 7.11","0.1","03/04/2015","10:04 AM","ilse","u1","male","aeh","muscle","nocog","grip","nocogspec",TRUE,253,3,NA,16,-2377.613,4787.226,4843.76,4793.037,4789.53108474576,"u1_male_aeh_muscle_nocog_grip_nocogspec.out"," C:\Users\Besitzer\Desktop\ilse 03.03.dat",370.267,49.452,0,1.79,0.938,0.056,NA,NA,NA,NA,NA,NA,176.808,16.124,0,NA,NA,NA,176.808,16.124,0,NA,NA,NA,NA,NA,NA,NA,NA,NA,NA,NA,NA,NA,NA,NA,NA,NA,NA,85.461,13.515,0,-2.083,1.616,0.197,NA,NA,NA,NA,NA,NA
"Mplus VERSION 7.11","0.1","03/04/2015","10:14 AM","ilse","u1","male","aehplus","muscle","nocog","grip","nocogspec",TRUE,252,3,NA,24,-2363.301,4774.602,4859.309,4783.225,4779.88834361233,"u1_male_aehplus_muscle_nocog_grip_nocogspec.out"," C:\Users\Besitzer\Desktop\ilse 03.03.dat",362.344,50.964,0,1.771,0.985,0.072,NA,NA,NA,NA,NA,NA,174.486,16.664,0,NA,NA,NA,174.486,16.664,0,NA,NA,NA,NA,NA,NA,NA,NA,NA,NA,NA,NA,NA,NA,NA,NA,NA,NA,91.596,14.284,0,-2.783,1.742,0.11,NA,NA,NA,NA,NA,NA
"Mplus VERSION 7.11","0.1","06/30/2015"," 3:33 PM","ilse","b1","female","aeh","tug","fluency","tug","verbalfluencytest",TRUE,226,3,NA,37,-2728.637,5531.273,5657.833,5540.571,5546.23044680851,"b1_female_aeh_tug_fluency_tug_verbalfluencytest.out"," C:\Users\Besitzer\Desktop\ilse 03.03.dat",1.664,0.646,0.01,0.003,0.01,0.763,45.243,6.809,0,0.031,0.075,0.676,1.617,0.276,0,25.853,2.4,0,1.617,0.276,0,NA,NA,NA,-0.738,1.549,0.634,0.007,0.017,0.694,NA,NA,NA,"25.853","2.4",0,-0.632,0.669,0.344,4.959,1.979,0.012,0.172,0.319,0.589,24.184,5.085,0,-0.118,0.57,0.836
"Mplus VERSION 7.11","0.1","06/30/2015"," 3:33 PM","ilse","b1","female","aeh","tug","knowledge","tug","waisgeneralknowledge",TRUE,226,3,NA,37,-2219.279,4512.558,4639.118,4521.856,4527.51544680851,"b1_female_aeh_tug_knowledge_tug_waisgeneralknowledge.out"," C:\Users\Besitzer\Desktop\ilse 03.03.dat",1.616,0.668,0.016,0.003,0.009,0.762,15.338,1.898,0,0.012,0.009,0.172,1.626,0.281,0,2.968,0.359,0,1.626,0.281,0,NA,NA,NA,-0.263,0.835,0.752,0.001,0.006,0.82,NA,NA,NA,"2.968","0.359",0,-0.062,0.229,0.786,4.962,1.676,0.003,0.175,0.205,0.393,12.479,2.241,0,0.361,0.238,0.128
"Mplus VERSION 7.11","0.1","06/30/2015"," 3:33 PM","ilse","b1","female","aeh","tug","reasoning","tug","lpsspacialability",TRUE,226,3,NA,37,-2538.895,5151.789,5278.349,5161.087,5166.74644680851,"b1_female_aeh_tug_reasoning_tug_lpsspacialability.out"," C:\Users\Besitzer\Desktop\ilse 03.03.dat",1.602,0.691,0.02,0.003,0.01,0.794,30.213,4.416,0,0.017,0.029,0.545,1.641,0.299,0,11.464,0.913,0,1.641,0.299,0,NA,NA,NA,-0.559,1.133,0.622,-0.001,0.012,0.937,NA,NA,NA,"11.464","0.913",0,-0.221,0.51,0.665,4.969,1.807,0.006,0.166,0.218,0.445,11.025,4.204,0.009,0.105,0.308,0.733
"Mplus VERSION 7.11","0.1","06/30/2015"," 3:32 PM","ilse","b1","female","aeh","tug","reasoning","tug","waisblockdesign",TRUE,226,3,NA,37,-2638.819,5351.638,5478.198,5360.936,5366.59544680851,"b1_female_aeh_tug_reasoning_tug_waisblockdesign.out"," C:\Users\Besitzer\Desktop\ilse 03.03.dat",1.655,0.692,0.017,0.003,0.01,0.774,44.658,6.18,0,0.079,0.047,0.091,1.627,0.289,0,14.564,1.733,0,1.627,0.289,0,NA,NA,NA,-0.834,1.373,0.543,0.001,0.014,0.944,NA,NA,NA,"14.564","1.733",0,0.351,0.426,0.41,4.973,1.742,0.004,0.169,0.221,0.444,16.997,5.257,0.001,0.007,0.473,0.988
"Mplus VERSION 7.11","0.1","06/30/2015"," 3:32 PM","ilse","b1","female","aeh","tug","reasoning","tug","waispicturecompletion",TRUE,226,3,NA,37,-2303.615,4681.23,4807.79,4690.528,4696.18744680851,"b1_female_aeh_tug_reasoning_tug_waispicturecompletion.out"," C:\Users\Besitzer\Desktop\ilse 03.03.dat",1.651,0.679,0.015,0.003,0.009,0.768,7.899,1.713,0,0.015,0.017,0.37,1.622,0.273,0,6.433,0.683,0,1.622,0.273,0,NA,NA,NA,-0.051,0.77,0.947,0.003,0.009,0.719,NA,NA,NA,"6.433","0.683",0,-0.037,0.315,0.907,4.961,1.707,0.004,0.174,0.189,0.357,9.016,2.225,0,0.433,0.254,0.089
"Mplus VERSION 7.11","0.1","06/30/2015"," 3:32 PM","ilse","b1","female","aeh","tug","speed","tug","digitsymbolsubstitutiontest",TRUE,226,3,NA,37,-2700.192,5474.385,5600.945,5483.683,5489.34244680851,"b1_female_aeh_tug_speed_tug_digitsymbolsubstitutiontest.out"," C:\Users\Besitzer\Desktop\ilse 03.03.dat",1.557,0.691,0.024,0.003,0.01,0.789,96.073,12.242,0,0.058,0.045,0.192,1.649,0.277,0,14.19,1.094,0,1.649,0.277,0,NA,NA,NA,-2.513,1.901,0.186,0.001,0.017,0.938,NA,NA,NA,"14.19","1.094",0,0.172,0.516,0.738,5.047,1.757,0.004,0.151,0.216,0.484,36.655,6.672,0,0.062,0.451,0.891
"Mplus VERSION 7.11","0.1","06/30/2015"," 3:35 PM","ilse","b1","female","aehplus","tug","fluency","tug","verbalfluencytest",TRUE,225,3,NA,49,-2704.24,5506.479,5673.868,5518.577,5534.479,"b1_female_aehplus_tug_fluency_tug_verbalfluencytest.out"," C:\Users\Besitzer\Desktop\ilse 03.03.dat",1.598,0.659,0.015,0.003,0.01,0.789,43.47,7.136,0,0.03,0.079,0.705,1.596,0.296,0,25.651,2.425,0,1.596,0.296,0,NA,NA,NA,-0.332,1.613,0.837,0.006,0.018,0.72,NA,NA,NA,"25.651","2.425",0,-0.563,0.687,0.412,5.02,1.978,0.011,0.131,0.334,0.696,23.104,5.436,0,-0.088,0.622,0.887
"Mplus VERSION 7.11","0.1","06/30/2015"," 3:35 PM","ilse","b1","female","aehplus","tug","knowledge","tug","waisgeneralknowledge",TRUE,225,3,NA,49,-2201.794,4501.588,4668.977,4513.686,4529.588,"b1_female_aehplus_tug_knowledge_tug_waisgeneralknowledge.out"," C:\Users\Besitzer\Desktop\ilse 03.03.dat",1.571,0.671,0.019,0.003,0.01,0.766,15.294,1.959,0,0.011,0.009,0.231,1.6,0.305,0,2.982,0.365,0,1.6,0.305,0,NA,NA,NA,-0.189,0.886,0.831,0.001,0.007,0.889,NA,NA,NA,"2.982","0.365",0,-0.087,0.241,0.718,5.042,1.649,0.002,0.126,0.211,0.55,12.721,2.33,0,0.329,0.228,0.149
"Mplus VERSION 7.11","0.1","06/30/2015"," 3:35 PM","ilse","b1","female","aehplus","tug","reasoning","tug","lpsspacialability",TRUE,225,3,NA,49,-2515.702,5129.403,5296.792,5141.501,5157.403,"b1_female_aehplus_tug_reasoning_tug_lpsspacialability.out"," C:\Users\Besitzer\Desktop\ilse 03.03.dat",1.545,0.698,0.027,0.002,0.011,0.818,29.952,4.485,0,0.012,0.031,0.696,1.619,0.31,0,11.361,0.934,0,1.619,0.31,0,NA,NA,NA,-0.35,1.2,0.77,-0.001,0.012,0.954,NA,NA,NA,"11.361","0.934",0,-0.223,0.524,0.671,5.034,1.785,0.005,0.121,0.232,0.602,11.667,4.303,0.007,0.139,0.32,0.665
"Mplus VERSION 7.11","0.1","06/30/2015"," 3:39 PM","ilse","b1","female","aehplus","tug","reasoning","tug","waisblockdesign",TRUE,225,3,NA,49,-2613.273,5324.546,5491.935,5336.644,5352.546,"b1_female_aehplus_tug_reasoning_tug_waisblockdesign.out"," C:\Users\Besitzer\Desktop\ilse 03.03.dat",1.596,0.696,0.022,0.003,0.011,0.797,43.197,6.491,0,0.076,0.05,0.127,1.607,0.308,0,14.386,1.789,0,1.607,0.308,0,NA,NA,NA,-0.745,1.569,0.635,0.003,0.015,0.837,NA,NA,NA,"14.386","1.789",0,0.326,0.439,0.458,5.022,1.793,0.005,0.127,0.235,0.59,17.574,5.287,0.001,0.093,0.524,0.859
"Mplus VERSION 7.11","0.1","06/30/2015"," 3:34 PM","ilse","b1","female","aehplus","tug","reasoning","tug","waispicturecompletion",TRUE,225,3,NA,49,-2283.871,4665.742,4833.13,4677.839,4693.742,"b1_female_aehplus_tug_reasoning_tug_waispicturecompletion.out"," C:\Users\Besitzer\Desktop\ilse 03.03.dat",1.585,0.694,0.022,0.003,0.01,0.793,7.626,1.688,0,0.015,0.018,0.388,1.599,0.297,0,6.435,0.713,0,1.599,0.297,0,NA,NA,NA,0.069,0.9,0.939,0.004,0.01,0.726,NA,NA,NA,"6.435","0.713",0,-0.028,0.332,0.933,5.039,1.703,0.003,0.125,0.209,0.549,9.339,2.322,0,0.394,0.299,0.187
"Mplus VERSION 7.11","0.1","06/30/2015"," 3:34 PM","ilse","b1","female","aehplus","tug","speed","tug","digitsymbolsubstitution",TRUE,225,3,NA,49,-2679.539,5457.078,5624.467,5469.176,5485.078,"b1_female_aehplus_tug_speed_tug_digitsymbolsubstitution.out"," C:\Users\Besitzer\Desktop\ilse 03.03.dat",1.507,0.709,0.034,0.003,0.011,0.808,94.155,12.246,0,0.057,0.049,0.24,1.627,0.297,0,14.252,1.141,0,1.627,0.297,0,NA,NA,NA,-2.095,2.123,0.324,0.002,0.018,0.925,NA,NA,NA,"14.252","1.141",0,0.168,0.56,0.764,5.128,1.818,0.005,0.103,0.249,0.679,36.737,6.893,0,0.116,0.479,0.808
"Mplus VERSION 7.11","0.1","06/30/2015"," 3:37 PM","ilse","b1","female","age","tug","fluency","tug","verbalfluencytest",TRUE,228,3,NA,23,-2764.977,5575.955,5654.83,5581.935,5581.36676470588,"b1_female_age_tug_fluency_tug_verbalfluencytest.out"," C:\Users\Besitzer\Desktop\ilse 02.03.dat",1.775,0.422,0,0.012,0.011,0.278,50.886,6.935,0,0.035,0.072,0.628,NA,NA,NA,26.125,2.446,0,0.165,0.415,0.691,NA,NA,NA,-1.131,1.323,0.392,0.007,0.016,0.646,NA,NA,NA,"26.125","2.446",0,-0.936,0.7,0.181,4.725,1.197,0,0.27,0.134,0.044,25.589,5.146,0,-0.095,0.447,0.831
"Mplus VERSION 7.11","0.1","06/30/2015"," 3:37 PM","ilse","b1","female","age","tug","knowledge","tug","waisgeneralknowledge",TRUE,228,3,NA,23,-2258.549,4563.097,4641.972,4569.078,4568.50876470588,"b1_female_age_tug_knowledge_tug_waisgeneralknowledge.out"," C:\Users\Besitzer\Desktop\ilse 02.03.dat",1.785,0.466,0,0.011,0.011,0.299,18.558,2.478,0,0.016,0.008,0.061,NA,NA,NA,2.923,0.347,0,0.132,0.432,0.76,NA,NA,NA,-0.779,0.758,0.305,-0.005,0.005,0.319,NA,NA,NA,"2.923","0.347",0,0.101,0.221,0.647,4.898,1.039,0,0.253,0.114,0.027,12.99,2.407,0,0.389,0.166,0.019
"Mplus VERSION 7.11","0.1","06/30/2015"," 3:37 PM","ilse","b1","female","age","tug","reasoning","tug","lpsspacialability",TRUE,228,3,NA,23,-2573.19,5192.379,5271.254,5198.36,5197.79076470588,"b1_female_age_tug_reasoning_tug_lpsspacialability.out"," C:\Users\Besitzer\Desktop\ilse 02.03.dat",1.778,0.424,0,0.013,0.012,0.269,33.126,4.62,0,0.028,0.029,0.337,NA,NA,NA,11.487,0.874,0,0.125,0.416,0.764,NA,NA,NA,-1.086,1.031,0.292,-0.006,0.011,0.6,NA,NA,NA,"11.487","0.874",0,-0.215,0.482,0.656,4.8,1.116,0,0.269,0.119,0.023,11.373,3.764,0.003,0.087,0.315,0.782
"Mplus VERSION 7.11","0.1","06/30/2015"," 3:37 PM","ilse","b1","female","age","tug","reasoning","tug","waisblockdesign",TRUE,228,3,NA,23,-2674.184,5394.368,5473.243,5400.348,5399.77976470588,"b1_female_age_tug_reasoning_tug_waisblockdesign.out"," C:\Users\Besitzer\Desktop\ilse 02.03.dat",1.811,0.453,0,0.013,0.012,0.291,50.945,6.502,0,0.09,0.045,0.045,NA,NA,NA,14.752,1.715,0,0.119,0.45,0.791,NA,NA,NA,-1.557,1.105,0.159,-0.012,0.013,0.394,NA,NA,NA,"14.752","1.715",0,0.444,0.444,0.317,4.768,1.051,0,0.265,0.118,0.025,19.476,4.704,0,-0.157,0.391,0.689
"Mplus VERSION 7.11","0.1","06/30/2015"," 3:37 PM","ilse","b1","female","age","tug","reasoning","tug","waispicturecompletion",TRUE,228,3,NA,23,-2335.481,4716.962,4795.837,4722.943,4722.37376470588,"b1_female_age_tug_reasoning_tug_waispicturecompletion.out"," C:\Users\Besitzer\Desktop\ilse 02.03.dat",1.869,0.461,0,0.011,0.011,0.32,8.845,1.738,0,0.02,0.017,0.227,NA,NA,NA,6.439,0.629,0,0.089,0.469,0.85,NA,NA,NA,-0.627,0.641,0.328,-0.006,0.007,0.389,NA,NA,NA,"6.439","0.629",0,0.009,0.316,0.978,4.767,1.015,0,0.277,0.119,0.02,9.099,2.147,0,0.457,0.236,0.053
"Mplus VERSION 7.11","0.1","06/30/2015"," 3:36 PM","ilse","b1","female","age","tug","speed","tug","digitsymbolsubstitutiontest",TRUE,228,3,NA,23,-2740.69,5527.38,5606.255,5533.361,5532.79176470588,"b1_female_age_tug_speed_tug_digitsymbolsubstitutiontest.out"," C:\Users\Besitzer\Desktop\ilse 02.03.dat",1.764,0.421,0,0.013,0.011,0.246,111.916,13.23,0,0.067,0.045,0.13,NA,NA,NA,14.229,1.106,0,0.154,0.412,0.708,NA,NA,NA,-2.522,1.678,0.133,-0.001,0.015,0.931,NA,NA,NA,"14.229","1.106",0,-0.106,0.593,0.858,4.877,1.039,0,0.241,0.115,0.037,39.737,6.726,0,0.004,0.376,0.991
"Mplus VERSION 7.11","0.1","06/30/2015"," 3:16 PM","ilse","b1","male","aeh","tug","fluency","tug","verbalfluencytest",TRUE,253,3,NA,37,-3291.034,6656.067,6786.802,6669.506,6669.14606976744,"b1_male_aeh_tug_fluency_tug_verbalfluencytest.out"," C:\Users\Besitzer\Desktop\ilse 03.03.dat",0.215,3.688,0.954,0.001,0.048,0.977,46.397,7.568,0,0.017,0.075,0.818,9.441,2.315,0,22.982,2.404,0,9.441,2.315,0,NA,NA,NA,-2.066,5.223,0.692,0.001,0.074,0.994,NA,NA,NA,"22.982","2.404",0,0.007,2.484,0.998,5.622,4.542,0.216,0.114,0.793,0.886,22.902,5.073,0,-0.386,0.48,0.421
"Mplus VERSION 7.11","0.1","06/30/2015"," 3:16 PM","ilse","b1","male","aeh","tug","knowledge","tug","waisgeneralknowledge",TRUE,253,3,NA,37,-2710.986,5495.972,5626.707,5509.411,5509.05106976744,"b1_male_aeh_tug_knowledge_tug_waisgeneralknowledge.out"," C:\Users\Besitzer\Desktop\ilse 03.03.dat",0.287,3.499,0.935,0.001,0.052,0.978,11.171,1.382,0,0.005,0.008,0.533,9.344,2.296,0,2.925,0.231,0,9.344,2.296,0,NA,NA,NA,-0.722,2.042,0.724,0,0.023,0.986,NA,NA,NA,"2.925","0.231",0,-0.334,0.874,0.702,5.69,4.292,0.185,0.1,0.96,0.917,12.908,1.969,0,0.006,0.192,0.974
"Mplus VERSION 7.11","0.1","06/30/2015"," 3:40 PM","ilse","b1","male","aeh","tug","reasoning","tug","lpsspacialability",TRUE,253,3,NA,37,-3058.304,6190.609,6321.344,6204.048,6203.68806976744,"b1_male_aeh_tug_reasoning_tug_lpsspacialability.out"," C:\Users\Besitzer\Desktop\ilse 03.03.dat",0.239,3.545,0.946,0.002,0.047,0.961,28.006,3.693,0,0.098,0.021,0,9.434,2.173,0,7.998,0.641,0,9.434,2.173,0,NA,NA,NA,-1.248,3.599,0.729,0,0.057,0.996,NA,NA,NA,"7.998","0.641",0,0.369,1.804,0.838,5.529,4.625,0.232,0.12,0.87,0.89,20.478,3.242,0,-0.679,0.366,0.064
"Mplus VERSION 7.11","0.1","06/30/2015"," 3:17 PM","ilse","b1","male","aeh","tug","reasoning","tug","waisblockdesign",TRUE,253,3,NA,37,-3247.575,6569.149,6699.885,6582.588,6582.22806976744,"b1_male_aeh_tug_reasoning_tug_waisblockdesign.out"," C:\Users\Besitzer\Desktop\ilse 03.03.dat",0.302,3.437,0.93,0.002,0.048,0.973,43.285,6.17,0,0.045,0.049,0.36,9.316,2.029,0,18.167,1.742,0,9.316,2.029,0,NA,NA,NA,-0.929,4.84,0.848,-0.001,0.065,0.987,NA,NA,NA,"18.167","1.742",0,-0.697,2.358,0.768,5.524,4.444,0.214,0.126,0.826,0.879,20.251,3.923,0,-0.856,0.427,0.045
"Mplus VERSION 7.11","0.1","06/30/2015"," 3:17 PM","ilse","b1","male","aeh","tug","reasoning","tug","waispicturecompletion",TRUE,253,3,NA,37,-2739.183,5552.366,5683.101,5565.805,5565.44506976744,"b1_male_aeh_tug_reasoning_tug_waispicturecompletion.out"," C:\Users\Besitzer\Desktop\ilse 03.03.dat",0.233,3.521,0.947,0.002,0.048,0.969,7.664,1.097,0,0.025,0.011,0.027,9.345,2.097,0,3.819,0.383,0,9.345,2.097,0,NA,NA,NA,-0.293,2,0.883,-0.003,0.034,0.928,NA,NA,NA,"3.819","0.383",0,0.186,1.24,0.881,5.616,4.524,0.214,0.111,0.792,0.889,10.999,1.816,0,0.006,0.26,0.981
"Mplus VERSION 7.11","0.1","06/30/2015"," 3:17 PM","ilse","b1","male","aeh","tug","speed","tug","digitsymbolsubstitutiontest",TRUE,253,3,NA,37,-3322.776,6719.551,6850.287,6732.99,6732.63006976744,"b1_male_aeh_tug_speed_tug_digitsymbolsubstitutiontest.out"," C:\Users\Besitzer\Desktop\ilse 03.03.dat",0.234,3.627,0.949,0.003,0.049,0.957,93.166,10.716,0,0.169,0.056,0.003,9.323,2.53,0,15.274,1.326,0,9.323,2.53,0,NA,NA,NA,-2.362,5.992,0.693,-0.014,0.073,0.845,NA,NA,NA,"15.274","1.326",0,0.491,2.026,0.808,5.536,4.378,0.206,0.138,0.868,0.874,37.71,5.556,0,-0.363,0.47,0.44
"Mplus VERSION 7.11","0.1","06/30/2015"," 3:13 PM","ilse","b1","male","aehplus","tug","fluency","tug","verbalfluencytest",TRUE,252,3,NA,53,-3274.831,6655.663,6842.722,6674.704,6684.57209090909,"b1_male_aehplus_tug_fluency_tug_verbalfluencytest.out"," C:\Users\Besitzer\Desktop\ilse 03.03.dat",0.188,3.584,0.958,0.001,0.051,0.981,46.395,7.828,0,0.016,0.075,0.834,9.337,2.39,0,22.915,2.488,0,9.337,2.39,0,NA,NA,NA,-1.956,5.509,0.723,0,0.087,1,NA,NA,NA,"22.915","2.488",0,-0.059,2.681,0.982,5.595,5.128,0.275,0.17,0.915,0.853,22.324,5.642,0,-0.326,0.528,0.537
"Mplus VERSION 7.11","0.1","06/30/2015"," 3:13 PM","ilse","b1","male","aehplus","tug","knowledge","tug","waisgeneralknowledge",TRUE,252,3,NA,53,-2693.628,5493.256,5680.315,5512.298,5522.16509090909,"b1_male_aehplus_tug_knowledge_tug_waisgeneralknowledge.out"," C:\Users\Besitzer\Desktop\ilse 03.03.dat",0.23,3.6,0.949,0.001,0.056,0.98,11.111,1.433,0,0.003,0.008,0.722,9.306,2.565,0,2.913,0.239,0,9.306,2.565,0,NA,NA,NA,-0.824,2.252,0.714,0,0.024,0.999,NA,NA,NA,"2.913","0.239",0,-0.301,0.934,0.747,5.678,4.898,0.246,0.148,0.959,0.878,12.592,2.017,0,0.009,0.192,0.964
"Mplus VERSION 7.11","0.1","06/30/2015"," 3:40 PM","ilse","b1","male","aehplus","tug","reasoning","tug","lpsspacialability",TRUE,252,3,NA,53,-3041.553,6189.105,6376.165,6208.147,6218.01409090909,"b1_male_aehplus_tug_reasoning_tug_lpsspacialability.out"," C:\Users\Besitzer\Desktop\ilse 03.03.dat",0.192,3.574,0.957,0.002,0.05,0.969,27.539,3.775,0,0.095,0.023,0,9.356,2.343,0,8,0.67,0,9.356,2.343,0,NA,NA,NA,-1.042,3.644,0.775,0.001,0.058,0.987,NA,NA,NA,"8","0.67",0,0.355,1.855,0.848,5.49,5.235,0.294,0.171,0.891,0.848,20.918,3.486,0,-0.737,0.384,0.055
"Mplus VERSION 7.11","0.1","06/30/2015"," 3:14 PM","ilse","b1","male","aehplus","tug","reasoning","tug","waisblockdesign",TRUE,252,3,NA,53,-3222.673,6551.346,6738.406,6570.388,6580.25509090909,"b1_male_aehplus_tug_reasoning_tug_waisblockdesign.out"," C:\Users\Besitzer\Desktop\ilse 03.03.dat",0.241,3.447,0.944,0.001,0.052,0.979,40.523,6.104,0,0.041,0.052,0.437,9.278,2.104,0,17.948,1.795,0,9.278,2.104,0,NA,NA,NA,-0.547,5.428,0.92,0,0.073,1,NA,NA,NA,"17.948","1.795",0,-0.615,2.468,0.803,5.519,4.927,0.263,0.17,0.959,0.859,21.993,4.227,0,-0.858,0.466,0.065
"Mplus VERSION 7.11","0.1","06/30/2015"," 3:13 PM","ilse","b1","male","aehplus","tug","reasoning","tug","waispicturecompletion",TRUE,252,3,NA,53,-2721.1,5548.2,5735.26,5567.242,5577.10909090909,"b1_male_aehplus_tug_reasoning_tug_waispicturecompletion.out"," C:\Users\Besitzer\Desktop\ilse 03.03.dat",0.213,3.458,0.951,0.002,0.053,0.973,7.621,1.2,0,0.022,0.011,0.057,9.243,2.174,0,3.809,0.392,0,9.243,2.174,0,NA,NA,NA,-0.22,2.244,0.922,-0.003,0.039,0.941,NA,NA,NA,"3.809","0.392",0,0.191,1.319,0.885,5.593,5.049,0.268,0.16,0.886,0.857,10.948,2.109,0,0.072,0.269,0.789
"Mplus VERSION 7.11","0.1","06/30/2015"," 3:14 PM","ilse","b1","male","aehplus","tug","speed","tug","digitsymbolsubstitution",TRUE,252,3,NA,53,-3307.507,6721.013,6908.073,6740.055,6749.92209090909,"b1_male_aehplus_tug_speed_tug_digitsymbolsubstitution.out"," C:\Users\Besitzer\Desktop\ilse 03.03.dat",0.209,3.643,0.954,0.002,0.053,0.967,92.72,11.634,0,0.164,0.057,0.004,9.243,2.736,0.001,15.35,1.36,0,9.243,2.736,0.001,NA,NA,NA,-2.067,6.563,0.753,-0.012,0.081,0.887,NA,NA,NA,"15.35","1.36",0,0.512,2.113,0.808,5.548,4.963,0.264,0.179,0.973,0.854,38.398,6.16,0,-0.331,0.516,0.521
"Mplus VERSION 7.11","0.1","06/30/2015"," 3:10 PM","ilse","b1","male","age","tug","fluency","tug","verbalfluencytest",TRUE,253,3,NA,23,-3246.679,6539.357,6620.625,6547.711,6544.17796069869,"b1_male_age_tug_fluency_tug_verbalfluencytest.out"," C:\Users\Besitzer\Desktop\ilse 02.03.dat",0.397,2.424,0.87,0.004,0.085,0.964,55.583,8.46,0,0.023,0.07,0.747,NA,NA,NA,23.278,2.433,0,1.391,2.428,0.567,NA,NA,NA,-1.689,1.469,0.25,-0.002,0.038,0.961,NA,NA,NA,"23.278","2.433",0,-0.035,1.387,0.98,6.527,1.12,0,0.076,0.345,0.825,24.737,4.636,0,-0.068,0.415,0.871
"Mplus VERSION 7.11","0.1","06/30/2015"," 3:09 PM","ilse","b1","male","age","tug","knowledge","tug","waisgeneralknowledge",TRUE,253,3,NA,23,-2672.954,5391.907,5473.175,5400.261,5396.72796069869,"b1_male_age_tug_knowledge_tug_waisgeneralknowledge.out"," C:\Users\Besitzer\Desktop\ilse 02.03.dat",0.585,2.177,0.788,0.004,0.082,0.965,14.509,2.04,0,0.007,0.008,0.37,NA,NA,NA,2.873,0.226,0,1.205,2.125,0.571,NA,NA,NA,-0.96,0.654,0.142,0,0.012,0.987,NA,NA,NA,"2.873","0.226",0,-0.097,0.447,0.828,6.411,1.089,0,0.083,0.342,0.808,14.994,2.143,0,0.036,0.179,0.839
"Mplus VERSION 7.11","0.1","06/30/2015"," 3:09 PM","ilse","b1","male","age","tug","reasoning","tug","lpsspacialability",TRUE,253,3,NA,23,-3003.668,6053.336,6134.604,6061.69,6058.15696069869,"b1_male_age_tug_reasoning_tug_lpsspacialability.out"," C:\Users\Besitzer\Desktop\ilse 02.03.dat",0.508,2.316,0.826,0.005,0.083,0.948,31.257,4.195,0,0.102,0.02,0,NA,NA,NA,7.984,0.623,0,1.239,2.281,0.587,NA,NA,NA,-1.249,0.927,0.178,0.006,0.027,0.815,NA,NA,NA,"7.984","0.623",0,-0.546,0.828,0.51,6.455,1.106,0,0.084,0.342,0.806,21.79,3.021,0,-0.673,0.313,0.032
"Mplus VERSION 7.11","0.1","06/30/2015"," 3:09 PM","ilse","b1","male","age","tug","reasoning","tug","waisblockdesign",TRUE,253,3,NA,23,-3197.661,6441.323,6522.591,6449.677,6446.14396069869,"b1_male_age_tug_reasoning_tug_waisblockdesign.out"," C:\Users\Besitzer\Desktop\ilse 02.03.dat",0.641,2.445,0.793,0.004,0.083,0.963,52.332,7.304,0,0.053,0.046,0.25,NA,NA,NA,18.169,1.735,0,1.123,2.376,0.636,NA,NA,NA,-1.251,1.427,0.38,0.004,0.029,0.881,NA,NA,NA,"18.169","1.735",0,-0.887,1.017,0.383,6.243,1.171,0,0.1,0.322,0.756,22.282,3.856,0,-0.745,0.388,0.055
"Mplus VERSION 7.11","0.1","06/30/2015"," 3:08 PM","ilse","b1","male","age","tug","reasoning","tug","waispicturecompletion",TRUE,253,3,NA,23,-2682.566,5411.132,5492.4,5419.485,5415.95296069869,"b1_male_age_tug_reasoning_tug_waispicturecompletion.out"," C:\Users\Besitzer\Desktop\ilse 02.03.dat",0.449,2.307,0.846,0.004,0.079,0.957,8.619,1.196,0,0.025,0.011,0.02,NA,NA,NA,3.82,0.331,0,1.306,2.268,0.565,NA,NA,NA,-0.615,0.59,0.297,-0.006,0.015,0.703,NA,NA,NA,"3.82","0.331",0,0.217,0.518,0.674,6.622,1.147,0,0.06,0.338,0.859,11.877,1.799,0,-0.017,0.216,0.937
"Mplus VERSION 7.11","0.1","06/30/2015"," 3:08 PM","ilse","b1","male","age","tug","speed","tug","digitsymbolsubstitutiontest",TRUE,253,3,NA,23,-3272.52,6591.04,6672.308,6599.394,6595.86096069869,"b1_male_age_tug_speed_tug_digitsymbolsubstitutiontest.out"," C:\Users\Besitzer\Desktop\ilse 02.03.dat",0.529,2.285,0.817,0.006,0.086,0.942,109.783,12.145,0,0.181,0.053,0.001,NA,NA,NA,15.407,1.348,0,1.228,2.248,0.585,NA,NA,NA,-3.765,2.06,0.068,-0.017,0.036,0.633,NA,NA,NA,"15.407","1.348",0,0.165,1.127,0.883,6.488,1.084,0,0.089,0.345,0.796,38.432,5.517,0,-0.018,0.446,0.969
"Mplus VERSION 7.11","0.1","06/30/2015","11:01 AM","ilse","u0","female","empty","tug","nocog","tug","nocogspec",TRUE,229,3,NA,3,-888.471,1782.942,1793.243,1783.735,1783.04866666667,"u0_female_empty_tug_nocog_tug_nocogspec.out"," C:\Users\Besitzer\Desktop\ilse 03.03.dat",NA,NA,NA,NA,NA,NA,NA,NA,NA,NA,NA,NA,2.873,0.289,0,NA,NA,NA,2.873,0.289,0,NA,NA,NA,NA,NA,NA,NA,NA,NA,NA,NA,NA,NA,NA,NA,NA,NA,NA,NA,NA,NA,NA,NA,NA,NA,NA,NA,NA,NA,NA
"Mplus VERSION 7.11","0.1","06/30/2015","11:01 AM","ilse","u0","male","empty","tug","nocog","tug","nocogspec",TRUE,245,3,NA,3,-1224.493,2454.986,2465.49,2455.98,2455.08558506224,"u0_male_empty_tug_nocog_tug_nocogspec.out"," C:\Users\Besitzer\Desktop\ilse 03.03.dat",NA,NA,NA,NA,NA,NA,NA,NA,NA,NA,NA,NA,10.242,5.843,0.08,NA,NA,NA,10.242,5.843,0.08,NA,NA,NA,NA,NA,NA,NA,NA,NA,NA,NA,NA,NA,NA,NA,NA,NA,NA,NA,NA,NA,NA,NA,NA,NA,NA,NA,NA,NA,NA
"Mplus VERSION 7.11","0.1","06/30/2015","11:00 AM","ilse","u1","female","aeh","tug","nocog","tug","nocogspec",TRUE,215,3,NA,16,-770.272,1572.544,1626.475,1575.774,1575.29147474747,"u1_female_aeh_tug_nocog_tug_nocogspec.out"," C:\Users\Besitzer\Desktop\ilse 03.03.dat",1.606,0.594,0.007,0.003,0.009,0.769,NA,NA,NA,NA,NA,NA,1.642,0.247,0,NA,NA,NA,1.642,0.247,0,NA,NA,NA,NA,NA,NA,NA,NA,NA,NA,NA,NA,NA,NA,NA,NA,NA,NA,4.964,1.521,0.001,0.17,0.167,0.307,NA,NA,NA,NA,NA,NA
"Mplus VERSION 7.11","0.1","06/30/2015","11:00 AM","ilse","u1","female","aehplus","tug","nocog","tug","nocogspec",TRUE,214,3,NA,22,-760.573,1565.146,1639.197,1569.485,1570.44442931937,"u1_female_aehplus_tug_nocog_tug_nocogspec.out"," C:\Users\Besitzer\Desktop\ilse 03.03.dat",1.546,0.6,0.01,0.002,0.009,0.792,NA,NA,NA,NA,NA,NA,1.62,0.258,0,NA,NA,NA,1.62,0.258,0,NA,NA,NA,NA,NA,NA,NA,NA,NA,NA,NA,NA,NA,NA,NA,NA,NA,NA,5.033,1.506,0.001,0.122,0.183,0.504,NA,NA,NA,NA,NA,NA
"Mplus VERSION 7.11","0.1","06/30/2015","11:00 AM","ilse","u1","female","age","tug","nocog","tug","nocogspec",TRUE,217,3,NA,8,-788.442,1592.884,1619.923,1594.572,1593.57630769231,"u1_female_age_tug_nocog_tug_nocogspec.out"," C:\Users\Besitzer\Desktop\ilse 03.03.dat",1.329,0.547,0.015,0.001,0.008,0.869,NA,NA,NA,NA,NA,NA,1.806,0.243,0,NA,NA,NA,1.806,0.243,0,NA,NA,NA,NA,NA,NA,NA,NA,NA,NA,NA,NA,NA,NA,NA,NA,NA,NA,4.656,1.224,0,0.269,0.133,0.043,NA,NA,NA,NA,NA,NA
"Mplus VERSION 7.11","0.1","06/30/2015","11:00 AM","ilse","u1","male","aeh","tug","nocog","tug","nocogspec",TRUE,238,3,NA,16,-1173.324,2378.648,2434.204,2383.489,2381.10953846154,"u1_male_aeh_tug_nocog_tug_nocogspec.out"," C:\Users\Besitzer\Desktop\ilse 03.03.dat",0.153,3.403,0.964,0.001,0.046,0.975,NA,NA,NA,NA,NA,NA,9.482,1.99,0,NA,NA,NA,9.482,1.99,0,NA,NA,NA,NA,NA,NA,NA,NA,NA,NA,NA,NA,NA,NA,NA,NA,NA,NA,5.53,4.092,0.177,0.121,0.73,0.869,NA,NA,NA,NA,NA,NA
"Mplus VERSION 7.11","0.1","06/30/2015","11:00 AM","ilse","u1","male","aehplus","tug","nocog","tug","nocogspec",TRUE,237,3,NA,24,-1165.276,2378.552,2461.785,2385.714,2384.21237735849,"u1_male_aehplus_tug_nocog_tug_nocogspec.out"," C:\Users\Besitzer\Desktop\ilse 03.03.dat",0.132,3.35,0.969,0.001,0.048,0.977,NA,NA,NA,NA,NA,NA,9.387,2.033,0,NA,NA,NA,9.387,2.033,0,NA,NA,NA,NA,NA,NA,NA,NA,NA,NA,NA,NA,NA,NA,NA,NA,NA,NA,5.515,4.516,0.222,0.171,0.813,0.833,NA,NA,NA,NA,NA,NA
"Mplus VERSION 7.11","0.1","06/30/2015","11:00 AM","ilse","u1","male","age","tug","nocog","tug","nocogspec",TRUE,238,3,NA,8,-1175.223,2366.446,2394.224,2368.867,2367.0748209607,"u1_male_age_tug_nocog_tug_nocogspec.out"," C:\Users\Besitzer\Desktop\ilse 03.03.dat",0.166,3.46,0.962,0.002,0.046,0.974,NA,NA,NA,NA,NA,NA,9.546,1.931,0,NA,NA,NA,9.546,1.931,0,NA,NA,NA,NA,NA,NA,NA,NA,NA,NA,NA,NA,NA,NA,NA,NA,NA,NA,5.629,3.789,0.137,0.147,0.618,0.812,NA,NA,NA,NA,NA,NA
