study name,process a,process b,subgroup,model type,n,r intercept,r slope,r residual
eas,gait,block,female,a,563,"  0.25(0.08),p<.01","  0.30(0.26),p=.26"," -0.02(0.05),p=.72"
eas,gait,block,female,ae,563,"  0.22(0.08),p=.01","  0.46(0.31),p=.14"," -0.02(0.05),p=.73"
eas,gait,block,female,aeh,150,"  0.26(0.14),p=.06","  0.03(0.63),p=.96"," -0.06(0.08),p=.41"
eas,gait,block,female,aehplus,150,"  0.17(0.16),p=.28","  0.02(0.67),p=.98"," -0.07(0.08),p=.36"
eas,gait,block,female,full,150,"  0.14(0.17),p=.40","  0.01(0.69),p=.99"," -0.07(0.08),p=.38"
eas,gait,block,male,a,350,"  0.40(0.11),p<.01","  0.39(0.70),p=.58"," -0.05(0.07),p=.50"
eas,gait,block,male,ae,350,"  0.40(0.12),p<.01","  0.40(0.78),p=.61"," -0.05(0.07),p=.50"
eas,gait,block,male,aeh,72,"  0.28(0.30),p=.34","  0.22(3.38),p=.95","  0.01(0.13),p=.91"
eas,gait,block,male,aehplus,72,"  0.29(0.37),p=.43","  0.15(7.19),p=.98","  0.01(0.15),p=.95"
eas,gait,block,male,full,72,"  0.25(0.43),p=.56","  0.17(4.41),p=.97","  0.00(0.16),p=.98"
eas,gait,bnt,female,a,594,"  0.17(0.10),p=.10","  0.54(0.58),p=.35","  0.02(0.07),p=.76"
eas,gait,bnt,female,ae,594,"  0.13(0.11),p=.23","  0.56(0.56),p=.32","  0.02(0.07),p=.77"
eas,gait,bnt,female,aeh,150,"  0.25(0.17),p=.15","  0.69(0.49),p=.16"," -0.01(0.11),p=.93"
eas,gait,bnt,female,aehplus,150,"  0.09(0.18),p=.63","  0.67(0.49),p=.18"," -0.00(0.12),p=.97"
eas,gait,bnt,female,full,150,"  0.05(0.19),p=.79","  0.67(0.52),p=.20","  0.00(0.12),p=.99"
eas,gait,bnt,male,a,376,"  0.20(0.12),p=.11","  0.36(1.70),p=.83","  0.03(0.06),p=.60"
eas,gait,bnt,male,ae,376,"  0.20(0.13),p=.13","  0.38(1.79),p=.83","  0.03(0.06),p=.61"
eas,gait,bnt,male,aeh,72,"  0.21(0.28),p=.43","  0.33(2.26),p=.88"," -0.04(0.14),p=.80"
eas,gait,bnt,male,aehplus,72,"  0.17(0.38),p=.64","  0.27(2.80),p=.92"," -0.02(0.20),p=.91"
eas,gait,bnt,male,full,72,"  0.19(0.40),p=.63","  0.37(3.62),p=.92"," -0.03(0.21),p=.89"
eas,gait,categories,female,a,593,"  0.20(0.09),p=.02","  0.38(0.19),p=.04","  0.01(0.05),p=.86"
eas,gait,categories,female,ae,593,"  0.17(0.09),p=.06","  0.38(0.20),p=.05","  0.01(0.06),p=.91"
eas,gait,categories,female,aeh,150,"  0.11(0.13),p=.41","  0.36(0.38),p=.35","  0.06(0.11),p=.57"
eas,gait,categories,female,aehplus,150,"  0.01(0.13),p=.93","  0.38(0.44),p=.39","  0.05(0.11),p=.66"
eas,gait,categories,female,full,150,"  0.00(0.14),p=.99","  0.42(0.46),p=.36","  0.04(0.12),p=.71"
eas,gait,categories,male,a,376,"  0.27(0.14),p=.04","  0.45(0.58),p=.44"," -0.02(0.07),p=.72"
eas,gait,categories,male,ae,376,"  0.25(0.15),p=.09","  0.34(0.68),p=.62"," -0.02(0.07),p=.75"
eas,gait,categories,male,aeh,72,"  0.22(0.32),p=.50","  0.60(0.88),p=.50"," -0.03(0.14),p=.85"
eas,gait,categories,male,aehplus,72,"  0.24(0.38),p=.52","  0.92(1.14),p=.42"," -0.02(0.17),p=.90"
eas,gait,categories,male,full,72,"  0.20(0.41),p=.63","  0.72(1.16),p=.54"," -0.02(0.21),p=.91"
eas,gait,digit_tot,female,a,595,"  0.31(0.09),p<.01","  0.47(0.27),p=.08","  0.05(0.05),p=.37"
eas,gait,digit_tot,female,ae,595,"  0.29(0.09),p<.01","  0.55(0.29),p=.06","  0.04(0.05),p=.39"
eas,gait,digit_tot,female,aeh,150,"  0.28(0.13),p=.04","  0.65(0.35),p=.06","  0.07(0.08),p=.39"
eas,gait,digit_tot,female,aehplus,150,"  0.18(0.16),p=.29","  0.65(0.40),p=.10","  0.07(0.08),p=.40"
eas,gait,digit_tot,female,full,150,"  0.24(0.18),p=.18","  0.67(0.39),p=.09","  0.07(0.09),p=.44"
eas,gait,digit_tot,male,a,379,"  0.30(0.12),p=.02","  0.18(0.64),p=.78"," -0.01(0.08),p=.86"
eas,gait,digit_tot,male,ae,379,"  0.28(0.13),p=.03","  0.08(0.70),p=.91"," -0.01(0.08),p=.84"
eas,gait,digit_tot,male,aeh,72,"  0.11(0.32),p=.74","  0.79(1.12),p=.48","  0.00(0.15),p=.98"
eas,gait,digit_tot,male,aehplus,72,"  0.06(0.37),p=.87","  0.71(1.50),p=.63"," -0.01(0.18),p=.96"
eas,gait,digit_tot,male,full,72,"  0.02(0.40),p=.97","  0.68(1.64),p=.68"," -0.01(0.21),p=.98"
eas,gait,fas,female,a,572,"  0.34(0.08),p<.01","  0.79(0.32),p=.01"," -0.00(0.06),p=.98"
eas,gait,fas,female,ae,572,"  0.33(0.08),p<.01","  0.89(0.34),p=.01"," -0.00(0.06),p=.96"
eas,gait,fas,female,aeh,150,"  0.37(0.12),p<.01","  0.74(0.76),p=.33"," -0.07(0.07),p=.34"
eas,gait,fas,female,aehplus,150,"  0.26(0.14),p=.06","  0.49(0.61),p=.42"," -0.07(0.08),p=.40"
eas,gait,fas,female,full,150,"  0.27(0.15),p=.07","  0.53(0.66),p=.42"," -0.07(0.08),p=.40"
eas,gait,fas,male,a,358,"  0.30(0.11),p=.01","  0.78(0.76),p=.30","  0.04(0.07),p=.61"
eas,gait,fas,male,ae,358,"  0.29(0.11),p=.01","  0.74(0.80),p=.36","  0.03(0.07),p=.65"
eas,gait,fas,male,aeh,72," -0.04(0.23),p=.87","  0.34(1.91),p=.86"," -0.01(0.17),p=.97"
eas,gait,fas,male,aehplus,72," -0.05(0.29),p=.86","  0.68(2.69),p=.80"," -0.02(0.22),p=.93"
eas,gait,fas,male,full,72," -0.10(0.33),p=.76","  0.66(3.39),p=.84"," -0.00(0.26),p=.99"
eas,gait,information,female,a,524,"  0.08(0.09),p=.38"," -0.26(0.35),p=.46"," -0.01(0.05),p=.81"
eas,gait,information,female,ae,524,"  0.06(0.10),p=.59"," -0.29(0.38),p=.45"," -0.01(0.05),p=.81"
eas,gait,information,female,aeh,130,"  0.22(0.18),p=.23"," -0.54(1.01),p=.59"," -0.02(0.09),p=.87"
eas,gait,information,female,aehplus,130,"  0.12(0.22),p=.58"," -0.54(1.41),p=.70"," -0.02(0.11),p=.87"
eas,gait,information,female,full,130,"  0.13(0.22),p=.57"," -0.53(1.53),p=.73"," -0.01(0.12),p=.92"
eas,gait,information,male,a,352,"  0.16(0.16),p=.34","  0.70(0.75),p=.35"," -0.13(0.06),p=.04"
eas,gait,information,male,ae,352,"  0.12(0.18),p=.52","  0.86(0.92),p=.35"," -0.13(0.07),p=.05"
eas,gait,information,male,aeh,70,"  0.45(0.36),p=.20"," -0.16(4.64),p=.97","  0.02(0.12),p=.88"
eas,gait,information,male,aehplus,70,"  0.44(0.44),p=.32"," -0.21(8.37),p=.98","  0.02(0.19),p=.90"
eas,gait,information,male,full,70,"  0.47(0.50),p=.35"," -0.22(10.86),p=.98","  0.03(0.24),p=.91"
eas,gait,logic_tot,female,a,554,"  0.14(0.09),p=.14","  0.20(0.34),p=.55","  0.05(0.06),p=.34"
eas,gait,logic_tot,female,ae,554,"  0.09(0.10),p=.35","  0.20(0.35),p=.58","  0.05(0.06),p=.35"
eas,gait,logic_tot,female,aeh,150,"  0.11(0.14),p=.43","  0.28(0.68),p=.68","  0.03(0.08),p=.75"
eas,gait,logic_tot,female,aehplus,150,"  0.08(0.15),p=.60","  0.31(0.76),p=.68","  0.02(0.10),p=.83"
eas,gait,logic_tot,female,full,150,"  0.09(0.16),p=.58","  0.40(0.92),p=.66","  0.02(0.09),p=.87"
eas,gait,logic_tot,male,a,350,"  0.25(0.14),p=.07","  0.00(0.58),p=.99"," -0.02(0.07),p=.75"
eas,gait,logic_tot,male,ae,350,"  0.21(0.15),p=.17"," -0.25(0.74),p=.74"," -0.02(0.08),p=.82"
eas,gait,logic_tot,male,aeh,72,"  0.19(0.30),p=.53","  0.20(1.26),p=.87"," -0.02(0.13),p=.90"
eas,gait,logic_tot,male,aehplus,72,"  0.17(0.36),p=.62","  0.62(2.40),p=.80"," -0.02(0.19),p=.90"
eas,gait,logic_tot,male,full,72,"  0.17(0.40),p=.67","  0.60(3.36),p=.86"," -0.03(0.24),p=.91"
eas,gait,mmms,female,a,383,"  0.42(0.19),p=.03"," -0.03(1.34),p=.98","  0.01(0.08),p=.91"
eas,gait,mmms,female,ae,383,"  0.42(0.20),p=.04"," -0.02(1.42),p=.99","  0.01(0.08),p=.92"
eas,gait,mmms,female,aeh,72,"  0.29(0.51),p=.57","  0.11(1.67),p=.95","  0.03(0.15),p=.84"
eas,gait,mmms,female,aehplus,72,"  0.26(0.63),p=.67","  0.14(3.05),p=.96","  0.03(0.16),p=.85"
eas,gait,mmms,female,full,72,"  0.22(0.78),p=.77","  0.39(4.77),p=.93","  0.03(0.20),p=.86"
eas,gait,mmms,male,a,383,"  0.42(0.19),p=.03"," -0.03(1.34),p=.98","  0.01(0.08),p=.91"
eas,gait,mmms,male,ae,383,"  0.42(0.20),p=.04"," -0.02(1.42),p=.99","  0.01(0.08),p=.92"
eas,gait,mmms,male,aeh,72,"  0.29(0.51),p=.57","  0.11(1.67),p=.95","  0.03(0.15),p=.84"
eas,gait,mmms,male,aehplus,72,"  0.26(0.63),p=.67","  0.14(3.05),p=.96","  0.03(0.16),p=.85"
eas,gait,mmms,male,full,72,"  0.22(0.78),p=.77","  0.39(4.77),p=.93","  0.03(0.20),p=.86"
eas,gait,symbol,female,a,592,"  0.32(0.08),p<.01","  0.53(0.20),p=.01","  0.01(0.05),p=.86"
eas,gait,symbol,female,ae,592,"  0.29(0.08),p<.01","  0.61(0.21),p<.01","  0.01(0.05),p=.82"
eas,gait,symbol,female,aeh,150,"  0.28(0.12),p=.03","  0.79(0.57),p=.17"," -0.08(0.09),p=.37"
eas,gait,symbol,female,aehplus,150,"  0.18(0.15),p=.24","  0.79(0.61),p=.19"," -0.08(0.10),p=.44"
eas,gait,symbol,female,full,150,"  0.19(0.17),p=.28","  0.78(0.61),p=.20"," -0.07(0.10),p=.49"
eas,gait,symbol,male,a,377,"  0.47(0.10),p<.01","  0.32(0.49),p=.51","  0.04(0.06),p=.48"
eas,gait,symbol,male,ae,377,"  0.49(0.11),p<.01","  0.23(0.57),p=.69","  0.04(0.06),p=.48"
eas,gait,symbol,male,aeh,72,"  0.08(0.27),p=.77","  0.84(0.87),p=.33"," -0.06(0.17),p=.74"
eas,gait,symbol,male,aehplus,72,"  0.01(0.29),p=.97","  0.82(1.14),p=.47"," -0.05(0.22),p=.83"
eas,gait,symbol,male,full,72," -0.03(0.34),p=.92","  0.73(1.35),p=.59"," -0.03(0.24),p=.90"
eas,gait,trailsb,female,a,580," -0.24(0.11),p=.03"," -0.34(0.65),p=.60"," -0.01(0.06),p=.88"
eas,gait,trailsb,female,ae,580," -0.21(0.11),p=.06"," -0.31(0.65),p=.64"," -0.01(0.06),p=.87"
eas,gait,trailsb,female,aeh,150," -0.21(0.17),p=.21"," -0.23(1.07),p=.83"," -0.01(0.09),p=.88"
eas,gait,trailsb,female,aehplus,150," -0.08(0.19),p=.68"," -0.37(1.68),p=.82"," -0.01(0.10),p=.94"
eas,gait,trailsb,female,full,150," -0.19(0.21),p=.38"," -0.38(1.84),p=.84"," -0.00(0.11),p=.97"
eas,gait,trailsb,male,a,368," -0.37(0.15),p=.01"," -0.67(0.56),p=.23","  0.13(0.07),p=.05"
eas,gait,trailsb,male,ae,368," -0.36(0.16),p=.03"," -0.52(0.54),p=.33","  0.13(0.07),p=.06"
eas,gait,trailsb,male,aeh,72," -0.02(0.37),p=.96"," -0.71(0.92),p=.44","  0.02(0.11),p=.86"
eas,gait,trailsb,male,aehplus,72," -0.01(0.47),p=.97"," -0.65(1.70),p=.70","  0.03(0.14),p=.84"
eas,gait,trailsb,male,full,72,"  0.03(0.46),p=.95"," -0.44(2.31),p=.85","  0.02(0.17),p=.90"
eas,gait,waisvocab,female,a,594,"  0.31(0.08),p<.01","  0.75(0.43),p=.08"," -0.01(0.06),p=.83"
eas,gait,waisvocab,female,ae,594,"  0.28(0.09),p<.01","  0.74(0.47),p=.12"," -0.01(0.06),p=.83"
eas,gait,waisvocab,female,aeh,150,"  0.32(0.12),p=.01","  0.86(0.66),p=.19","  0.04(0.09),p=.64"
eas,gait,waisvocab,female,aehplus,150,"  0.28(0.13),p=.03","  0.86(0.75),p=.26","  0.05(0.10),p=.65"
eas,gait,waisvocab,female,full,150,"  0.24(0.14),p=.09","  0.87(0.78),p=.26","  0.06(0.10),p=.55"
eas,gait,waisvocab,male,a,377,"  0.12(0.13),p=.36"," -0.20(0.54),p=.70"," -0.05(0.08),p=.53"
eas,gait,waisvocab,male,ae,377,"  0.08(0.14),p=.59"," -0.31(0.58),p=.60"," -0.05(0.08),p=.57"
eas,gait,waisvocab,male,aeh,72," -0.07(0.26),p=.78"," -0.38(2.05),p=.85"," -0.06(0.17),p=.72"
eas,gait,waisvocab,male,aehplus,72," -0.11(0.37),p=.76"," -0.61(3.05),p=.84"," -0.06(0.22),p=.78"
eas,gait,waisvocab,male,full,72," -0.14(0.42),p=.74"," -0.60(3.28),p=.86"," -0.06(0.22),p=.78"
eas,grip,block,female,a,563,"--,p=  ----","--,p=  ----","--,p=  ----"
eas,grip,block,female,ae,563,"--,p=  ----","--,p=  ----","--,p=  ----"
eas,grip,block,female,aeh,150,"--,p=  ----","--,p=  ----","--,p=  ----"
eas,grip,block,female,aehplus,150,"--,p=  ----","--,p=  ----","--,p=  ----"
eas,grip,block,female,full,150,"--,p=  ----","--,p=  ----","--,p=  ----"
eas,grip,block,male,a,350,"--,p=  ----","--,p=  ----","--,p=  ----"
eas,grip,block,male,ae,350,"--,p=  ----","--,p=  ----","--,p=  ----"
eas,grip,block,male,aeh,72,"--,p=  ----","--,p=  ----","--,p=  ----"
eas,grip,block,male,aehplus,72,"--,p=  ----","--,p=  ----","--,p=  ----"
eas,grip,block,male,full,72,"--,p=  ----","--,p=  ----","--,p=  ----"
eas,grip,bnt,female,a,594,"--,p=  ----","--,p=  ----","--,p=  ----"
eas,grip,bnt,female,ae,594,"--,p=  ----","--,p=  ----","--,p=  ----"
eas,grip,bnt,female,aeh,150,"--,p=  ----","--,p=  ----","--,p=  ----"
eas,grip,bnt,female,aehplus,150,"--,p=  ----","--,p=  ----","--,p=  ----"
eas,grip,bnt,female,full,150,"--,p=  ----","--,p=  ----","--,p=  ----"
eas,grip,bnt,male,a,376,"--,p=  ----","--,p=  ----","--,p=  ----"
eas,grip,bnt,male,ae,376,"--,p=  ----","--,p=  ----","--,p=  ----"
eas,grip,bnt,male,aeh,72,"--,p=  ----","--,p=  ----","--,p=  ----"
eas,grip,bnt,male,aehplus,72,"--,p=  ----","--,p=  ----","--,p=  ----"
eas,grip,bnt,male,full,72,"--,p=  ----","--,p=  ----","--,p=  ----"
eas,grip,categories,female,a,593,"--,p=  ----","--,p=  ----","--,p=  ----"
eas,grip,categories,female,ae,593,"--,p=  ----","--,p=  ----","--,p=  ----"
eas,grip,categories,female,aeh,150,"--,p=  ----","--,p=  ----","--,p=  ----"
eas,grip,categories,female,aehplus,150,"--,p=  ----","--,p=  ----","--,p=  ----"
eas,grip,categories,female,full,150,"--,p=  ----","--,p=  ----","--,p=  ----"
eas,grip,categories,male,a,376,"--,p=  ----","--,p=  ----","--,p=  ----"
eas,grip,categories,male,ae,376,"--,p=  ----","--,p=  ----","--,p=  ----"
eas,grip,categories,male,aeh,72,"--,p=  ----","--,p=  ----","--,p=  ----"
eas,grip,categories,male,aehplus,72,"--,p=  ----","--,p=  ----","--,p=  ----"
eas,grip,categories,male,full,72,"--,p=  ----","--,p=  ----","--,p=  ----"
eas,grip,digit_tot,female,a,595,"--,p=  ----","--,p=  ----","--,p=  ----"
eas,grip,digit_tot,female,ae,595,"--,p=  ----","--,p=  ----","--,p=  ----"
eas,grip,digit_tot,female,aeh,150,"--,p=  ----","--,p=  ----","--,p=  ----"
eas,grip,digit_tot,female,aehplus,150,"--,p=  ----","--,p=  ----","--,p=  ----"
eas,grip,digit_tot,female,full,150,"--,p=  ----","--,p=  ----","--,p=  ----"
eas,grip,digit_tot,male,a,379,"--,p=  ----","--,p=  ----","--,p=  ----"
eas,grip,digit_tot,male,ae,379,"--,p=  ----","--,p=  ----","--,p=  ----"
eas,grip,digit_tot,male,aeh,72,"--,p=  ----","--,p=  ----","--,p=  ----"
eas,grip,digit_tot,male,aehplus,72,"--,p=  ----","--,p=  ----","--,p=  ----"
eas,grip,digit_tot,male,full,72,"--,p=  ----","--,p=  ----","--,p=  ----"
eas,grip,fas,female,a,571,"--,p=  ----","--,p=  ----","--,p=  ----"
eas,grip,fas,female,ae,571,"--,p=  ----","--,p=  ----","--,p=  ----"
eas,grip,fas,female,aeh,150,"--,p=  ----","--,p=  ----","--,p=  ----"
eas,grip,fas,female,aehplus,150,"--,p=  ----","--,p=  ----","--,p=  ----"
eas,grip,fas,female,full,150,"--,p=  ----","--,p=  ----","--,p=  ----"
eas,grip,fas,male,a,358,"--,p=  ----","--,p=  ----","--,p=  ----"
eas,grip,fas,male,ae,358,"--,p=  ----","--,p=  ----","--,p=  ----"
eas,grip,fas,male,aeh,72,"--,p=  ----","--,p=  ----","--,p=  ----"
eas,grip,fas,male,aehplus,72,"--,p=  ----","--,p=  ----","--,p=  ----"
eas,grip,fas,male,full,72,"--,p=  ----","--,p=  ----","--,p=  ----"
eas,grip,information,female,a,538,"--,p=  ----","--,p=  ----","--,p=  ----"
eas,grip,information,female,ae,538,"--,p=  ----","--,p=  ----","--,p=  ----"
eas,grip,information,female,aeh,145,"--,p=  ----","--,p=  ----","--,p=  ----"
eas,grip,information,female,aehplus,145,"--,p=  ----","--,p=  ----","--,p=  ----"
eas,grip,information,female,full,145,"--,p=  ----","--,p=  ----","--,p=  ----"
eas,grip,information,male,a,353,"--,p=  ----","--,p=  ----","--,p=  ----"
eas,grip,information,male,ae,353,"--,p=  ----","--,p=  ----","--,p=  ----"
eas,grip,information,male,aeh,72,"--,p=  ----","--,p=  ----","--,p=  ----"
eas,grip,information,male,aehplus,72,"--,p=  ----","--,p=  ----","--,p=  ----"
eas,grip,information,male,full,72,"--,p=  ----","--,p=  ----","--,p=  ----"
eas,grip,logic_tot,female,a,554,"--,p=  ----","--,p=  ----","--,p=  ----"
eas,grip,logic_tot,female,ae,554,"--,p=  ----","--,p=  ----","--,p=  ----"
eas,grip,logic_tot,female,aeh,150,"--,p=  ----","--,p=  ----","--,p=  ----"
eas,grip,logic_tot,female,aehplus,150,"--,p=  ----","--,p=  ----","--,p=  ----"
eas,grip,logic_tot,female,full,150,"--,p=  ----","--,p=  ----","--,p=  ----"
eas,grip,logic_tot,male,a,349,"--,p=  ----","--,p=  ----","--,p=  ----"
eas,grip,logic_tot,male,ae,349,"--,p=  ----","--,p=  ----","--,p=  ----"
eas,grip,logic_tot,male,aehplus,72,"--,p=  ----","--,p=  ----","--,p=  ----"
eas,grip,logic_tot,male,full,72,"--,p=  ----","--,p=  ----","--,p=  ----"
eas,grip,mmms,female,a,600,"--,p=  ----","--,p=  ----","--,p=  ----"
eas,grip,mmms,female,ae,600,"--,p=  ----","--,p=  ----","--,p=  ----"
eas,grip,mmms,female,aeh,150,"--,p=  ----","--,p=  ----","--,p=  ----"
eas,grip,mmms,female,aehplus,150,"--,p=  ----","--,p=  ----","--,p=  ----"
eas,grip,mmms,female,full,150,"--,p=  ----","--,p=  ----","--,p=  ----"
eas,grip,mmms,male,a,383,"--,p=  ----","--,p=  ----","--,p=  ----"
eas,grip,mmms,male,ae,383,"--,p=  ----","--,p=  ----","--,p=  ----"
eas,grip,mmms,male,aeh,72,"--,p=  ----","--,p=  ----","--,p=  ----"
eas,grip,mmms,male,aehplus,72,"--,p=  ----","--,p=  ----","--,p=  ----"
eas,grip,mmms,male,full,72,"--,p=  ----","--,p=  ----","--,p=  ----"
eas,grip,symbol,female,a,592,"--,p=  ----","--,p=  ----","--,p=  ----"
eas,grip,symbol,female,ae,592,"--,p=  ----","--,p=  ----","--,p=  ----"
eas,grip,symbol,female,aeh,150,"--,p=  ----","--,p=  ----","--,p=  ----"
eas,grip,symbol,female,aehplus,150,"--,p=  ----","--,p=  ----","--,p=  ----"
eas,grip,symbol,female,full,150,"--,p=  ----","--,p=  ----","--,p=  ----"
eas,grip,symbol,male,a,377,"--,p=  ----","--,p=  ----","--,p=  ----"
eas,grip,symbol,male,ae,377,"--,p=  ----","--,p=  ----","--,p=  ----"
eas,grip,symbol,male,aeh,72,"--,p=  ----","--,p=  ----","--,p=  ----"
eas,grip,symbol,male,aehplus,72,"--,p=  ----","--,p=  ----","--,p=  ----"
eas,grip,symbol,male,full,72,"--,p=  ----","--,p=  ----","--,p=  ----"
eas,grip,trailsb,female,a,580,"--,p=  ----","--,p=  ----","--,p=  ----"
eas,grip,trailsb,female,ae,580,"--,p=  ----","--,p=  ----","--,p=  ----"
eas,grip,trailsb,female,aeh,150,"--,p=  ----","--,p=  ----","--,p=  ----"
eas,grip,trailsb,female,aehplus,150,"--,p=  ----","--,p=  ----","--,p=  ----"
eas,grip,trailsb,female,full,150,"--,p=  ----","--,p=  ----","--,p=  ----"
eas,grip,trailsb,male,a,368,"--,p=  ----","--,p=  ----","--,p=  ----"
eas,grip,trailsb,male,ae,368,"--,p=  ----","--,p=  ----","--,p=  ----"
eas,grip,trailsb,male,aeh,72,"--,p=  ----","--,p=  ----","--,p=  ----"
eas,grip,trailsb,male,aehplus,72,"--,p=  ----","--,p=  ----","--,p=  ----"
eas,grip,trailsb,male,full,72,"--,p=  ----","--,p=  ----","--,p=  ----"
eas,grip,waisvocab,female,a,594,"--,p=  ----","--,p=  ----","--,p=  ----"
eas,grip,waisvocab,female,ae,594,"--,p=  ----","--,p=  ----","--,p=  ----"
eas,grip,waisvocab,female,aeh,150,"--,p=  ----","--,p=  ----","--,p=  ----"
eas,grip,waisvocab,female,aehplus,150,"--,p=  ----","--,p=  ----","--,p=  ----"
eas,grip,waisvocab,female,full,150,"--,p=  ----","--,p=  ----","--,p=  ----"
eas,grip,waisvocab,male,a,377,"--,p=  ----","--,p=  ----","--,p=  ----"
eas,grip,waisvocab,male,ae,377,"--,p=  ----","--,p=  ----","--,p=  ----"
eas,grip,waisvocab,male,aeh,72,"--,p=  ----","--,p=  ----","--,p=  ----"
eas,grip,waisvocab,male,aehplus,72,"--,p=  ----","--,p=  ----","--,p=  ----"
eas,grip,waisvocab,male,full,72,"--,p=  ----","--,p=  ----","--,p=  ----"
eas,pef,block,female,ae,563,"--,p=  ----","--,p=  ----","--,p=  ----"
eas,pef,block,female,aeh,150,"--,p=  ----","--,p=  ----","--,p=  ----"
eas,pef,block,female,aehplus,150,"--,p=  ----","--,p=  ----","--,p=  ----"
eas,pef,block,female,full,150,"--,p=  ----","--,p=  ----","--,p=  ----"
eas,pef,block,male,ae,350,"--,p=  ----","--,p=  ----","--,p=  ----"
eas,pef,block,male,aeh,72,"--,p=  ----","--,p=  ----","--,p=  ----"
eas,pef,block,male,aehplus,72,"--,p=  ----","--,p=  ----","--,p=  ----"
eas,pef,digit_tot,female,a,595,"--,p=  ----","--,p=  ----","--,p=  ----"
eas,pef,digit_tot,female,ae,595,"--,p=  ----","--,p=  ----","--,p=  ----"
eas,pef,digit_tot,female,aeh,150,"--,p=  ----","--,p=  ----","--,p=  ----"
eas,pef,digit_tot,female,aehplus,150,"--,p=  ----","--,p=  ----","--,p=  ----"
eas,pef,digit_tot,male,a,379,"--,p=  ----","--,p=  ----","--,p=  ----"
eas,pef,digit_tot,male,ae,379,"--,p=  ----","--,p=  ----","--,p=  ----"
eas,pef,digit_tot,male,aeh,72,"--,p=  ----","--,p=  ----","--,p=  ----"
eas,pef,digit_tot,male,aehplus,72,"--,p=  ----","--,p=  ----","--,p=  ----"
eas,pef,digit_tot,male,full,72,"--,p=  ----","--,p=  ----","--,p=  ----"
eas,pef,fas,male,a,358,"--,p=  ----","--,p=  ----","--,p=  ----"
eas,pef,symbol,female,a,592,"--,p=  ----","--,p=  ----","--,p=  ----"
eas,pef,symbol,female,ae,592,"--,p=  ----","--,p=  ----","--,p=  ----"
eas,pef,symbol,female,aeh,150,"--,p=  ----","--,p=  ----","--,p=  ----"
eas,pef,symbol,female,aehplus,150,"--,p=  ----","--,p=  ----","--,p=  ----"
eas,pef,symbol,female,full,150,"--,p=  ----","--,p=  ----","--,p=  ----"
eas,pef,symbol,male,a,377,"--,p=  ----","--,p=  ----","--,p=  ----"
eas,pef,symbol,male,ae,377,"--,p=  ----","--,p=  ----","--,p=  ----"
eas,pef,symbol,male,aeh,72,"--,p=  ----","--,p=  ----","--,p=  ----"
eas,pef,symbol,male,aehplus,72,"--,p=  ----","--,p=  ----","--,p=  ----"
eas,pef,symbol,male,full,72,"--,p=  ----","--,p=  ----","--,p=  ----"
eas,pef,trailsb,female,a,580,"--,p=  ----","--,p=  ----","--,p=  ----"
eas,pef,trailsb,female,ae,580,"--,p=  ----","--,p=  ----","--,p=  ----"
eas,pef,trailsb,female,aeh,150,"--,p=  ----","--,p=  ----","--,p=  ----"
eas,pef,trailsb,female,aehplus,150,"--,p=  ----","--,p=  ----","--,p=  ----"
eas,pef,trailsb,female,full,150,"--,p=  ----","--,p=  ----","--,p=  ----"
eas,pef,trailsb,male,ae,368,"--,p=  ----","--,p=  ----","--,p=  ----"
eas,pef,trailsb,male,aeh,72,"--,p=  ----","--,p=  ----","--,p=  ----"
eas,pef,trailsb,male,aehplus,72,"--,p=  ----","--,p=  ----","--,p=  ----"
eas,pef,trailsb,male,full,72,"--,p=  ----","--,p=  ----","--,p=  ----"
elsa,fev,word_de,female,aehplus,"3,511","  0.05(0.04),p=.25"," -0.43(1.05),p=.68","  0.01(0.03),p=.56"
elsa,fev,word_de,male,aehplus,"3,091","  0.06(0.04),p=.16"," -0.22(0.39),p=.58","  0.03(0.03),p=.27"
elsa,fev,word_im,female,aehplus,"3,511","  0.07(0.04),p=.09"," -0.16(0.43),p=.71","  0.02(0.02),p=.28"
elsa,fev,word_im,male,aehplus,"3,091","  0.06(0.04),p=.15"," -0.11(0.18),p=.53","  0.05(0.02),p=.06"
elsa,fev100,word_de,female,aehplus,"3,511","  0.05(0.04),p=.24"," -0.43(0.41),p=.29","  0.01(0.02),p=.54"
elsa,fev100,word_de,male,aehplus,"3,091","  0.06(0.04),p=.15"," -0.22(0.33),p=.51","  0.03(0.02),p=.25"
elsa,fev100,word_im,female,aehplus,"3,511","  0.07(0.04),p=.08"," -0.16(0.33),p=.63","  0.02(0.02),p=.24"
elsa,fev100,word_im,male,aehplus,"3,091","  0.06(0.04),p=.15"," -0.11(0.17),p=.52","  0.05(0.02),p=.06"
elsa,gait,fluency,female,aehplus,"3,510","  0.19(0.03),p<.01","  0.22(0.16),p=.18","  0.04(0.02),p=.04"
elsa,gait,fluency,male,aehplus,"3,090","  0.22(0.04),p<.01","  0.12(0.25),p=.63","  0.00(0.02),p=.89"
elsa,gait,word_de,female,aehplus,"3,510","  0.21(0.04),p<.01","  0.24(0.22),p=.27"," -0.02(0.02),p=.35"
elsa,gait,word_de,male,aehplus,"3,090","  0.23(0.04),p<.01"," -0.07(0.21),p=.74","  0.03(0.02),p=.16"
elsa,gait,word_im,female,aehplus,"3,510","  0.22(0.04),p<.01","  0.30(0.19),p=.11","  0.02(0.02),p=.18"
elsa,gait,word_im,male,aehplus,"3,088","  0.21(0.04),p<.01"," -0.11(0.14),p=.44"," -0.00(0.02),p=.94"
elsa,grip,word_de,female,aehplus,"3,511","  0.13(0.03),p<.01"," -0.02(0.57),p=.97","  0.02(0.02),p=.30"
elsa,grip,word_de,male,aehplus,"3,091","  0.05(0.04),p=.20"," -0.48(0.42),p=.26","  0.02(0.02),p=.33"
elsa,grip,word_im,female,aehplus,"3,511","  0.12(0.04),p<.01"," -0.03(0.28),p=.91","  0.02(0.02),p=.49"
elsa,grip,word_im,male,aehplus,"3,091","  0.02(0.04),p=.57"," -0.42(0.34),p=.22","  0.06(0.02),p=.02"
hrs,gait,serial7,female,a,370,"--,p=  ----","--,p=  ----","--,p=  ----"
hrs,gait,serial7,female,aeh,370,"--,p=  ----","--,p=  ----","--,p=  ----"
hrs,gait,serial7,female,aehplus,370,"--,p=  ----","--,p=  ----","--,p=  ----"
hrs,gait,serial7,male,a,318,"--,p=  ----","--,p=  ----","--,p=  ----"
hrs,gait,serial7,male,aeh,318,"--,p=  ----","--,p=  ----","--,p=  ----"
hrs,gait,serial7,male,aehplus,318,"--,p=  ----","--,p=  ----","--,p=  ----"
hrs,gait,tics,female,a,370,"--,p=  ----","--,p=  ----","--,p=  ----"
hrs,gait,tics,female,aeh,370,"--,p=  ----","--,p=  ----","--,p=  ----"
hrs,gait,tics,female,aehplus,370,"--,p=  ----","--,p=  ----","--,p=  ----"
hrs,gait,tics,male,a,318,"--,p=  ----","--,p=  ----","--,p=  ----"
hrs,gait,tics,male,aeh,318,"--,p=  ----","--,p=  ----","--,p=  ----"
hrs,gait,tics,male,aehplus,318,"--,p=  ----","--,p=  ----","--,p=  ----"
hrs,gait,word_de,female,a,370,"--,p=  ----","--,p=  ----","--,p=  ----"
hrs,gait,word_de,female,aeh,370,"--,p=  ----","--,p=  ----","--,p=  ----"
hrs,gait,word_de,female,aehplus,370,"--,p=  ----","--,p=  ----","--,p=  ----"
hrs,gait,word_de,male,a,318,"--,p=  ----","--,p=  ----","--,p=  ----"
hrs,gait,word_de,male,aeh,318,"--,p=  ----","--,p=  ----","--,p=  ----"
hrs,gait,word_de,male,aehplus,318,"--,p=  ----","--,p=  ----","--,p=  ----"
hrs,gait,word_im,female,a,370,"--,p=  ----","--,p=  ----","--,p=  ----"
hrs,gait,word_im,female,aeh,370,"--,p=  ----","--,p=  ----","--,p=  ----"
hrs,gait,word_im,female,aehplus,370,"--,p=  ----","--,p=  ----","--,p=  ----"
hrs,gait,word_im,male,a,318,"--,p=  ----","--,p=  ----","--,p=  ----"
hrs,gait,word_im,male,aeh,318,"--,p=  ----","--,p=  ----","--,p=  ----"
hrs,gait,word_im,male,aehplus,318,"--,p=  ----","--,p=  ----","--,p=  ----"
hrs,grip,serial7,female,a,641,"--,p=  ----","--,p=  ----","--,p=  ----"
hrs,grip,serial7,female,aeh,641,"--,p=  ----","--,p=  ----","--,p=  ----"
hrs,grip,serial7,female,aehplus,641,"--,p=  ----","--,p=  ----","--,p=  ----"
hrs,grip,serial7,male,a,507,"--,p=  ----","--,p=  ----","--,p=  ----"
hrs,grip,serial7,male,aeh,507,"--,p=  ----","--,p=  ----","--,p=  ----"
hrs,grip,serial7,male,aehplus,507,"--,p=  ----","--,p=  ----","--,p=  ----"
hrs,grip,tics,female,a,641,"--,p=  ----","--,p=  ----","--,p=  ----"
hrs,grip,tics,female,aeh,641,"--,p=  ----","--,p=  ----","--,p=  ----"
hrs,grip,tics,female,aehplus,641,"--,p=  ----","--,p=  ----","--,p=  ----"
hrs,grip,tics,male,a,507,"--,p=  ----","--,p=  ----","--,p=  ----"
hrs,grip,tics,male,aeh,507,"--,p=  ----","--,p=  ----","--,p=  ----"
hrs,grip,tics,male,aehplus,507,"--,p=  ----","--,p=  ----","--,p=  ----"
hrs,grip,word_de,female,a,641,"--,p=  ----","--,p=  ----","--,p=  ----"
hrs,grip,word_de,female,aeh,641,"--,p=  ----","--,p=  ----","--,p=  ----"
hrs,grip,word_de,female,aehplus,641,"--,p=  ----","--,p=  ----","--,p=  ----"
hrs,grip,word_de,male,a,507,"--,p=  ----","--,p=  ----","--,p=  ----"
hrs,grip,word_de,male,aeh,507,"--,p=  ----","--,p=  ----","--,p=  ----"
hrs,grip,word_de,male,aehplus,507,"--,p=  ----","--,p=  ----","--,p=  ----"
hrs,grip,word_im,female,a,641,"--,p=  ----","--,p=  ----","--,p=  ----"
hrs,grip,word_im,female,aeh,641,"--,p=  ----","--,p=  ----","--,p=  ----"
hrs,grip,word_im,female,aehplus,641,"--,p=  ----","--,p=  ----","--,p=  ----"
hrs,grip,word_im,male,a,507,"--,p=  ----","--,p=  ----","--,p=  ----"
hrs,grip,word_im,male,aeh,507,"--,p=  ----","--,p=  ----","--,p=  ----"
hrs,grip,word_im,male,aehplus,507,"--,p=  ----","--,p=  ----","--,p=  ----"
hrs,pef,serial7,female,a,715,"--,p=  ----","--,p=  ----","--,p=  ----"
hrs,pef,serial7,female,aeh,715,"--,p=  ----","--,p=  ----","--,p=  ----"
hrs,pef,serial7,female,aehplus,715,"--,p=  ----","--,p=  ----","--,p=  ----"
hrs,pef,serial7,male,a,535,"--,p=  ----","--,p=  ----","--,p=  ----"
hrs,pef,serial7,male,aeh,535,"--,p=  ----","--,p=  ----","--,p=  ----"
hrs,pef,serial7,male,aehplus,535,"--,p=  ----","--,p=  ----","--,p=  ----"
hrs,pef,tics,female,a,715,"--,p=  ----","--,p=  ----","--,p=  ----"
hrs,pef,tics,female,aeh,715,"--,p=  ----","--,p=  ----","--,p=  ----"
hrs,pef,tics,female,aehplus,715,"--,p=  ----","--,p=  ----","--,p=  ----"
hrs,pef,tics,male,a,535,"--,p=  ----","--,p=  ----","--,p=  ----"
hrs,pef,tics,male,aeh,535,"--,p=  ----","--,p=  ----","--,p=  ----"
hrs,pef,tics,male,aehplus,535,"--,p=  ----","--,p=  ----","--,p=  ----"
hrs,pef,word_de,female,a,715,"--,p=  ----","--,p=  ----","--,p=  ----"
hrs,pef,word_de,female,aeh,715,"--,p=  ----","--,p=  ----","--,p=  ----"
hrs,pef,word_de,female,aehplus,715,"--,p=  ----","--,p=  ----","--,p=  ----"
hrs,pef,word_de,male,a,535,"--,p=  ----","--,p=  ----","--,p=  ----"
hrs,pef,word_de,male,aeh,535,"--,p=  ----","--,p=  ----","--,p=  ----"
hrs,pef,word_de,male,aehplus,535,"--,p=  ----","--,p=  ----","--,p=  ----"
hrs,pef,word_im,female,a,715,"--,p=  ----","--,p=  ----","--,p=  ----"
hrs,pef,word_im,female,aeh,715,"--,p=  ----","--,p=  ----","--,p=  ----"
hrs,pef,word_im,female,aehplus,715,"--,p=  ----","--,p=  ----","--,p=  ----"
hrs,pef,word_im,male,a,535,"--,p=  ----","--,p=  ----","--,p=  ----"
hrs,pef,word_im,male,aeh,535,"--,p=  ----","--,p=  ----","--,p=  ----"
hrs,pef,word_im,male,aehplus,535,"--,p=  ----","--,p=  ----","--,p=  ----"
ilse,grip,fluency,female,aehplus,225,"  0.10(0.11),p=.35","  0.58(0.72),p=.43","  0.15(0.08),p=.06"
ilse,grip,fluency,male,aehplus,252,"  0.07(0.10),p=.47","  0.19(0.76),p=.80","  0.21(0.07),p<.01"
ilse,grip,piccomp,female,aehplus,225,"  0.02(0.11),p=.85","  0.32(0.63),p=.61","  0.00(0.08),p=.91"
ilse,grip,piccomp,male,aehplus,252,"  0.20(0.11),p=.06","  0.42(0.41),p=.29","  0.06(0.08),p=.32"
ilse,grip,symbol,female,aehplus,225," -0.25(0.09),p=.01","  0.21(0.30),p=.48"," -0.01(0.07),p=.86"
ilse,grip,symbol,male,aehplus,252," -0.08(0.10),p=.41"," -0.07(0.36),p=.85","  0.06(0.08),p=.40"
ilse,grip,waisgeneral,female,aehplus,225,"  0.03(0.09),p=.75","  0.42(0.42),p=.32"," -0.08(0.08),p=.31"
ilse,grip,waisgeneral,male,aehplus,252,"  0.12(0.11),p=.25","  0.23(1.11),p=.83"," -0.04(0.08),p=.65"
ilse,tug,block,female,a,228,"--,p=  ----","--,p=  ----","--,p=  ----"
ilse,tug,block,female,aeh,226,"--,p=  ----","--,p=  ----","--,p=  ----"
ilse,tug,block,female,aehplus,225,"--,p=  ----","--,p=  ----","--,p=  ----"
ilse,tug,block,male,a,253,"--,p=  ----","--,p=  ----","--,p=  ----"
ilse,tug,block,male,aeh,253,"--,p=  ----","--,p=  ----","--,p=  ----"
ilse,tug,block,male,aehplus,252,"--,p=  ----","--,p=  ----","--,p=  ----"
ilse,tug,fluency,female,a,228,"--,p=  ----","--,p=  ----","--,p=  ----"
ilse,tug,fluency,female,aeh,226,"--,p=  ----","--,p=  ----","--,p=  ----"
ilse,tug,fluency,female,aehplus,225,"--,p=  ----","--,p=  ----","--,p=  ----"
ilse,tug,fluency,male,a,253,"--,p=  ----","--,p=  ----","--,p=  ----"
ilse,tug,fluency,male,aeh,253,"--,p=  ----","--,p=  ----","--,p=  ----"
ilse,tug,piccomp,female,a,228,"--,p=  ----","--,p=  ----","--,p=  ----"
ilse,tug,piccomp,female,aeh,226,"--,p=  ----","--,p=  ----","--,p=  ----"
ilse,tug,piccomp,female,aehplus,225,"--,p=  ----","--,p=  ----","--,p=  ----"
ilse,tug,piccomp,male,a,253,"--,p=  ----","--,p=  ----","--,p=  ----"
ilse,tug,piccomp,male,aeh,253,"--,p=  ----","--,p=  ----","--,p=  ----"
ilse,tug,piccomp,male,aehplus,252,"--,p=  ----","--,p=  ----","--,p=  ----"
ilse,tug,symbol,female,a,228,"--,p=  ----","--,p=  ----","--,p=  ----"
ilse,tug,symbol,female,aeh,226,"--,p=  ----","--,p=  ----","--,p=  ----"
ilse,tug,symbol,female,aehplus,225,"--,p=  ----","--,p=  ----","--,p=  ----"
ilse,tug,symbol,male,a,253,"--,p=  ----","--,p=  ----","--,p=  ----"
ilse,tug,symbol,male,aeh,253,"--,p=  ----","--,p=  ----","--,p=  ----"
ilse,tug,symbol,male,aehplus,252,"--,p=  ----","--,p=  ----","--,p=  ----"
ilse,tug,waisgeneral,female,a,228,"--,p=  ----","--,p=  ----","--,p=  ----"
ilse,tug,waisgeneral,female,aeh,226,"--,p=  ----","--,p=  ----","--,p=  ----"
ilse,tug,waisgeneral,female,aehplus,225,"--,p=  ----","--,p=  ----","--,p=  ----"
ilse,tug,waisgeneral,male,a,253,"--,p=  ----","--,p=  ----","--,p=  ----"
ilse,tug,waisgeneral,male,aeh,253,"--,p=  ----","--,p=  ----","--,p=  ----"
ilse,tug,waisgeneral,male,aehplus,252,"--,p=  ----","--,p=  ----","--,p=  ----"
lasa,gait,letter,female,aehplus,782," -0.32(0.12),p=.01"," -0.24(0.11),p=.02"," -0.05(0.02),p=.02"
lasa,gait,letter,male,aehplus,800," -0.30(0.21),p=.15"," -0.32(0.14),p=.02"," -0.03(0.04),p=.43"
lasa,gait,raven,female,aehplus,782," -0.25(0.15),p=.10"," -0.53(0.18),p<.01","  0.03(0.04),p=.40"
lasa,gait,raven,male,aehplus,800," -0.23(0.19),p=.23"," -0.23(0.16),p=.15","  0.02(0.03),p=.38"
lasa,gait,word_im,female,aehplus,782," -0.31(0.18),p=.08"," -0.28(0.19),p=.13"," -0.02(0.02),p=.21"
lasa,gait,word_im,male,aehplus,800," -0.27(0.20),p=.17","  0.10(0.49),p=.85"," -0.01(0.03),p=.77"
lasa,grip,letter,female,aehplus,782,"  0.03(0.06),p=.59","  0.40(0.93),p=.67","  0.08(0.03),p<.01"
lasa,grip,letter,male,aehplus,800,"  0.10(0.05),p=.05","  0.61(0.41),p=.13","  0.09(0.03),p=.01"
lasa,grip,raven,female,aehplus,782,"  0.03(0.07),p=.66","  0.32(1.66),p=.85","  0.01(0.03),p=.70"
lasa,grip,raven,male,aehplus,800,"  0.17(0.05),p<.01","  0.93(0.69),p=.18","  0.07(0.03),p=.02"
lasa,grip,word_im,female,aehplus,782,"  0.11(0.07),p=.10","  0.23(2.09),p=.91","  0.12(0.03),p<.01"
lasa,grip,word_im,male,aehplus,800,"  0.07(0.06),p=.25","  0.16(0.80),p=.84","  0.14(0.03),p<.01"
lasa,pef,letter,female,aehplus,782,"  0.22(0.04),p<.01"," -0.03(0.30),p=.92","  0.11(0.03),p<.01"
lasa,pef,letter,male,aehplus,800,"  0.16(0.04),p<.01","  0.18(0.12),p=.13","  0.12(0.03),p<.01"
lasa,pef,raven,female,aehplus,782,"  0.29(0.05),p<.01"," -0.14(0.45),p=.75","  0.00(0.03),p=.85"
lasa,pef,raven,male,aehplus,800,"  0.18(0.05),p<.01","  0.54(0.19),p<.01","  0.03(0.03),p=.25"
lasa,pef,word_im,female,aehplus,782,"  0.16(0.05),p<.01","  0.10(0.57),p=.86","  0.14(0.02),p<.01"
lasa,pef,word_im,male,aehplus,800,"  0.10(0.05),p=.04","  0.11(0.44),p=.80","  0.10(0.03),p<.01"
map,fev,bnt,female,a,"1,010","--,p=  ----","--,p=  ----","--,p=  ----"
map,fev,bnt,female,ae,"1,010","--,p=  ----","--,p=  ----","--,p=  ----"
map,fev,bnt,female,aeh,"1,010","--,p=  ----","--,p=  ----","--,p=  ----"
map,fev,bnt,female,aehplus,"1,010","--,p=  ----","--,p=  ----","--,p=  ----"
map,fev,bnt,male,a,351,"--,p=  ----","--,p=  ----","--,p=  ----"
map,fev,bnt,male,ae,351,"--,p=  ----","--,p=  ----","--,p=  ----"
map,fev,bnt,male,aeh,351,"--,p=  ----","--,p=  ----","--,p=  ----"
map,fev,bnt,male,aehplus,351,"--,p=  ----","--,p=  ----","--,p=  ----"
map,fev,bstory_de,female,a,"1,010","--,p=  ----","--,p=  ----","--,p=  ----"
map,fev,bstory_de,female,ae,"1,010","--,p=  ----","--,p=  ----","--,p=  ----"
map,fev,bstory_de,female,aeh,"1,010","--,p=  ----","--,p=  ----","--,p=  ----"
map,fev,bstory_de,female,aehplus,"1,010","--,p=  ----","--,p=  ----","--,p=  ----"
map,fev,bstory_de,male,a,351,"--,p=  ----","--,p=  ----","--,p=  ----"
map,fev,bstory_de,male,ae,351,"--,p=  ----","--,p=  ----","--,p=  ----"
map,fev,bstory_de,male,aeh,351,"--,p=  ----","--,p=  ----","--,p=  ----"
map,fev,bstory_de,male,aehplus,351,"--,p=  ----","--,p=  ----","--,p=  ----"
map,fev,bstory_im,female,a,"1,010","--,p=  ----","--,p=  ----","--,p=  ----"
map,fev,bstory_im,female,ae,"1,010","--,p=  ----","--,p=  ----","--,p=  ----"
map,fev,bstory_im,female,aeh,"1,010","--,p=  ----","--,p=  ----","--,p=  ----"
map,fev,bstory_im,female,aehplus,"1,010","--,p=  ----","--,p=  ----","--,p=  ----"
map,fev,bstory_im,male,a,351,"--,p=  ----","--,p=  ----","--,p=  ----"
map,fev,bstory_im,male,ae,351,"--,p=  ----","--,p=  ----","--,p=  ----"
map,fev,bstory_im,male,aeh,351,"--,p=  ----","--,p=  ----","--,p=  ----"
map,fev,bstory_im,male,aehplus,351,"--,p=  ----","--,p=  ----","--,p=  ----"
map,fev,categories,female,a,"1,010","--,p=  ----","--,p=  ----","--,p=  ----"
map,fev,categories,female,ae,"1,010","--,p=  ----","--,p=  ----","--,p=  ----"
map,fev,categories,female,aeh,"1,010","--,p=  ----","--,p=  ----","--,p=  ----"
map,fev,categories,female,aehplus,"1,010","--,p=  ----","--,p=  ----","--,p=  ----"
map,fev,categories,male,a,351,"--,p=  ----","--,p=  ----","--,p=  ----"
map,fev,categories,male,ae,351,"--,p=  ----","--,p=  ----","--,p=  ----"
map,fev,categories,male,aeh,351,"--,p=  ----","--,p=  ----","--,p=  ----"
map,fev,categories,male,aehplus,351,"--,p=  ----","--,p=  ----","--,p=  ----"
map,fev,digit_b,female,a,"1,010","--,p=  ----","--,p=  ----","--,p=  ----"
map,fev,digit_b,female,ae,"1,010","--,p=  ----","--,p=  ----","--,p=  ----"
map,fev,digit_b,female,aeh,"1,010","--,p=  ----","--,p=  ----","--,p=  ----"
map,fev,digit_b,female,aehplus,"1,010","--,p=  ----","--,p=  ----","--,p=  ----"
map,fev,digit_b,male,a,351,"--,p=  ----","--,p=  ----","--,p=  ----"
map,fev,digit_b,male,ae,351,"--,p=  ----","--,p=  ----","--,p=  ----"
map,fev,digit_b,male,aeh,351,"--,p=  ----","--,p=  ----","--,p=  ----"
map,fev,digit_b,male,aehplus,351,"--,p=  ----","--,p=  ----","--,p=  ----"
map,fev,digit_f,female,a,"1,010","--,p=  ----","--,p=  ----","--,p=  ----"
map,fev,digit_f,female,ae,"1,010","--,p=  ----","--,p=  ----","--,p=  ----"
map,fev,digit_f,female,aeh,"1,010","--,p=  ----","--,p=  ----","--,p=  ----"
map,fev,digit_f,female,aehplus,"1,010","--,p=  ----","--,p=  ----","--,p=  ----"
map,fev,digit_f,male,a,351,"--,p=  ----","--,p=  ----","--,p=  ----"
map,fev,digit_f,male,ae,351,"--,p=  ----","--,p=  ----","--,p=  ----"
map,fev,digit_f,male,aeh,351,"--,p=  ----","--,p=  ----","--,p=  ----"
map,fev,digit_f,male,aehplus,351,"--,p=  ----","--,p=  ----","--,p=  ----"
map,fev,digit_o,female,a,"1,010","--,p=  ----","--,p=  ----","--,p=  ----"
map,fev,digit_o,female,ae,"1,010","--,p=  ----","--,p=  ----","--,p=  ----"
map,fev,digit_o,female,aeh,"1,010","--,p=  ----","--,p=  ----","--,p=  ----"
map,fev,digit_o,female,aehplus,"1,010","--,p=  ----","--,p=  ----","--,p=  ----"
map,fev,digit_o,male,a,351,"--,p=  ----","--,p=  ----","--,p=  ----"
map,fev,digit_o,male,ae,351,"--,p=  ----","--,p=  ----","--,p=  ----"
map,fev,digit_o,male,aeh,351,"--,p=  ----","--,p=  ----","--,p=  ----"
map,fev,digit_o,male,aehplus,351,"--,p=  ----","--,p=  ----","--,p=  ----"
map,fev,ideas,female,a,"1,010","--,p=  ----","--,p=  ----","--,p=  ----"
map,fev,ideas,female,ae,"1,010","--,p=  ----","--,p=  ----","--,p=  ----"
map,fev,ideas,female,aeh,"1,010","--,p=  ----","--,p=  ----","--,p=  ----"
map,fev,ideas,female,aehplus,"1,010","--,p=  ----","--,p=  ----","--,p=  ----"
map,fev,ideas,male,a,351,"--,p=  ----","--,p=  ----","--,p=  ----"
map,fev,ideas,male,ae,351,"--,p=  ----","--,p=  ----","--,p=  ----"
map,fev,ideas,male,aeh,351,"--,p=  ----","--,p=  ----","--,p=  ----"
map,fev,ideas,male,aehplus,351,"--,p=  ----","--,p=  ----","--,p=  ----"
map,fev,line,female,a,"1,010","--,p=  ----","--,p=  ----","--,p=  ----"
map,fev,line,female,ae,"1,010","--,p=  ----","--,p=  ----","--,p=  ----"
map,fev,line,female,aeh,951,"--,p=  ----","--,p=  ----","--,p=  ----"
map,fev,line,female,aehplus,"1,010","--,p=  ----","--,p=  ----","--,p=  ----"
map,fev,line,male,a,351,"--,p=  ----","--,p=  ----","--,p=  ----"
map,fev,line,male,ae,351,"--,p=  ----","--,p=  ----","--,p=  ----"
map,fev,line,male,aeh,327,"--,p=  ----","--,p=  ----","--,p=  ----"
map,fev,line,male,aehplus,351,"--,p=  ----","--,p=  ----","--,p=  ----"
map,fev,logic_de,female,a,"1,010","--,p=  ----","--,p=  ----","--,p=  ----"
map,fev,logic_de,female,ae,"1,010","--,p=  ----","--,p=  ----","--,p=  ----"
map,fev,logic_de,female,aeh,"1,010","--,p=  ----","--,p=  ----","--,p=  ----"
map,fev,logic_de,female,aehplus,"1,010","--,p=  ----","--,p=  ----","--,p=  ----"
map,fev,logic_de,male,a,351,"--,p=  ----","--,p=  ----","--,p=  ----"
map,fev,logic_de,male,ae,351,"--,p=  ----","--,p=  ----","--,p=  ----"
map,fev,logic_de,male,aeh,351,"--,p=  ----","--,p=  ----","--,p=  ----"
map,fev,logic_de,male,aehplus,351,"--,p=  ----","--,p=  ----","--,p=  ----"
map,fev,logic_im,female,ae,"1,010","--,p=  ----","--,p=  ----","--,p=  ----"
map,fev,logic_im,female,aeh,"1,010","--,p=  ----","--,p=  ----","--,p=  ----"
map,fev,logic_im,female,aehplus,"1,010","--,p=  ----","--,p=  ----","--,p=  ----"
map,fev,logic_im,male,a,351,"--,p=  ----","--,p=  ----","--,p=  ----"
map,fev,logic_im,male,ae,351,"--,p=  ----","--,p=  ----","--,p=  ----"
map,fev,logic_im,male,aeh,351,"--,p=  ----","--,p=  ----","--,p=  ----"
map,fev,logic_im,male,aehplus,351,"--,p=  ----","--,p=  ----","--,p=  ----"
map,fev,matrices,female,a,"1,010","--,p=  ----","--,p=  ----","--,p=  ----"
map,fev,matrices,female,ae,"1,010","--,p=  ----","--,p=  ----","--,p=  ----"
map,fev,matrices,female,aeh,"1,010","--,p=  ----","--,p=  ----","--,p=  ----"
map,fev,matrices,female,aehplus,"1,010","--,p=  ----","--,p=  ----","--,p=  ----"
map,fev,matrices,male,a,351,"--,p=  ----","--,p=  ----","--,p=  ----"
map,fev,matrices,male,ae,351,"--,p=  ----","--,p=  ----","--,p=  ----"
map,fev,matrices,male,aeh,351,"--,p=  ----","--,p=  ----","--,p=  ----"
map,fev,matrices,male,aehplus,351,"--,p=  ----","--,p=  ----","--,p=  ----"
map,fev,mmms,female,a,"1,010","--,p=  ----","--,p=  ----","--,p=  ----"
map,fev,mmms,female,ae,"1,010","--,p=  ----","--,p=  ----","--,p=  ----"
map,fev,mmms,female,aeh,"1,010","--,p=  ----","--,p=  ----","--,p=  ----"
map,fev,mmms,female,aehplus,"1,010","--,p=  ----","--,p=  ----","--,p=  ----"
map,fev,mmms,male,ae,351,"--,p=  ----","--,p=  ----","--,p=  ----"
map,fev,mmms,male,aeh,351,"--,p=  ----","--,p=  ----","--,p=  ----"
map,fev,mmms,male,aehplus,351,"--,p=  ----","--,p=  ----","--,p=  ----"
map,fev,nart,female,a,"1,010","--,p=  ----","--,p=  ----","--,p=  ----"
map,fev,nart,female,ae,"1,010","--,p=  ----","--,p=  ----","--,p=  ----"
map,fev,nart,female,aeh,"1,010","--,p=  ----","--,p=  ----","--,p=  ----"
map,fev,nart,female,aehplus,"1,010","--,p=  ----","--,p=  ----","--,p=  ----"
map,fev,nart,male,a,351,"--,p=  ----","--,p=  ----","--,p=  ----"
map,fev,nart,male,ae,351,"--,p=  ----","--,p=  ----","--,p=  ----"
map,fev,nart,male,aeh,351,"--,p=  ----","--,p=  ----","--,p=  ----"
map,fev,nart,male,aehplus,351,"--,p=  ----","--,p=  ----","--,p=  ----"
map,fev,num_comp,female,a,"1,010","--,p=  ----","--,p=  ----","--,p=  ----"
map,fev,num_comp,female,ae,"1,010","--,p=  ----","--,p=  ----","--,p=  ----"
map,fev,num_comp,female,aeh,"1,010","--,p=  ----","--,p=  ----","--,p=  ----"
map,fev,num_comp,female,aehplus,"1,010","--,p=  ----","--,p=  ----","--,p=  ----"
map,fev,num_comp,male,a,351,"--,p=  ----","--,p=  ----","--,p=  ----"
map,fev,num_comp,male,ae,351,"--,p=  ----","--,p=  ----","--,p=  ----"
map,fev,num_comp,male,aeh,351,"--,p=  ----","--,p=  ----","--,p=  ----"
map,fev,num_comp,male,aehplus,351,"--,p=  ----","--,p=  ----","--,p=  ----"
map,fev,symbol,female,a,"1,010","--,p=  ----","--,p=  ----","--,p=  ----"
map,fev,symbol,female,ae,"1,010","--,p=  ----","--,p=  ----","--,p=  ----"
map,fev,symbol,female,aeh,"1,010","--,p=  ----","--,p=  ----","--,p=  ----"
map,fev,symbol,female,aehplus,"1,010","--,p=  ----","--,p=  ----","--,p=  ----"
map,fev,symbol,male,a,351,"--,p=  ----","--,p=  ----","--,p=  ----"
map,fev,symbol,male,ae,351,"--,p=  ----","--,p=  ----","--,p=  ----"
map,fev,symbol,male,aeh,351,"--,p=  ----","--,p=  ----","--,p=  ----"
map,fev,symbol,male,aehplus,351,"--,p=  ----","--,p=  ----","--,p=  ----"
map,fev,word_de,female,a,"1,010","--,p=  ----","--,p=  ----","--,p=  ----"
map,fev,word_de,female,ae,"1,010","--,p=  ----","--,p=  ----","--,p=  ----"
map,fev,word_de,female,aeh,"1,010","--,p=  ----","--,p=  ----","--,p=  ----"
map,fev,word_de,female,aehplus,"1,010","--,p=  ----","--,p=  ----","--,p=  ----"
map,fev,word_de,male,a,351,"--,p=  ----","--,p=  ----","--,p=  ----"
map,fev,word_de,male,ae,351,"--,p=  ----","--,p=  ----","--,p=  ----"
map,fev,word_de,male,aeh,351,"--,p=  ----","--,p=  ----","--,p=  ----"
map,fev,word_de,male,aehplus,351,"--,p=  ----","--,p=  ----","--,p=  ----"
map,fev,word_im,female,a,"1,010","--,p=  ----","--,p=  ----","--,p=  ----"
map,fev,word_im,female,ae,"1,010","--,p=  ----","--,p=  ----","--,p=  ----"
map,fev,word_im,female,aeh,"1,010","--,p=  ----","--,p=  ----","--,p=  ----"
map,fev,word_im,female,aehplus,"1,010","--,p=  ----","--,p=  ----","--,p=  ----"
map,fev,word_im,male,a,351,"--,p=  ----","--,p=  ----","--,p=  ----"
map,fev,word_im,male,ae,351,"--,p=  ----","--,p=  ----","--,p=  ----"
map,fev,word_im,male,aeh,351,"--,p=  ----","--,p=  ----","--,p=  ----"
map,fev,word_im,male,aehplus,351,"--,p=  ----","--,p=  ----","--,p=  ----"
map,fev,word_rec,female,a,"1,010","--,p=  ----","--,p=  ----","--,p=  ----"
map,fev,word_rec,female,ae,"1,010","--,p=  ----","--,p=  ----","--,p=  ----"
map,fev,word_rec,female,aeh,"1,010","--,p=  ----","--,p=  ----","--,p=  ----"
map,fev,word_rec,female,aehplus,"1,010","--,p=  ----","--,p=  ----","--,p=  ----"
map,fev,word_rec,male,a,351,"--,p=  ----","--,p=  ----","--,p=  ----"
map,fev,word_rec,male,ae,351,"--,p=  ----","--,p=  ----","--,p=  ----"
map,fev,word_rec,male,aeh,351,"--,p=  ----","--,p=  ----","--,p=  ----"
map,fev,word_rec,male,aehplus,351,"--,p=  ----","--,p=  ----","--,p=  ----"
map,grip,bnt,female,a,"1,010","--,p=  ----","--,p=  ----","--,p=  ----"
map,grip,bnt,female,aeh,"1,010","--,p=  ----","--,p=  ----","--,p=  ----"
map,grip,bnt,female,aehplus,"1,010","--,p=  ----","--,p=  ----","--,p=  ----"
map,grip,bnt,male,a,351,"--,p=  ----","--,p=  ----","--,p=  ----"
map,grip,bnt,male,ae,351,"--,p=  ----","--,p=  ----","--,p=  ----"
map,grip,bnt,male,aeh,351,"--,p=  ----","--,p=  ----","--,p=  ----"
map,grip,bnt,male,aehplus,351,"--,p=  ----","--,p=  ----","--,p=  ----"
map,grip,bstory_de,female,a,"1,010","--,p=  ----","--,p=  ----","--,p=  ----"
map,grip,bstory_de,female,ae,"1,010","--,p=  ----","--,p=  ----","--,p=  ----"
map,grip,bstory_de,female,aeh,"1,010","--,p=  ----","--,p=  ----","--,p=  ----"
map,grip,bstory_de,female,aehplus,"1,010","--,p=  ----","--,p=  ----","--,p=  ----"
map,grip,bstory_de,male,a,351,"--,p=  ----","--,p=  ----","--,p=  ----"
map,grip,bstory_de,male,ae,351,"--,p=  ----","--,p=  ----","--,p=  ----"
map,grip,bstory_de,male,aeh,351,"--,p=  ----","--,p=  ----","--,p=  ----"
map,grip,bstory_de,male,aehplus,351,"--,p=  ----","--,p=  ----","--,p=  ----"
map,grip,bstory_im,female,a,"1,010","--,p=  ----","--,p=  ----","--,p=  ----"
map,grip,bstory_im,female,ae,"1,010","--,p=  ----","--,p=  ----","--,p=  ----"
map,grip,bstory_im,female,aeh,"1,010","--,p=  ----","--,p=  ----","--,p=  ----"
map,grip,bstory_im,female,aehplus,"1,010","--,p=  ----","--,p=  ----","--,p=  ----"
map,grip,bstory_im,male,a,351,"--,p=  ----","--,p=  ----","--,p=  ----"
map,grip,bstory_im,male,ae,351,"--,p=  ----","--,p=  ----","--,p=  ----"
map,grip,bstory_im,male,aeh,351,"--,p=  ----","--,p=  ----","--,p=  ----"
map,grip,bstory_im,male,aehplus,351,"--,p=  ----","--,p=  ----","--,p=  ----"
map,grip,categories,female,a,"1,010","--,p=  ----","--,p=  ----","--,p=  ----"
map,grip,categories,female,ae,"1,010","--,p=  ----","--,p=  ----","--,p=  ----"
map,grip,categories,female,aeh,"1,010","--,p=  ----","--,p=  ----","--,p=  ----"
map,grip,categories,female,aehplus,"1,010","--,p=  ----","--,p=  ----","--,p=  ----"
map,grip,categories,male,a,351,"--,p=  ----","--,p=  ----","--,p=  ----"
map,grip,categories,male,ae,351,"--,p=  ----","--,p=  ----","--,p=  ----"
map,grip,categories,male,aeh,351,"--,p=  ----","--,p=  ----","--,p=  ----"
map,grip,categories,male,aehplus,351,"--,p=  ----","--,p=  ----","--,p=  ----"
map,grip,digit_b,female,a,"1,010","--,p=  ----","--,p=  ----","--,p=  ----"
map,grip,digit_b,female,ae,"1,010","--,p=  ----","--,p=  ----","--,p=  ----"
map,grip,digit_b,female,aeh,"1,010","--,p=  ----","--,p=  ----","--,p=  ----"
map,grip,digit_b,female,aehplus,"1,010","--,p=  ----","--,p=  ----","--,p=  ----"
map,grip,digit_b,male,a,351,"--,p=  ----","--,p=  ----","--,p=  ----"
map,grip,digit_b,male,ae,351,"--,p=  ----","--,p=  ----","--,p=  ----"
map,grip,digit_b,male,aeh,351,"--,p=  ----","--,p=  ----","--,p=  ----"
map,grip,digit_b,male,aehplus,351,"--,p=  ----","--,p=  ----","--,p=  ----"
map,grip,digit_f,female,a,"1,010","--,p=  ----","--,p=  ----","--,p=  ----"
map,grip,digit_f,female,ae,"1,010","--,p=  ----","--,p=  ----","--,p=  ----"
map,grip,digit_f,female,aeh,"1,010","--,p=  ----","--,p=  ----","--,p=  ----"
map,grip,digit_f,female,aehplus,"1,010","--,p=  ----","--,p=  ----","--,p=  ----"
map,grip,digit_f,male,a,351,"--,p=  ----","--,p=  ----","--,p=  ----"
map,grip,digit_f,male,ae,351,"--,p=  ----","--,p=  ----","--,p=  ----"
map,grip,digit_f,male,aeh,351,"--,p=  ----","--,p=  ----","--,p=  ----"
map,grip,digit_f,male,aehplus,351,"--,p=  ----","--,p=  ----","--,p=  ----"
map,grip,digit_o,female,a,"1,010","--,p=  ----","--,p=  ----","--,p=  ----"
map,grip,digit_o,female,ae,"1,010","--,p=  ----","--,p=  ----","--,p=  ----"
map,grip,digit_o,female,aeh,"1,010","--,p=  ----","--,p=  ----","--,p=  ----"
map,grip,digit_o,female,aehplus,"1,010","--,p=  ----","--,p=  ----","--,p=  ----"
map,grip,digit_o,male,a,351,"--,p=  ----","--,p=  ----","--,p=  ----"
map,grip,digit_o,male,ae,351,"--,p=  ----","--,p=  ----","--,p=  ----"
map,grip,digit_o,male,aeh,351,"--,p=  ----","--,p=  ----","--,p=  ----"
map,grip,digit_o,male,aehplus,351,"--,p=  ----","--,p=  ----","--,p=  ----"
map,grip,ideas,female,a,"1,010","--,p=  ----","--,p=  ----","--,p=  ----"
map,grip,ideas,female,ae,"1,010","--,p=  ----","--,p=  ----","--,p=  ----"
map,grip,ideas,female,aeh,"1,010","--,p=  ----","--,p=  ----","--,p=  ----"
map,grip,ideas,female,aehplus,"1,010","--,p=  ----","--,p=  ----","--,p=  ----"
map,grip,ideas,male,a,351,"--,p=  ----","--,p=  ----","--,p=  ----"
map,grip,ideas,male,ae,351,"--,p=  ----","--,p=  ----","--,p=  ----"
map,grip,ideas,male,aeh,351,"--,p=  ----","--,p=  ----","--,p=  ----"
map,grip,ideas,male,aehplus,351,"--,p=  ----","--,p=  ----","--,p=  ----"
map,grip,line,female,a,"1,010","--,p=  ----","--,p=  ----","--,p=  ----"
map,grip,line,female,ae,"1,010","--,p=  ----","--,p=  ----","--,p=  ----"
map,grip,line,female,aeh,"1,010","--,p=  ----","--,p=  ----","--,p=  ----"
map,grip,line,female,aehplus,"1,010","--,p=  ----","--,p=  ----","--,p=  ----"
map,grip,line,male,a,351,"--,p=  ----","--,p=  ----","--,p=  ----"
map,grip,line,male,ae,351,"--,p=  ----","--,p=  ----","--,p=  ----"
map,grip,line,male,aeh,351,"--,p=  ----","--,p=  ----","--,p=  ----"
map,grip,line,male,aehplus,351,"--,p=  ----","--,p=  ----","--,p=  ----"
map,grip,logic_de,female,a,"1,010","--,p=  ----","--,p=  ----","--,p=  ----"
map,grip,logic_de,female,ae,"1,010","--,p=  ----","--,p=  ----","--,p=  ----"
map,grip,logic_de,female,aeh,"1,010","--,p=  ----","--,p=  ----","--,p=  ----"
map,grip,logic_de,female,aehplus,"1,010","--,p=  ----","--,p=  ----","--,p=  ----"
map,grip,logic_de,male,a,351,"--,p=  ----","--,p=  ----","--,p=  ----"
map,grip,logic_de,male,ae,351,"--,p=  ----","--,p=  ----","--,p=  ----"
map,grip,logic_de,male,aeh,351,"--,p=  ----","--,p=  ----","--,p=  ----"
map,grip,logic_de,male,aehplus,351,"--,p=  ----","--,p=  ----","--,p=  ----"
map,grip,logic_im,female,a,"1,010","--,p=  ----","--,p=  ----","--,p=  ----"
map,grip,logic_im,female,ae,"1,010","--,p=  ----","--,p=  ----","--,p=  ----"
map,grip,logic_im,female,aeh,"1,010","--,p=  ----","--,p=  ----","--,p=  ----"
map,grip,logic_im,female,aehplus,"1,010","--,p=  ----","--,p=  ----","--,p=  ----"
map,grip,logic_im,male,a,351,"--,p=  ----","--,p=  ----","--,p=  ----"
map,grip,logic_im,male,ae,351,"--,p=  ----","--,p=  ----","--,p=  ----"
map,grip,logic_im,male,aeh,351,"--,p=  ----","--,p=  ----","--,p=  ----"
map,grip,logic_im,male,aehplus,351,"--,p=  ----","--,p=  ----","--,p=  ----"
map,grip,matrices,female,a,"1,010","--,p=  ----","--,p=  ----","--,p=  ----"
map,grip,matrices,female,ae,"1,010","--,p=  ----","--,p=  ----","--,p=  ----"
map,grip,matrices,female,aeh,"1,010","--,p=  ----","--,p=  ----","--,p=  ----"
map,grip,matrices,female,aehplus,"1,010","--,p=  ----","--,p=  ----","--,p=  ----"
map,grip,matrices,male,a,351,"--,p=  ----","--,p=  ----","--,p=  ----"
map,grip,matrices,male,ae,351,"--,p=  ----","--,p=  ----","--,p=  ----"
map,grip,matrices,male,aeh,351,"--,p=  ----","--,p=  ----","--,p=  ----"
map,grip,matrices,male,aehplus,351,"--,p=  ----","--,p=  ----","--,p=  ----"
map,grip,mmms,female,a,"1,010","--,p=  ----","--,p=  ----","--,p=  ----"
map,grip,mmms,female,ae,"1,010","--,p=  ----","--,p=  ----","--,p=  ----"
map,grip,mmms,female,aeh,"1,010","--,p=  ----","--,p=  ----","--,p=  ----"
map,grip,mmms,female,aehplus,"1,010","--,p=  ----","--,p=  ----","--,p=  ----"
map,grip,mmms,male,a,351,"--,p=  ----","--,p=  ----","--,p=  ----"
map,grip,mmms,male,ae,351,"--,p=  ----","--,p=  ----","--,p=  ----"
map,grip,mmms,male,aeh,351,"--,p=  ----","--,p=  ----","--,p=  ----"
map,grip,mmms,male,aehplus,351,"--,p=  ----","--,p=  ----","--,p=  ----"
map,grip,nart,female,a,"1,010","--,p=  ----","--,p=  ----","--,p=  ----"
map,grip,nart,female,aeh,"1,010","--,p=  ----","--,p=  ----","--,p=  ----"
map,grip,nart,female,aehplus,"1,010","--,p=  ----","--,p=  ----","--,p=  ----"
map,grip,nart,male,a,351,"--,p=  ----","--,p=  ----","--,p=  ----"
map,grip,nart,male,ae,351,"--,p=  ----","--,p=  ----","--,p=  ----"
map,grip,nart,male,aeh,351,"--,p=  ----","--,p=  ----","--,p=  ----"
map,grip,nart,male,aehplus,351,"--,p=  ----","--,p=  ----","--,p=  ----"
map,grip,num_comp,female,a,"1,010","--,p=  ----","--,p=  ----","--,p=  ----"
map,grip,num_comp,female,ae,"1,010","--,p=  ----","--,p=  ----","--,p=  ----"
map,grip,num_comp,female,aeh,"1,010","--,p=  ----","--,p=  ----","--,p=  ----"
map,grip,num_comp,female,aehplus,"1,010","--,p=  ----","--,p=  ----","--,p=  ----"
map,grip,num_comp,male,a,351,"--,p=  ----","--,p=  ----","--,p=  ----"
map,grip,num_comp,male,aeh,351,"--,p=  ----","--,p=  ----","--,p=  ----"
map,grip,num_comp,male,aehplus,351,"--,p=  ----","--,p=  ----","--,p=  ----"
map,grip,symbol,female,a,"1,010","--,p=  ----","--,p=  ----","--,p=  ----"
map,grip,symbol,female,ae,"1,010","--,p=  ----","--,p=  ----","--,p=  ----"
map,grip,symbol,female,aeh,"1,010","--,p=  ----","--,p=  ----","--,p=  ----"
map,grip,symbol,female,aehplus,"1,010","--,p=  ----","--,p=  ----","--,p=  ----"
map,grip,symbol,male,a,351,"--,p=  ----","--,p=  ----","--,p=  ----"
map,grip,symbol,male,ae,351,"--,p=  ----","--,p=  ----","--,p=  ----"
map,grip,symbol,male,aeh,351,"--,p=  ----","--,p=  ----","--,p=  ----"
map,grip,symbol,male,aehplus,351,"--,p=  ----","--,p=  ----","--,p=  ----"
map,grip,word_de,female,a,"1,010","--,p=  ----","--,p=  ----","--,p=  ----"
map,grip,word_de,female,ae,"1,010","--,p=  ----","--,p=  ----","--,p=  ----"
map,grip,word_de,female,aeh,"1,010","--,p=  ----","--,p=  ----","--,p=  ----"
map,grip,word_de,female,aehplus,"1,010","--,p=  ----","--,p=  ----","--,p=  ----"
map,grip,word_de,male,a,351,"--,p=  ----","--,p=  ----","--,p=  ----"
map,grip,word_de,male,ae,351,"--,p=  ----","--,p=  ----","--,p=  ----"
map,grip,word_de,male,aeh,351,"--,p=  ----","--,p=  ----","--,p=  ----"
map,grip,word_de,male,aehplus,351,"--,p=  ----","--,p=  ----","--,p=  ----"
map,grip,word_im,female,a,"1,010","--,p=  ----","--,p=  ----","--,p=  ----"
map,grip,word_im,female,ae,"1,010","--,p=  ----","--,p=  ----","--,p=  ----"
map,grip,word_im,female,aeh,"1,010","--,p=  ----","--,p=  ----","--,p=  ----"
map,grip,word_im,female,aehplus,"1,010","--,p=  ----","--,p=  ----","--,p=  ----"
map,grip,word_im,male,a,351,"--,p=  ----","--,p=  ----","--,p=  ----"
map,grip,word_im,male,ae,351,"--,p=  ----","--,p=  ----","--,p=  ----"
map,grip,word_im,male,aeh,351,"--,p=  ----","--,p=  ----","--,p=  ----"
map,grip,word_im,male,aehplus,351,"--,p=  ----","--,p=  ----","--,p=  ----"
map,grip,word_rec,female,a,"1,010","--,p=  ----","--,p=  ----","--,p=  ----"
map,grip,word_rec,female,ae,"1,010","--,p=  ----","--,p=  ----","--,p=  ----"
map,grip,word_rec,female,aeh,"1,010","--,p=  ----","--,p=  ----","--,p=  ----"
map,grip,word_rec,male,a,351,"--,p=  ----","--,p=  ----","--,p=  ----"
map,grip,word_rec,male,ae,351,"--,p=  ----","--,p=  ----","--,p=  ----"
map,grip,word_rec,male,aeh,351,"--,p=  ----","--,p=  ----","--,p=  ----"
map,grip,word_rec,male,aehplus,351,"--,p=  ----","--,p=  ----","--,p=  ----"
nuage,grip,mmms,female,a,939,"--,p=  ----","--,p=  ----","--,p=  ----"
nuage,grip,mmms,female,aeh,934,"--,p=  ----","--,p=  ----","--,p=  ----"
nuage,grip,mmms,female,aehplus,934,"--,p=  ----","--,p=  ----","--,p=  ----"
nuage,grip,mmms,male,a,851,"--,p=  ----","--,p=  ----","--,p=  ----"
nuage,grip,mmms,male,aeh,847,"--,p=  ----","--,p=  ----","--,p=  ----"
nuage,grip,mmms,male,aehplus,847,"--,p=  ----","--,p=  ----","--,p=  ----"
octo,gait,block,female,aehplus,272," -0.43(0.12),p<.01"," -0.49(0.61),p=.42"," -0.15(0.05),p<.01"
octo,gait,block,male,aehplus,137," -0.40(0.13),p<.01"," -0.73(2.42),p=.76"," -0.10(0.09),p=.27"
octo,gait,digit_b,female,aehplus,275," -0.30(0.10),p<.01","  0.23(0.45),p=.60","  0.03(0.06),p=.58"
octo,gait,digit_b,male,aehplus,139," -0.22(0.20),p=.29"," -0.59(0.86),p=.50"," -0.04(0.11),p=.69"
octo,gait,digit_f,female,aehplus,275," -0.11(0.08),p=.18"," -0.12(0.18),p=.50"," -0.04(0.04),p=.27"
octo,gait,digit_f,male,aehplus,139," -0.17(0.17),p=.31"," -0.56(0.64),p=.39"," -0.06(0.07),p=.40"
octo,gait,prose_im,female,aehplus,268," -0.14(0.12),p=.24"," -0.23(0.08),p<.01"," -0.06(0.04),p=.11"
octo,gait,symbol,female,aehplus,265," -0.37(0.14),p=.01"," -0.41(0.46),p=.37"," -0.12(0.08),p=.15"
octo,gait,symbol,male,aehplus,134," -0.46(0.14),p<.01","  0.00(0.98),p=.99"," -0.23(0.09),p=.01"
octo,grip,block,female,a,303,"--,p=  ----","--,p=  ----","--,p=  ----"
octo,grip,block,female,aeh,275,"--,p=  ----","--,p=  ----","--,p=  ----"
octo,grip,block,female,aehplus,274,"--,p=  ----","--,p=  ----","--,p=  ----"
octo,grip,block,male,a,158,"--,p=  ----","--,p=  ----","--,p=  ----"
octo,grip,block,male,aeh,139,"--,p=  ----","--,p=  ----","--,p=  ----"
octo,grip,block,male,aehplus,139,"--,p=  ----","--,p=  ----","--,p=  ----"
octo,grip,digit_b,female,a,305,"--,p=  ----","--,p=  ----","--,p=  ----"
octo,grip,digit_b,female,aeh,276,"--,p=  ----","--,p=  ----","--,p=  ----"
octo,grip,digit_b,female,aehplus,275,"--,p=  ----","--,p=  ----","--,p=  ----"
octo,grip,digit_b,male,a,161,"--,p=  ----","--,p=  ----","--,p=  ----"
octo,grip,digit_b,male,aeh,139,"--,p=  ----","--,p=  ----","--,p=  ----"
octo,grip,digit_b,male,aehplus,139,"--,p=  ----","--,p=  ----","--,p=  ----"
octo,grip,digit_f,female,a,306,"--,p=  ----","--,p=  ----","--,p=  ----"
octo,grip,digit_f,female,aeh,276,"--,p=  ----","--,p=  ----","--,p=  ----"
octo,grip,digit_f,female,aehplus,275,"--,p=  ----","--,p=  ----","--,p=  ----"
octo,grip,digit_f,male,a,161,"--,p=  ----","--,p=  ----","--,p=  ----"
octo,grip,digit_f,male,aeh,139,"--,p=  ----","--,p=  ----","--,p=  ----"
octo,grip,digit_f,male,aehplus,139,"--,p=  ----","--,p=  ----","--,p=  ----"
octo,grip,fig_logic,female,a,302,"--,p=  ----","--,p=  ----","--,p=  ----"
octo,grip,fig_logic,female,aeh,274,"--,p=  ----","--,p=  ----","--,p=  ----"
octo,grip,fig_logic,female,aehplus,273,"--,p=  ----","--,p=  ----","--,p=  ----"
octo,grip,fig_logic,male,a,157,"--,p=  ----","--,p=  ----","--,p=  ----"
octo,grip,fig_logic,male,aeh,138,"--,p=  ----","--,p=  ----","--,p=  ----"
octo,grip,fig_logic,male,aehplus,138,"--,p=  ----","--,p=  ----","--,p=  ----"
octo,grip,information,female,a,305,"--,p=  ----","--,p=  ----","--,p=  ----"
octo,grip,information,female,aeh,275,"--,p=  ----","--,p=  ----","--,p=  ----"
octo,grip,information,male,a,162,"--,p=  ----","--,p=  ----","--,p=  ----"
octo,grip,information,male,aeh,140,"--,p=  ----","--,p=  ----","--,p=  ----"
octo,grip,mir,female,a,303,"--,p=  ----","--,p=  ----","--,p=  ----"
octo,grip,mir,female,aeh,273,"--,p=  ----","--,p=  ----","--,p=  ----"
octo,grip,mir,female,aehplus,272,"--,p=  ----","--,p=  ----","--,p=  ----"
octo,grip,mir,male,a,159,"--,p=  ----","--,p=  ----","--,p=  ----"
octo,grip,mir,male,aeh,139,"--,p=  ----","--,p=  ----","--,p=  ----"
octo,grip,mir,male,aehplus,139,"--,p=  ----","--,p=  ----","--,p=  ----"
octo,grip,mmms,female,a,311,"--,p=  ----","--,p=  ----","--,p=  ----"
octo,grip,mmms,female,aeh,276,"--,p=  ----","--,p=  ----","--,p=  ----"
octo,grip,mmms,male,a,164,"--,p=  ----","--,p=  ----","--,p=  ----"
octo,grip,mmms,male,aeh,140,"--,p=  ----","--,p=  ----","--,p=  ----"
octo,grip,prose_im,female,a,302,"--,p=  ----","--,p=  ----","--,p=  ----"
octo,grip,prose_im,female,aeh,273,"--,p=  ----","--,p=  ----","--,p=  ----"
octo,grip,prose_im,female,aehplus,272,"  0.14(0.07),p=.07","  0.37(0.35),p=.29","  0.06(0.07),p=.38"
octo,grip,prose_im,male,a,161,"--,p=  ----","--,p=  ----","--,p=  ----"
octo,grip,prose_im,male,aeh,139,"--,p=  ----","--,p=  ----","--,p=  ----"
octo,grip,prose_im,male,aehplus,139,"  0.35(0.10),p<.01"," -0.38(2.68),p=.89","  0.14(0.09),p=.14"
octo,grip,psif,female,a,298,"--,p=  ----","--,p=  ----","--,p=  ----"
octo,grip,psif,female,aeh,271,"--,p=  ----","--,p=  ----","--,p=  ----"
octo,grip,psif,male,a,156,"--,p=  ----","--,p=  ----","--,p=  ----"
octo,grip,psif,male,aeh,138,"--,p=  ----","--,p=  ----","--,p=  ----"
octo,grip,symbol,female,a,299,"--,p=  ----","--,p=  ----","--,p=  ----"
octo,grip,symbol,female,aeh,272,"--,p=  ----","--,p=  ----","--,p=  ----"
octo,grip,symbol,female,aehplus,271,"--,p=  ----","--,p=  ----","--,p=  ----"
octo,grip,symbol,male,a,156,"--,p=  ----","--,p=  ----","--,p=  ----"
octo,grip,symbol,male,aeh,138,"--,p=  ----","--,p=  ----","--,p=  ----"
octo,grip,symbol,male,aehplus,138,"--,p=  ----","--,p=  ----","--,p=  ----"
octo,grip,synonyms,female,a,301,"--,p=  ----","--,p=  ----","--,p=  ----"
octo,grip,synonyms,female,aeh,273,"--,p=  ----","--,p=  ----","--,p=  ----"
octo,grip,synonyms,male,a,157,"--,p=  ----","--,p=  ----","--,p=  ----"
octo,grip,synonyms,male,aeh,139,"--,p=  ----","--,p=  ----","--,p=  ----"
octo,pef,block,female,a,293,"--,p=  ----","--,p=  ----","--,p=  ----"
octo,pef,block,female,aeh,272,"--,p=  ----","--,p=  ----","--,p=  ----"
octo,pef,block,female,aehplus,271,"  0.23(0.09),p=.01","  0.02(0.34),p=.96","  0.15(0.06),p=.01"
octo,pef,block,male,a,151,"--,p=  ----","--,p=  ----","--,p=  ----"
octo,pef,block,male,aeh,136,"--,p=  ----","--,p=  ----","--,p=  ----"
octo,pef,block,male,aehplus,136,"  0.30(0.11),p<.01","  0.75(0.17),p<.01","  0.11(0.06),p=.07"
octo,pef,digit_b,female,a,299,"--,p=  ----","--,p=  ----","--,p=  ----"
octo,pef,digit_b,female,aeh,276,"--,p=  ----","--,p=  ----","--,p=  ----"
octo,pef,digit_b,female,aehplus,275,"  0.19(0.12),p=.13","  0.16(0.50),p=.75","  0.02(0.05),p=.74"
octo,pef,digit_b,male,a,158,"--,p=  ----","--,p=  ----","--,p=  ----"
octo,pef,digit_b,male,aeh,138,"--,p=  ----","--,p=  ----","--,p=  ----"
octo,pef,digit_b,male,aehplus,138,"  0.30(0.13),p=.02","  0.36(0.41),p=.37"," -0.09(0.08),p=.27"
octo,pef,digit_f,female,a,300,"--,p=  ----","--,p=  ----","--,p=  ----"
octo,pef,digit_f,female,aeh,276,"--,p=  ----","--,p=  ----","--,p=  ----"
octo,pef,digit_f,female,aehplus,275," -0.00(0.10),p=.96"," -0.30(0.27),p=.27","  0.01(0.05),p=.81"
octo,pef,digit_f,male,a,158,"--,p=  ----","--,p=  ----","--,p=  ----"
octo,pef,digit_f,male,aeh,138,"--,p=  ----","--,p=  ----","--,p=  ----"
octo,pef,digit_f,male,aehplus,138," -0.09(0.13),p=.50","  0.63(0.17),p<.01","  0.01(0.06),p=.85"
octo,pef,fig_logic,female,a,284,"--,p=  ----","--,p=  ----","--,p=  ----"
octo,pef,fig_logic,female,aeh,268,"--,p=  ----","--,p=  ----","--,p=  ----"
octo,pef,fig_logic,male,a,146,"--,p=  ----","--,p=  ----","--,p=  ----"
octo,pef,fig_logic,male,aeh,133,"--,p=  ----","--,p=  ----","--,p=  ----"
octo,pef,information,female,a,301,"--,p=  ----","--,p=  ----","--,p=  ----"
octo,pef,information,female,aeh,275,"--,p=  ----","--,p=  ----","--,p=  ----"
octo,pef,information,male,a,156,"--,p=  ----","--,p=  ----","--,p=  ----"
octo,pef,information,male,aeh,138,"--,p=  ----","--,p=  ----","--,p=  ----"
octo,pef,mir,female,a,293,"--,p=  ----","--,p=  ----","--,p=  ----"
octo,pef,mir,female,aeh,271,"--,p=  ----","--,p=  ----","--,p=  ----"
octo,pef,mir,male,a,153,"--,p=  ----","--,p=  ----","--,p=  ----"
octo,pef,mir,male,aeh,137,"--,p=  ----","--,p=  ----","--,p=  ----"
octo,pef,mmms,female,a,311,"--,p=  ----","--,p=  ----","--,p=  ----"
octo,pef,mmms,female,aeh,276,"--,p=  ----","--,p=  ----","--,p=  ----"
octo,pef,mmms,male,a,164,"--,p=  ----","--,p=  ----","--,p=  ----"
octo,pef,mmms,male,aeh,140,"--,p=  ----","--,p=  ----","--,p=  ----"
octo,pef,prose_im,female,a,289,"--,p=  ----","--,p=  ----","--,p=  ----"
octo,pef,prose_im,female,aeh,268,"--,p=  ----","--,p=  ----","--,p=  ----"
octo,pef,prose_im,female,aehplus,267,"  0.16(0.09),p=.08"," -0.05(0.35),p=.88","  0.08(0.06),p=.21"
octo,pef,prose_im,male,a,153,"--,p=  ----","--,p=  ----","--,p=  ----"
octo,pef,prose_im,male,aeh,136,"--,p=  ----","--,p=  ----","--,p=  ----"
octo,pef,prose_im,male,aehplus,136,"  0.22(0.13),p=.09"," -0.26(0.53),p=.62","  0.10(0.12),p=.41"
octo,pef,psif,female,a,268,"--,p=  ----","--,p=  ----","--,p=  ----"
octo,pef,psif,female,aeh,254,"--,p=  ----","--,p=  ----","--,p=  ----"
octo,pef,psif,male,a,135,"--,p=  ----","--,p=  ----","--,p=  ----"
octo,pef,psif,male,aeh,127,"--,p=  ----","--,p=  ----","--,p=  ----"
octo,pef,symbol,female,a,278,"--,p=  ----","--,p=  ----","--,p=  ----"
octo,pef,symbol,female,aeh,264,"--,p=  ----","--,p=  ----","--,p=  ----"
octo,pef,symbol,female,aehplus,263,"  0.38(0.08),p<.01","  0.66(0.18),p<.01","  0.03(0.06),p=.54"
octo,pef,symbol,male,a,142,"--,p=  ----","--,p=  ----","--,p=  ----"
octo,pef,symbol,male,aeh,133,"--,p=  ----","--,p=  ----","--,p=  ----"
octo,pef,symbol,male,aehplus,133,"  0.31(0.10),p<.01","  0.73(0.15),p<.01"," -0.04(0.08),p=.60"
octo,pef,synonyms,female,a,280,"--,p=  ----","--,p=  ----","--,p=  ----"
octo,pef,synonyms,female,aeh,265,"--,p=  ----","--,p=  ----","--,p=  ----"
octo,pef,synonyms,male,a,142,"--,p=  ----","--,p=  ----","--,p=  ----"
octo,pef,synonyms,male,aeh,132,"--,p=  ----","--,p=  ----","--,p=  ----"
satsa,fev,analogies,female,0,512,"--,p=  ----","--,p=  ----","--,p=  ----"
satsa,fev,analogies,female,a,507,"--,p=  ----","--,p=  ----","--,p=  ----"
satsa,fev,analogies,female,ae,485,"--,p=  ----","--,p=  ----","--,p=  ----"
satsa,fev,analogies,female,aeh,476,"--,p=  ----","--,p=  ----","--,p=  ----"
satsa,fev,analogies,female,aehplus,408,"--,p=  ----","--,p=  ----","--,p=  ----"
satsa,fev,analogies,male,0,347,"--,p=  ----","--,p=  ----","--,p=  ----"
satsa,fev,analogies,male,a,347,"--,p=  ----","--,p=  ----","--,p=  ----"
satsa,fev,analogies,male,ae,341,"--,p=  ----","--,p=  ----","--,p=  ----"
satsa,fev,analogies,male,aeh,338,"--,p=  ----","--,p=  ----","--,p=  ----"
satsa,fev,analogies,male,aehplus,300,"--,p=  ----","--,p=  ----","--,p=  ----"
satsa,fev,block,female,0,512,"--,p=  ----","--,p=  ----","--,p=  ----"
satsa,fev,block,female,a,512,"--,p=  ----","--,p=  ----","--,p=  ----"
satsa,fev,block,female,ae,490,"--,p=  ----","--,p=  ----","--,p=  ----"
satsa,fev,block,female,aeh,477,"--,p=  ----","--,p=  ----","--,p=  ----"
satsa,fev,block,female,aehplus,408,"  0.23(0.09),p=.01","  0.12(0.24),p=.62","  0.08(0.04),p=.04"
satsa,fev,block,male,0,347,"--,p=  ----","--,p=  ----","--,p=  ----"
satsa,fev,block,male,a,347,"--,p=  ----","--,p=  ----","--,p=  ----"
satsa,fev,block,male,ae,341,"--,p=  ----","--,p=  ----","--,p=  ----"
satsa,fev,block,male,aeh,338,"--,p=  ----","--,p=  ----","--,p=  ----"
satsa,fev,block,male,aehplus,299,"  0.23(0.08),p<.01","  0.32(0.25),p=.20"," -0.01(0.05),p=.88"
satsa,fev,digit_b,female,0,512,"--,p=  ----","--,p=  ----","--,p=  ----"
satsa,fev,digit_b,female,a,512,"--,p=  ----","--,p=  ----","--,p=  ----"
satsa,fev,digit_b,female,ae,490,"--,p=  ----","--,p=  ----","--,p=  ----"
satsa,fev,digit_b,female,aeh,478,"--,p=  ----","--,p=  ----","--,p=  ----"
satsa,fev,digit_b,female,aehplus,409,"  0.33(0.10),p<.01","  0.35(0.27),p=.19"," -0.03(0.05),p=.59"
satsa,fev,digit_b,female,aehplus,410,"--,p=  ----","--,p=  ----","--,p=  ----"
satsa,fev,digit_b,male,0,347,"--,p=  ----","--,p=  ----","--,p=  ----"
satsa,fev,digit_b,male,a,347,"--,p=  ----","--,p=  ----","--,p=  ----"
satsa,fev,digit_b,male,ae,341,"--,p=  ----","--,p=  ----","--,p=  ----"
satsa,fev,digit_b,male,aeh,338,"--,p=  ----","--,p=  ----","--,p=  ----"
satsa,fev,digit_b,male,aehplus,299,"  0.22(0.10),p=.02"," -0.44(0.86),p=.60"," -0.03(0.04),p=.40"
satsa,fev,digit_b,male,aehplus,300,"--,p=  ----","--,p=  ----","--,p=  ----"
satsa,fev,digit_f,female,0,512,"--,p=  ----","--,p=  ----","--,p=  ----"
satsa,fev,digit_f,female,a,512,"--,p=  ----","--,p=  ----","--,p=  ----"
satsa,fev,digit_f,female,ae,490,"--,p=  ----","--,p=  ----","--,p=  ----"
satsa,fev,digit_f,female,aeh,478,"--,p=  ----","--,p=  ----","--,p=  ----"
satsa,fev,digit_f,female,aehplus,409,"  0.08(0.10),p=.42","  0.07(0.64),p=.91","  0.07(0.04),p=.07"
satsa,fev,digit_f,female,aehplus,410,"--,p=  ----","--,p=  ----","--,p=  ----"
satsa,fev,digit_f,male,0,347,"--,p=  ----","--,p=  ----","--,p=  ----"
satsa,fev,digit_f,male,a,347,"--,p=  ----","--,p=  ----","--,p=  ----"
satsa,fev,digit_f,male,ae,341,"--,p=  ----","--,p=  ----","--,p=  ----"
satsa,fev,digit_f,male,aeh,338,"--,p=  ----","--,p=  ----","--,p=  ----"
satsa,fev,digit_f,male,aehplus,299,"  0.15(0.11),p=.17","  0.10(0.92),p=.92","  0.05(0.05),p=.36"
satsa,fev,digit_f,male,aehplus,300,"--,p=  ----","--,p=  ----","--,p=  ----"
satsa,fev,fig_id,female,a,509,"--,p=  ----","--,p=  ----","--,p=  ----"
satsa,fev,fig_id,female,ae,487,"--,p=  ----","--,p=  ----","--,p=  ----"
satsa,fev,fig_id,female,aeh,478,"--,p=  ----","--,p=  ----","--,p=  ----"
satsa,fev,fig_id,male,a,347,"--,p=  ----","--,p=  ----","--,p=  ----"
satsa,fev,fig_id,male,ae,341,"--,p=  ----","--,p=  ----","--,p=  ----"
satsa,fev,fig_id,male,aeh,338,"--,p=  ----","--,p=  ----","--,p=  ----"
satsa,fev,fig_mem,female,0,512,"--,p=  ----","--,p=  ----","--,p=  ----"
satsa,fev,fig_mem,female,a,512,"--,p=  ----","--,p=  ----","--,p=  ----"
satsa,fev,fig_mem,female,ae,490,"--,p=  ----","--,p=  ----","--,p=  ----"
satsa,fev,fig_mem,female,aeh,478,"--,p=  ----","--,p=  ----","--,p=  ----"
satsa,fev,fig_mem,female,aehplus,410,"--,p=  ----","--,p=  ----","--,p=  ----"
satsa,fev,fig_mem,male,0,347,"--,p=  ----","--,p=  ----","--,p=  ----"
satsa,fev,fig_mem,male,a,347,"--,p=  ----","--,p=  ----","--,p=  ----"
satsa,fev,fig_mem,male,ae,341,"--,p=  ----","--,p=  ----","--,p=  ----"
satsa,fev,fig_mem,male,aeh,337,"--,p=  ----","--,p=  ----","--,p=  ----"
satsa,fev,fig_mem,male,aehplus,299,"--,p=  ----","--,p=  ----","--,p=  ----"
satsa,fev,information,female,0,512,"--,p=  ----","--,p=  ----","--,p=  ----"
satsa,fev,information,female,a,512,"--,p=  ----","--,p=  ----","--,p=  ----"
satsa,fev,information,female,ae,490,"--,p=  ----","--,p=  ----","--,p=  ----"
satsa,fev,information,female,aeh,479,"--,p=  ----","--,p=  ----","--,p=  ----"
satsa,fev,information,female,aehplus,411,"--,p=  ----","--,p=  ----","--,p=  ----"
satsa,fev,information,male,0,347,"--,p=  ----","--,p=  ----","--,p=  ----"
satsa,fev,information,male,a,347,"--,p=  ----","--,p=  ----","--,p=  ----"
satsa,fev,information,male,ae,341,"--,p=  ----","--,p=  ----","--,p=  ----"
satsa,fev,information,male,aeh,338,"--,p=  ----","--,p=  ----","--,p=  ----"
satsa,fev,information,male,aehplus,300,"--,p=  ----","--,p=  ----","--,p=  ----"
satsa,fev,mmms,female,0,512,"--,p=  ----","--,p=  ----","--,p=  ----"
satsa,fev,mmms,female,a,511,"--,p=  ----","--,p=  ----","--,p=  ----"
satsa,fev,mmms,female,ae,489,"--,p=  ----","--,p=  ----","--,p=  ----"
satsa,fev,mmms,female,aeh,480,"--,p=  ----","--,p=  ----","--,p=  ----"
satsa,fev,mmms,female,aehplus,412,"--,p=  ----","--,p=  ----","--,p=  ----"
satsa,fev,mmms,male,0,347,"--,p=  ----","--,p=  ----","--,p=  ----"
satsa,fev,mmms,male,a,346,"--,p=  ----","--,p=  ----","--,p=  ----"
satsa,fev,mmms,male,ae,341,"--,p=  ----","--,p=  ----","--,p=  ----"
satsa,fev,mmms,male,aeh,338,"--,p=  ----","--,p=  ----","--,p=  ----"
satsa,fev,mmms,male,aehplus,300,"--,p=  ----","--,p=  ----","--,p=  ----"
satsa,fev,rotate,female,0,512,"--,p=  ----","--,p=  ----","--,p=  ----"
satsa,fev,rotate,female,a,512,"--,p=  ----","--,p=  ----","--,p=  ----"
satsa,fev,rotate,female,ae,490,"--,p=  ----","--,p=  ----","--,p=  ----"
satsa,fev,rotate,female,aeh,476,"--,p=  ----","--,p=  ----","--,p=  ----"
satsa,fev,rotate,female,aehplus,408,"--,p=  ----","--,p=  ----","--,p=  ----"
satsa,fev,rotate,male,0,347,"--,p=  ----","--,p=  ----","--,p=  ----"
satsa,fev,rotate,male,a,347,"--,p=  ----","--,p=  ----","--,p=  ----"
satsa,fev,rotate,male,ae,341,"--,p=  ----","--,p=  ----","--,p=  ----"
satsa,fev,rotate,male,aeh,337,"--,p=  ----","--,p=  ----","--,p=  ----"
satsa,fev,rotate,male,aehplus,299,"--,p=  ----","--,p=  ----","--,p=  ----"
satsa,fev,symbol,female,0,512,"--,p=  ----","--,p=  ----","--,p=  ----"
satsa,fev,symbol,female,a,508,"--,p=  ----","--,p=  ----","--,p=  ----"
satsa,fev,symbol,female,ae,486,"--,p=  ----","--,p=  ----","--,p=  ----"
satsa,fev,symbol,female,aeh,477,"--,p=  ----","--,p=  ----","--,p=  ----"
satsa,fev,symbol,female,aehplus,408,"  0.10(0.08),p=.23"," -0.16(0.20),p=.43","  0.03(0.04),p=.50"
satsa,fev,symbol,male,0,347,"--,p=  ----","--,p=  ----","--,p=  ----"
satsa,fev,symbol,male,a,347,"--,p=  ----","--,p=  ----","--,p=  ----"
satsa,fev,symbol,male,ae,341,"--,p=  ----","--,p=  ----","--,p=  ----"
satsa,fev,symbol,male,aeh,338,"--,p=  ----","--,p=  ----","--,p=  ----"
satsa,fev,symbol,male,aehplus,299,"  0.21(0.08),p=.01","  0.19(0.33),p=.57","  0.00(0.05),p=.99"
satsa,fev,synonyms,female,0,512,"--,p=  ----","--,p=  ----","--,p=  ----"
satsa,fev,synonyms,female,a,509,"--,p=  ----","--,p=  ----","--,p=  ----"
satsa,fev,synonyms,female,ae,487,"--,p=  ----","--,p=  ----","--,p=  ----"
satsa,fev,synonyms,female,aeh,478,"--,p=  ----","--,p=  ----","--,p=  ----"
satsa,fev,synonyms,female,aehplus,410,"--,p=  ----","--,p=  ----","--,p=  ----"
satsa,fev,synonyms,male,0,347,"--,p=  ----","--,p=  ----","--,p=  ----"
satsa,fev,synonyms,male,a,347,"--,p=  ----","--,p=  ----","--,p=  ----"
satsa,fev,synonyms,male,ae,341,"--,p=  ----","--,p=  ----","--,p=  ----"
satsa,fev,synonyms,male,aeh,338,"--,p=  ----","--,p=  ----","--,p=  ----"
satsa,fev,synonyms,male,aehplus,300,"--,p=  ----","--,p=  ----","--,p=  ----"
satsa,grip,analogies,female,a,508,"--,p=  ----","--,p=  ----","--,p=  ----"
satsa,grip,analogies,female,ae,486,"--,p=  ----","--,p=  ----","--,p=  ----"
satsa,grip,analogies,female,aeh,477,"--,p=  ----","--,p=  ----","--,p=  ----"
satsa,grip,analogies,female,aehplus,410,"--,p=  ----","--,p=  ----","--,p=  ----"
satsa,grip,analogies,male,a,347,"--,p=  ----","--,p=  ----","--,p=  ----"
satsa,grip,analogies,male,ae,341,"--,p=  ----","--,p=  ----","--,p=  ----"
satsa,grip,analogies,male,aeh,338,"--,p=  ----","--,p=  ----","--,p=  ----"
satsa,grip,analogies,male,aehplus,300,"--,p=  ----","--,p=  ----","--,p=  ----"
satsa,grip,block,female,aehplus,409,"  0.20(0.09),p=.03","  0.05(0.38),p=.89","  0.11(0.04),p<.01"
satsa,grip,block,male,aehplus,298,"  0.36(0.09),p<.01","  0.65(0.39),p=.10","  0.11(0.04),p=.01"
satsa,grip,digit_b,female,aehplus,409,"  0.12(0.13),p=.35","  0.34(0.33),p=.31","  0.04(0.03),p=.27"
satsa,grip,digit_b,male,aehplus,299,"  0.29(0.13),p=.02","  0.39(1.05),p=.71"," -0.03(0.05),p=.59"
satsa,grip,digit_f,female,aehplus,409," -0.03(0.11),p=.77","  0.58(0.84),p=.49","  0.03(0.03),p=.32"
satsa,grip,digit_f,male,aehplus,299,"  0.18(0.13),p=.17","  0.35(0.87),p=.69","  0.03(0.05),p=.47"
satsa,grip,fig_id,female,a,508,"--,p=  ----","--,p=  ----","--,p=  ----"
satsa,grip,fig_id,female,ae,486,"--,p=  ----","--,p=  ----","--,p=  ----"
satsa,grip,fig_id,female,aeh,477,"--,p=  ----","--,p=  ----","--,p=  ----"
satsa,grip,fig_id,male,a,347,"--,p=  ----","--,p=  ----","--,p=  ----"
satsa,grip,fig_id,male,ae,341,"--,p=  ----","--,p=  ----","--,p=  ----"
satsa,grip,fig_id,male,aeh,338,"--,p=  ----","--,p=  ----","--,p=  ----"
satsa,grip,information,female,a,510,"--,p=  ----","--,p=  ----","--,p=  ----"
satsa,grip,information,female,ae,488,"--,p=  ----","--,p=  ----","--,p=  ----"
satsa,grip,information,female,aeh,479,"--,p=  ----","--,p=  ----","--,p=  ----"
satsa,grip,information,female,aehplus,411,"--,p=  ----","--,p=  ----","--,p=  ----"
satsa,grip,information,male,a,347,"--,p=  ----","--,p=  ----","--,p=  ----"
satsa,grip,information,male,ae,341,"--,p=  ----","--,p=  ----","--,p=  ----"
satsa,grip,information,male,aeh,338,"--,p=  ----","--,p=  ----","--,p=  ----"
satsa,grip,information,male,aehplus,300,"--,p=  ----","--,p=  ----","--,p=  ----"
satsa,grip,mmms,female,a,511,"--,p=  ----","--,p=  ----","--,p=  ----"
satsa,grip,mmms,female,ae,489,"--,p=  ----","--,p=  ----","--,p=  ----"
satsa,grip,mmms,female,aeh,480,"--,p=  ----","--,p=  ----","--,p=  ----"
satsa,grip,mmms,female,aehplus,412,"--,p=  ----","--,p=  ----","--,p=  ----"
satsa,grip,mmms,male,a,347,"--,p=  ----","--,p=  ----","--,p=  ----"
satsa,grip,mmms,male,ae,341,"--,p=  ----","--,p=  ----","--,p=  ----"
satsa,grip,mmms,male,aeh,338,"--,p=  ----","--,p=  ----","--,p=  ----"
satsa,grip,mmms,male,aehplus,300,"--,p=  ----","--,p=  ----","--,p=  ----"
satsa,grip,symbol,female,a,508,"--,p=  ----","--,p=  ----","--,p=  ----"
satsa,grip,symbol,female,ae,486,"--,p=  ----","--,p=  ----","--,p=  ----"
satsa,grip,symbol,female,aeh,477,"--,p=  ----","--,p=  ----","--,p=  ----"
satsa,grip,symbol,female,aehplus,409,"  0.23(0.10),p=.02","  0.39(0.28),p=.17","  0.11(0.04),p<.01"
satsa,grip,symbol,male,a,347,"--,p=  ----","--,p=  ----","--,p=  ----"
satsa,grip,symbol,male,ae,341,"--,p=  ----","--,p=  ----","--,p=  ----"
satsa,grip,symbol,male,aeh,338,"--,p=  ----","--,p=  ----","--,p=  ----"
satsa,grip,symbol,male,aehplus,299,"  0.28(0.09),p<.01"," -0.05(0.41),p=.91","  0.12(0.05),p=.01"
satsa,grip,synonyms,female,a,508,"--,p=  ----","--,p=  ----","--,p=  ----"
satsa,grip,synonyms,female,ae,486,"--,p=  ----","--,p=  ----","--,p=  ----"
satsa,grip,synonyms,female,aeh,477,"--,p=  ----","--,p=  ----","--,p=  ----"
satsa,grip,synonyms,female,aehplus,410,"--,p=  ----","--,p=  ----","--,p=  ----"
satsa,grip,synonyms,male,a,347,"--,p=  ----","--,p=  ----","--,p=  ----"
satsa,grip,synonyms,male,ae,341,"--,p=  ----","--,p=  ----","--,p=  ----"
satsa,grip,synonyms,male,aeh,338,"--,p=  ----","--,p=  ----","--,p=  ----"
satsa,grip,synonyms,male,aehplus,300,"--,p=  ----","--,p=  ----","--,p=  ----"
