"model_number","version","active","valid","best_in_gender","study_name","date","time","converged","subgroup","model_type","physical_construct","var_int_physical","se_int_physical","var_slope_physical","se_slope_physical","var_residual_physical","se_residual_physical","cognitive_construct","var_int_cog","se_int_cog","var_slope_cog","se_slope_cog","var_residual_cog","se_residual_cog","cov_int","cov_slope","cov_residual","p_cov_int","p_cov_slope","p_cov_res","subject_count","wave_count","datapoint_count","parameter_count","deviance","software","output_file","model_description","results_descriptions","notes","data_file","physical_measure","cognitive_measure","LL","aic","bic","adj_bic","aaic","se_cov_int","se_cov_slope","se_cov_residual"
"b1","0.1",NA,NA,NA,"octo","02/24/2015","11:59 PM",TRUE,"female","aeh","grip",3.267,0.463,0.018,0.009,1.269,0.126,"block",30.803,3.288,0.189,0.078,10.853,0.833,3.199,0.05,0.153,0,0.001,0.447,275,5,NA,29,NA,"Mplus VERSION 5.21","b1_female_aeh_grip_block.out","??",NA,NA," C:\Users\novalis\Desktop\IALSA\octomult_12aug2010.dat",NA,NA,-4186.72,8431.441,8536.327,8444.374,8438.54304081633,0.842,0.016,0.201
"b1","0.1",NA,NA,NA,"octo","02/24/2015","11:54 PM",TRUE,"female","aeh","grip",3.236,0.459,0.017,0.009,1.271,0.127,"digitbackward",0.546,0.159,0.004,0.005,1.163,0.108,0.015,-0.004,0.06,0.917,0.352,0.32,276,5,NA,29,NA,"Mplus VERSION 5.21","b1_female_aeh_grip_digitbackward.out","??",NA,NA," C:\Users\novalis\Desktop\IALSA\octomult_12aug2010.dat",NA,NA,-3271.216,6600.432,6705.424,6613.47,6607.50517073171,0.144,0.004,0.06
"b1","0.1",NA,NA,NA,"octo","02/24/2015","11:53 PM",TRUE,"female","aeh","grip",3.238,0.46,0.017,0.009,1.276,0.128,"digitforward",0.544,0.073,0.006,0.003,0.613,0.047,-0.069,0.001,0.04,0.554,0.661,0.349,276,5,NA,29,NA,"Mplus VERSION 5.21","b1_female_aeh_grip_digitforward.out","??",NA,NA," C:\Users\novalis\Desktop\IALSA\octomult_12aug2010.dat",NA,NA,-3028.016,6114.032,6219.024,6127.069,6121.10517073171,0.117,0.003,0.043
"b1","0.1",NA,NA,NA,"octo","02/25/2015","12:06 AM",TRUE,"female","aeh","grip",3.235,0.46,0.017,0.009,1.276,0.127,"digitsymbol",67.009,7.929,0.601,0.158,28.045,2.382,2.378,0.01,0.713,0.065,0.688,0.03,272,5,NA,29,NA,"Mplus VERSION 5.21","b1_female_aeh_grip_digitsymbol.out","??",NA,NA," C:\Users\novalis\Desktop\IALSA\octomult_12aug2010.dat",NA,NA,-4220.479,8498.958,8603.526,8511.575,8506.14808264463,1.289,0.025,0.329
"b1","0.1",NA,NA,NA,"octo","02/25/2015","12:05 AM",TRUE,"female","aeh","grip",3.237,0.46,0.018,0.009,1.268,0.126,"figurelogic",7.947,1.211,0.103,0.049,7.948,0.59,1.594,0.024,0.225,0.001,0.088,0.195,274,5,NA,29,NA,"Mplus VERSION 5.21","b1_female_aeh_grip_figurelogic.out","??",NA,NA," C:\Users\novalis\Desktop\IALSA\octomult_12aug2010.dat",NA,NA,-3703.624,7465.248,7570.028,7478.076,7472.37914754098,0.48,0.014,0.174
"b1","0.1",NA,NA,NA,"octo","02/25/2015","12:08 AM",TRUE,"female","aeh","grip",3.262,0.462,0.021,0.009,1.259,0.125,"mirrecall",2.406,0.484,0.091,0.021,1.851,0.168,0.441,0.026,0.069,0.054,0.001,0.332,273,5,NA,29,NA,"Mplus VERSION 5.21","b1_female_aeh_grip_mirrecall.out","??",NA,NA," C:\Users\novalis\Desktop\IALSA\octomult_12aug2010.dat",NA,NA,-3500.847,7059.694,7164.368,7072.417,7066.85449382716,0.229,0.008,0.072
"b1","0.1",NA,NA,NA,"octo","02/24/2015","11:57 PM",TRUE,"female","aeh","grip",3.244,0.461,0.017,0.009,1.273,0.127,"proserecall",7.975,1.017,0.08,0.032,4.346,0.379,0.652,0.013,0.131,0.104,0.339,0.413,273,5,NA,29,NA,"Mplus VERSION 5.21","b1_female_aeh_grip_proserecall.out","??",NA,NA," C:\Users\novalis\Desktop\IALSA\octomult_12aug2010.dat",NA,NA,-3682.623,7423.245,7527.92,7435.968,7430.40549382716,0.401,0.013,0.161
"b1","0.1",NA,NA,NA,"octo","03/03/2015"," 9:00 PM",TRUE,"female","aeh","muscle",3.293,0.46,0.025,0.011,1.248,0.123,"global",2.13,0.575,0.339,0.088,4.477,0.677,0.154,0.069,0.381,0.596,0.005,0.049,276,5,NA,29,NA,"Mplus VERSION 5.21","b1_female_aeh_muscle_global_grip_mmse.out","??",NA,NA," C:\Users\novalis\Desktop\IALSA\octomult_12aug2010.dat","grip","mmse",-4108.074,8274.147,8379.139,8287.185,8281.22017073171,0.291,0.025,0.194
"b1","0.1",NA,NA,NA,"octo","03/03/2015"," 8:50 PM",TRUE,"female","aeh","muscle",3.247,0.46,0.018,0.009,1.268,0.125,"knowledge",77.132,8.655,0.347,0.097,16.493,1.419,2.836,0.055,-0.078,0.013,0.015,0.716,275,5,NA,29,NA,"Mplus VERSION 5.21","b1_female_aeh_muscle_knowledge_grip_information.out","??",NA,NA," C:\Users\novalis\Desktop\IALSA\octomult_12aug2010.dat","grip","information",-4647.889,9353.777,9458.664,9366.71,9360.87904081633,1.145,0.023,0.216
"b1","0.1",NA,NA,NA,"octo","03/03/2015"," 8:51 PM",TRUE,"female","aeh","muscle",3.245,0.458,0.017,0.009,1.272,0.126,"knowledge",17.437,2.191,0.192,0.066,6.778,0.577,0.866,0.04,-0.041,0.207,0.04,0.813,273,5,NA,29,NA,"Mplus VERSION 5.21","b1_female_aeh_muscle_knowledge_grip_synonyms.out","??",NA,NA," C:\Users\novalis\Desktop\IALSA\octomult_12aug2010.dat","grip","synonyms",-3685.704,7429.407,7534.082,7442.13,7436.56749382716,0.686,0.019,0.172
"b1","0.1",NA,NA,NA,"octo","03/03/2015"," 8:45 PM",TRUE,"female","aeh","muscle",3.236,0.459,0.017,0.009,1.271,0.127,"memory",0.546,0.159,0.004,0.005,1.163,0.108,0.015,-0.004,0.06,0.917,0.352,0.32,276,5,NA,29,NA,"Mplus VERSION 5.21","b1_female_aeh_muscle_memory_grip_digitspanbackward.out","??",NA,NA," C:\Users\novalis\Desktop\IALSA\octomult_12aug2010.dat","grip","digitspanbackward",-3271.216,6600.432,6705.424,6613.47,6607.50517073171,0.144,0.004,0.06
"b1","0.1",NA,NA,NA,"octo","03/03/2015"," 8:43 PM",TRUE,"female","aeh","muscle",3.238,0.46,0.017,0.009,1.276,0.128,"memory",0.544,0.073,0.006,0.003,0.613,0.047,-0.069,0.001,0.04,0.554,0.661,0.349,276,5,NA,29,NA,"Mplus VERSION 5.21","b1_female_aeh_muscle_memory_grip_digitspanforward.out","??",NA,NA," C:\Users\novalis\Desktop\IALSA\octomult_12aug2010.dat","grip","digitspanforward",-3028.016,6114.032,6219.024,6127.069,6121.10517073171,0.117,0.003,0.043
"b1","0.1",NA,NA,NA,"octo","03/03/2015"," 8:58 PM",TRUE,"female","aeh","muscle",3.262,0.462,0.021,0.009,1.259,0.125,"memory",2.406,0.484,0.091,0.021,1.851,0.168,0.441,0.026,0.069,0.054,0.001,0.332,273,5,NA,29,NA,"Mplus VERSION 5.21","b1_female_aeh_muscle_memory_grip_mirrecall.out","??",NA,NA," C:\Users\novalis\Desktop\IALSA\octomult_12aug2010.dat","grip","mirrecall",-3500.847,7059.694,7164.368,7072.417,7066.85449382716,0.229,0.008,0.072
"b1","0.1",NA,NA,NA,"octo","03/03/2015"," 8:47 PM",TRUE,"female","aeh","muscle",3.244,0.461,0.017,0.009,1.273,0.127,"memory",7.975,1.017,0.08,0.032,4.346,0.379,0.652,0.013,0.131,0.104,0.339,0.413,273,5,NA,29,NA,"Mplus VERSION 5.21","b1_female_aeh_muscle_memory_grip_proserecall.out","??",NA,NA," C:\Users\novalis\Desktop\IALSA\octomult_12aug2010.dat","grip","proserecall",-3682.623,7423.245,7527.92,7435.968,7430.40549382716,0.401,0.013,0.161
"b1","0.1",NA,NA,NA,"octo","03/03/2015"," 8:48 PM",TRUE,"female","aeh","muscle",3.267,0.463,0.018,0.009,1.269,0.126,"reasoning",30.803,3.288,0.189,0.078,10.853,0.833,3.199,0.05,0.153,0,0.001,0.447,275,5,NA,29,NA,"Mplus VERSION 5.21","b1_female_aeh_muscle_reasoning_grip_blockdesign.out","??",NA,NA," C:\Users\novalis\Desktop\IALSA\octomult_12aug2010.dat","grip","blockdesign",-4186.72,8431.441,8536.327,8444.374,8438.54304081633,0.842,0.016,0.201
"b1","0.1",NA,NA,NA,"octo","03/03/2015"," 8:55 PM",TRUE,"female","aeh","muscle",3.237,0.46,0.018,0.009,1.268,0.126,"reasoning",7.947,1.211,0.103,0.049,7.948,0.59,1.594,0.024,0.225,0.001,0.088,0.195,274,5,NA,29,NA,"Mplus VERSION 5.21","b1_female_aeh_muscle_reasoning_grip_figurelogic.out","??",NA,NA," C:\Users\novalis\Desktop\IALSA\octomult_12aug2010.dat","grip","figurelogic",-3703.624,7465.248,7570.028,7478.076,7472.37914754098,0.48,0.014,0.174
"b1","0.1",NA,NA,NA,"octo","03/03/2015"," 8:57 PM",TRUE,"female","aeh","muscle",3.235,0.46,0.017,0.009,1.276,0.127,"speed",67.009,7.929,0.601,0.158,28.045,2.382,2.378,0.01,0.713,0.065,0.688,0.03,272,5,NA,29,NA,"Mplus VERSION 5.21","b1_female_aeh_muscle_speed_grip_digitsymbol.out","??",NA,NA," C:\Users\novalis\Desktop\IALSA\octomult_12aug2010.dat","grip","digitsymbol",-4220.479,8498.958,8603.526,8511.575,8506.14808264463,1.289,0.025,0.329
"b1","0.1",NA,NA,NA,"octo","03/03/2015"," 9:33 PM",TRUE,"female","aeh","muscle",3.181,0.46,0.02,0.013,1.221,0.123,"speed",7.968,2.697,0.058,0.254,6.311,1.115,0.891,0.017,0.189,0.159,0.502,0.384,271,4,NA,29,NA,"Mplus VERSION 5.21","b1_female_aeh_muscle_speed_grip_psif.out","??",NA,NA," C:\Users\novalis\Desktop\IALSA\octomult_12aug2010.dat","grip","psif",-2715.383,5488.766,5593.227,5501.277,5495.98591701245,0.633,0.026,0.217
"b1","0.1",NA,NA,NA,"octo","02/24/2015"," 7:55 PM",TRUE,"female","aeh","pulmonary",4414.596,523.244,29.502,15.725,2139.35,188.772,"block",30.611,3.297,0.161,0.073,10.946,0.842,91.86,0.268,23.172,0.009,0.677,0.017,272,5,NA,29,NA,"Mplus VERSION 5.21","b1_female_aeh_pulmonary_block.out","??",NA,NA," C:\Users\novalis\Desktop\IALSA\octomult_12aug2010.dat",NA,NA,-6378.03,12814.061,12918.629,12826.678,12821.2510826446,35.323,0.644,9.717
"b1","0.1",NA,NA,NA,"octo","02/24/2015"," 7:46 PM",TRUE,"female","aeh","pulmonary",4445.645,530,32.528,16.558,2119.795,185.449,"digitbackward",0.526,0.15,0.002,0.002,1.176,0.1,10.36,0.047,0.507,0.101,0.769,0.85,276,5,NA,29,NA,"Mplus VERSION 5.21","b1_female_aeh_pulmonary_digitbackward.out","??",NA,NA," C:\Users\novalis\Desktop\IALSA\octomult_12aug2010.dat",NA,NA,-5454.734,10967.467,11072.459,10980.505,10974.5401707317,6.311,0.161,2.675
"b1","0.1",NA,NA,NA,"octo","02/24/2015"," 7:42 PM",TRUE,"female","aeh","pulmonary",4452.357,532.249,33.194,16.504,2121.244,185.445,"digitforward",0.547,0.072,0.006,0.003,0.611,0.045,1.312,-0.13,0.311,0.793,0.292,0.871,276,5,NA,29,NA,"Mplus VERSION 5.21","b1_female_aeh_pulmonary_digitforward.out","??",NA,NA," C:\Users\novalis\Desktop\IALSA\octomult_12aug2010.dat",NA,NA,-5210.951,10479.902,10584.893,10492.939,10486.9751707317,5.009,0.123,1.916
"b1","0.1",NA,NA,NA,"octo","02/24/2015"," 8:34 PM",TRUE,"female","aeh","pulmonary",4462.182,518.627,31.446,14.5,2120.797,184.283,"digitsymbol",67.922,7.939,0.62,0.154,27.892,2.332,203.083,3.021,9.975,0,0.006,0.494,264,5,NA,29,NA,"Mplus VERSION 5.21","b1_female_aeh_pulmonary_digitsymbol.out","??",NA,NA," C:\Users\novalis\Desktop\IALSA\octomult_12aug2010.dat",NA,NA,-6396.871,12851.743,12955.445,12863.501,12859.1788974359,47.838,1.097,14.574
"b1","0.1",NA,NA,NA,"octo","02/24/2015"," 8:17 PM",TRUE,"female","aeh","pulmonary",4451.449,528.758,32.446,16.515,2119.436,185.055,"figurelogic",7.757,1.209,0.087,0.046,8.021,0.605,40.407,0.105,3.087,0.083,0.884,0.704,268,5,NA,29,NA,"Mplus VERSION 5.21","b1_female_aeh_pulmonary_figurelogic.out","??",NA,NA," C:\Users\novalis\Desktop\IALSA\octomult_12aug2010.dat",NA,NA,-5892.137,11842.275,11946.414,11854.466,11849.5859243697,23.288,0.724,8.138
"b1","0.1",NA,NA,NA,"octo","03/03/2015","11:32 AM",TRUE,"female","aeh","pulmonary",4434.697,526.014,27.918,15.109,2170.807,199.569,"global",2.165,0.569,0.332,0.082,4.488,0.677,11.019,0.78,20.074,0.389,0.38,0.013,276,5,NA,29,NA,"Mplus VERSION 5.21","b1_female_aeh_pulmonary_global_pek_mmse.out","??",NA,NA," C:\Users\novalis\Desktop\IALSA\octomult_12aug2010.dat","pek","mmse",-6309.096,12676.192,12781.184,12689.229,12683.2651707317,12.785,0.888,8.116
"b1","0.1",NA,NA,NA,"octo","03/03/2015","11:22 AM",TRUE,"female","aeh","pulmonary",4462.042,534.143,31.964,16.582,2125.723,187.276,"knowledge",77.069,8.585,0.338,0.098,16.531,1.414,55.605,0.881,10.324,0.284,0.37,0.354,275,5,NA,29,NA,"Mplus VERSION 5.21","b1_female_aeh_pulmonary_knowledge_pek_information.out","??",NA,NA," C:\Users\novalis\Desktop\IALSA\octomult_12aug2010.dat","pek","information",-6840.178,13738.357,13843.243,13751.29,13745.4590408163,51.952,0.982,11.132
"b1","0.1",NA,NA,NA,"octo","03/03/2015","11:24 AM",TRUE,"female","aeh","pulmonary",4423.971,528.618,31.85,16.84,2126.688,187.259,"knowledge",17.435,2.198,0.185,0.064,6.789,0.579,40.435,0.58,-6.942,0.145,0.383,0.312,265,5,NA,29,NA,"Mplus VERSION 5.21","b1_female_aeh_pulmonary_knowledge_pek_synonyms.out","??",NA,NA," C:\Users\novalis\Desktop\IALSA\octomult_12aug2010.dat","pek","synonyms",-5871.715,11801.43,11905.242,11813.297,11808.8342553191,27.75,0.664,6.866
"b1","0.1",NA,NA,NA,"octo","03/03/2015","11:05 AM",TRUE,"female","aeh","pulmonary",4445.645,530,32.528,16.558,2119.795,185.449,"memory",0.526,0.15,0.002,0.002,1.176,0.1,10.36,0.047,0.507,0.101,0.769,0.85,276,5,NA,29,NA,"Mplus VERSION 5.21","b1_female_aeh_pulmonary_memory_pek_digitspanbackward.out","??",NA,NA," C:\Users\novalis\Desktop\IALSA\octomult_12aug2010.dat","pek","digitspanbackward",-5454.734,10967.467,11072.459,10980.505,10974.5401707317,6.311,0.161,2.675
"b1","0.1",NA,NA,NA,"octo","03/03/2015","11:01 AM",TRUE,"female","aeh","pulmonary",4452.357,532.249,33.194,16.504,2121.244,185.445,"memory",0.547,0.072,0.006,0.003,0.611,0.045,1.312,-0.13,0.311,0.793,0.292,0.871,276,5,NA,29,NA,"Mplus VERSION 5.21","b1_female_aeh_pulmonary_memory_pek_digitspanforward.out","??",NA,NA," C:\Users\novalis\Desktop\IALSA\octomult_12aug2010.dat","pek","digitspanforward",-5210.951,10479.902,10584.893,10492.939,10486.9751707317,5.009,0.123,1.916
"b1","0.1",NA,NA,NA,"octo","03/03/2015","11:30 AM",TRUE,"female","aeh","pulmonary",4455.709,528.106,30.443,16.473,2127.148,186.878,"memory",2.444,0.483,0.091,0.021,1.846,0.166,13.273,0.437,3.466,0.212,0.317,0.376,271,5,NA,29,NA,"Mplus VERSION 5.21","b1_female_aeh_pulmonary_memory_pek_mirrecall.out","??",NA,NA," C:\Users\novalis\Desktop\IALSA\octomult_12aug2010.dat","pek","mirrecall",-5690.708,11439.416,11543.878,11451.928,11446.6359170124,10.635,0.436,3.918
"b1","0.1",NA,NA,NA,"octo","03/03/2015","11:07 AM",TRUE,"female","aeh","pulmonary",4471.46,532.499,32.863,16.669,2111.631,186.409,"memory",7.995,1.023,0.086,0.033,4.326,0.378,23.598,0.1,7.108,0.188,0.861,0.253,268,5,NA,29,NA,"Mplus VERSION 5.21","b1_female_aeh_pulmonary_memory_pek_proserecall.out","??",NA,NA," C:\Users\novalis\Desktop\IALSA\octomult_12aug2010.dat","pek","proserecall",-5868.032,11794.065,11898.203,11806.255,11801.3759243697,17.913,0.572,6.221
"b1","0.1",NA,NA,NA,"octo","02/24/2015"," 8:36 PM",TRUE,"female","aeh","pulmonary",4455.709,528.106,30.443,16.473,2127.148,186.878,"mirrecall",2.444,0.483,0.091,0.021,1.846,0.166,13.273,0.437,3.466,0.212,0.317,0.376,271,5,NA,29,NA,"Mplus VERSION 5.21","b1_female_aeh_pulmonary_mirrecall.out","??",NA,NA," C:\Users\novalis\Desktop\IALSA\octomult_12aug2010.dat",NA,NA,-5690.708,11439.416,11543.878,11451.928,11446.6359170124,10.635,0.436,3.918
"b1","0.1",NA,NA,NA,"octo","02/24/2015"," 7:50 PM",TRUE,"female","aeh","pulmonary",4471.46,532.499,32.863,16.669,2111.631,186.409,"proserecall",7.995,1.023,0.086,0.033,4.326,0.378,23.598,0.1,7.108,0.188,0.861,0.253,268,5,NA,29,NA,"Mplus VERSION 5.21","b1_female_aeh_pulmonary_proserecall.out","??",NA,NA," C:\Users\novalis\Desktop\IALSA\octomult_12aug2010.dat",NA,NA,-5868.032,11794.065,11898.203,11806.255,11801.3759243697,17.913,0.572,6.221
"b1","0.1",NA,NA,NA,"octo","03/03/2015","11:20 AM",TRUE,"female","aeh","pulmonary",4414.596,523.244,29.502,15.725,2139.35,188.772,"reasoning",30.611,3.297,0.161,0.073,10.946,0.842,91.86,0.268,23.172,0.009,0.677,0.017,272,5,NA,29,NA,"Mplus VERSION 5.21","b1_female_aeh_pulmonary_reasoning_pek_blockdesign.out","??",NA,NA," C:\Users\novalis\Desktop\IALSA\octomult_12aug2010.dat","pek","blockdesign",-6378.03,12814.061,12918.629,12826.678,12821.2510826446,35.323,0.644,9.717
"b1","0.1",NA,NA,NA,"octo","03/03/2015","11:26 AM",TRUE,"female","aeh","pulmonary",4451.449,528.758,32.446,16.515,2119.436,185.055,"reasoning",7.757,1.209,0.087,0.046,8.021,0.605,40.407,0.105,3.087,0.083,0.884,0.704,268,5,NA,29,NA,"Mplus VERSION 5.21","b1_female_aeh_pulmonary_reasoning_pek_figurelogic.out","??",NA,NA," C:\Users\novalis\Desktop\IALSA\octomult_12aug2010.dat","pek","figurelogic",-5892.137,11842.275,11946.414,11854.466,11849.5859243697,23.288,0.724,8.138
"b1","0.1",NA,NA,NA,"octo","03/03/2015","11:28 AM",TRUE,"female","aeh","pulmonary",4462.182,518.627,31.446,14.5,2120.797,184.283,"speed",67.922,7.939,0.62,0.154,27.892,2.332,203.083,3.021,9.975,0,0.006,0.494,264,5,NA,29,NA,"Mplus VERSION 5.21","b1_female_aeh_pulmonary_speed_pek_digitsymbol.out","??",NA,NA," C:\Users\novalis\Desktop\IALSA\octomult_12aug2010.dat","pek","digitsymbol",-6396.871,12851.743,12955.445,12863.501,12859.1788974359,47.838,1.097,14.574
"b1","0.1",NA,NA,NA,"octo","03/03/2015","11:34 AM",TRUE,"female","aeh","pulmonary",4360.761,535.679,47.859,22.854,2153.119,205.658,"speed",7.845,1.584,0.053,0.05,6.333,0.927,18.097,0.38,3.106,0.403,0.524,0.775,254,4,NA,29,NA,"Mplus VERSION 5.21","b1_female_aeh_pulmonary_speed_pek_psif.out","??",NA,NA," C:\Users\novalis\Desktop\IALSA\octomult_12aug2010.dat","pek","psif",-4698.914,9455.828,9558.411,9466.475,9463.59585714286,21.648,0.596,10.859
"b1","0.1",NA,NA,NA,"octo","02/25/2015","12:45 AM",TRUE,"female","aehplus","grip",3.165,0.456,0.017,0.009,1.269,0.126,"block",29.997,3.168,0.189,0.078,10.845,0.833,3.008,0.05,0.154,0,0.001,0.445,274,5,NA,37,NA,"Mplus VERSION 5.21","b1_female_aehplus_grip_block.out","??",NA,NA," C:\Users\novalis\Desktop\IALSA\octomult_12aug2010.dat",NA,NA,-4175.291,8424.581,8558.267,8440.948,8436.49625423729,0.799,0.016,0.201
"b1","0.1",NA,NA,NA,"octo","02/25/2015","12:40 AM",TRUE,"female","aehplus","grip",3.132,0.452,0.017,0.009,1.271,0.127,"digitbackward",0.544,0.162,0.004,0.005,1.162,0.108,-0.014,-0.004,0.061,0.917,0.341,0.309,275,5,NA,37,NA,"Mplus VERSION 5.21","b1_female_aehplus_grip_digitbackward.out","??",NA,NA," C:\Users\novalis\Desktop\IALSA\octomult_12aug2010.dat",NA,NA,-3263.008,6600.016,6733.837,6616.517,6611.88097890295,0.138,0.004,0.06
"b1","0.1",NA,NA,NA,"octo","02/25/2015","12:38 AM",TRUE,"female","aehplus","grip",3.136,0.453,0.016,0.009,1.276,0.128,"digitforward",0.546,0.073,0.006,0.003,0.613,0.047,-0.074,0.001,0.041,0.528,0.689,0.341,275,5,NA,37,NA,"Mplus VERSION 5.21","b1_female_aehplus_grip_digitforward.out","??",NA,NA," C:\Users\novalis\Desktop\IALSA\octomult_12aug2010.dat",NA,NA,-3020.759,6115.519,6249.339,6132.019,6127.38397890295,0.117,0.003,0.043
"b1","0.1",NA,NA,NA,"octo","02/25/2015","12:51 AM",TRUE,"female","aehplus","grip",3.134,0.454,0.016,0.009,1.276,0.127,"digitsymbol",67.347,7.992,0.544,0.16,27.991,2.38,2.416,0.011,0.714,0.054,0.649,0.029,271,5,NA,37,NA,"Mplus VERSION 5.21","b1_female_aehplus_grip_digitsymbol.out","??",NA,NA," C:\Users\novalis\Desktop\IALSA\octomult_12aug2010.dat",NA,NA,-4209.034,8492.067,8625.346,8508.03,8504.1356695279,1.256,0.025,0.326
"b1","0.1",NA,NA,NA,"octo","02/25/2015","12:50 AM",TRUE,"female","aehplus","grip",3.136,0.453,0.017,0.009,1.268,0.126,"figurelogic",7.248,1.208,0.09,0.048,7.942,0.592,1.553,0.025,0.236,0,0.066,0.171,273,5,NA,37,NA,"Mplus VERSION 5.21","b1_female_aehplus_grip_figurelogic.out","??",NA,NA," C:\Users\novalis\Desktop\IALSA\octomult_12aug2010.dat",NA,NA,-3687.878,7449.755,7583.306,7465.988,7461.72095744681,0.436,0.013,0.172
"b1","0.1",NA,NA,NA,"octo","02/25/2015","12:53 AM",TRUE,"female","aehplus","grip",3.162,0.455,0.02,0.01,1.259,0.125,"mirrecall",2.41,0.48,0.091,0.021,1.848,0.167,0.428,0.027,0.067,0.055,0.001,0.351,272,5,NA,37,NA,"Mplus VERSION 5.21","b1_female_aehplus_grip_mirrecall.out","??",NA,NA," C:\Users\novalis\Desktop\IALSA\octomult_12aug2010.dat",NA,NA,-3492.819,7059.638,7193.052,7075.736,7071.65509401709,0.223,0.008,0.071
"b1","0.1",NA,NA,NA,"octo","02/25/2015","12:43 AM",TRUE,"female","aehplus","grip",3.14,0.454,0.017,0.009,1.273,0.127,"proserecall",7.816,0.971,0.08,0.032,4.341,0.379,0.635,0.013,0.133,0.11,0.341,0.406,272,5,NA,37,NA,"Mplus VERSION 5.21","b1_female_aehplus_grip_proserecall.out","??",NA,NA," C:\Users\novalis\Desktop\IALSA\octomult_12aug2010.dat",NA,NA,-3671.763,7417.527,7550.941,7433.624,7429.54409401709,0.398,0.014,0.16
"b1","0.1",NA,NA,NA,"octo","02/24/2015","10:59 PM",TRUE,"female","aehplus","pulmonary",4099.094,504.976,28.296,14.623,2123.741,186.556,"block",29.817,3.179,0.16,0.072,10.924,0.841,75.447,0.18,22.496,0.023,0.785,0.019,271,5,NA,37,NA,"Mplus VERSION 5.21","b1_female_aehplus_pulmonary_block.out","??",NA,NA," C:\Users\novalis\Desktop\IALSA\octomult_12aug2010.dat",NA,NA,-6355.998,12785.995,12919.274,12801.958,12798.0636695279,33.229,0.66,9.592
"b1","0.1",NA,NA,NA,"octo","02/24/2015","10:52 PM",TRUE,"female","aehplus","pulmonary",4128.968,509.629,30.982,15.447,2102.594,183.37,"digitbackward",0.524,0.151,0.002,0.002,1.175,0.099,8.867,0.06,0.589,0.142,0.694,0.822,275,5,NA,37,NA,"Mplus VERSION 5.21","b1_female_aehplus_pulmonary_digitbackward.out","??",NA,NA," C:\Users\novalis\Desktop\IALSA\octomult_12aug2010.dat",NA,NA,-5435.628,10945.256,11079.077,10961.757,10957.120978903,6.032,0.153,2.613
"b1","0.1",NA,NA,NA,"octo","02/24/2015","10:50 PM",TRUE,"female","aehplus","pulmonary",4134.119,510.813,31.311,15.446,2105.216,183.406,"digitforward",0.55,0.073,0.006,0.003,0.611,0.046,0.076,-0.122,0.377,0.988,0.334,0.844,275,5,NA,37,NA,"Mplus VERSION 5.21","b1_female_aehplus_pulmonary_digitforward.out","??",NA,NA," C:\Users\novalis\Desktop\IALSA\octomult_12aug2010.dat",NA,NA,-5192.851,10459.701,10593.522,10476.202,10471.565978903,5.028,0.126,1.912
"b1","0.1",NA,NA,NA,"octo","02/24/2015","11:06 PM",TRUE,"female","aehplus","pulmonary",4149.87,500.486,29.73,13.484,2106.037,182.534,"digitsymbol",68.225,7.99,0.557,0.152,27.875,2.325,195.121,2.695,9.272,0,0.011,0.519,263,5,NA,37,NA,"Mplus VERSION 5.21","b1_female_aehplus_pulmonary_digitsymbol.out","??",NA,NA," C:\Users\novalis\Desktop\IALSA\octomult_12aug2010.dat",NA,NA,-6374.235,12822.469,12954.639,12837.332,12834.9667777778,47.472,1.062,14.376
"b1","0.1",NA,NA,NA,"octo","02/24/2015","11:04 PM",TRUE,"female","aehplus","pulmonary",4140.072,510.139,30.843,15.433,2103.07,182.843,"figurelogic",7.046,1.19,0.073,0.045,8.027,0.606,28.478,0.194,3.248,0.195,0.777,0.689,267,5,NA,37,NA,"Mplus VERSION 5.21","b1_female_aehplus_pulmonary_figurelogic.out","??",NA,NA," C:\Users\novalis\Desktop\IALSA\octomult_12aug2010.dat",NA,NA,-5866.578,11807.156,11939.884,11822.572,11819.4354759825,21.977,0.684,8.115
"b1","0.1",NA,NA,NA,"octo","02/24/2015","10:46 PM",TRUE,"female","aehplus","pulmonary",4137.966,508.506,28.333,15.018,2113.253,184.455,"mirrecall",2.451,0.481,0.091,0.021,1.846,0.165,11.9,0.395,3.392,0.264,0.359,0.382,270,5,NA,37,NA,"Mplus VERSION 5.21","b1_female_aehplus_pulmonary_mirrecall.out","??",NA,NA," C:\Users\novalis\Desktop\IALSA\octomult_12aug2010.dat",NA,NA,-5672.096,11418.191,11551.333,11434.018,11430.3116896552,10.645,0.431,3.883
"b1","0.1",NA,NA,NA,"octo","02/24/2015","10:53 PM",TRUE,"female","aehplus","pulmonary",4154.781,513.823,30.587,15.409,2099.657,184.671,"proserecall",7.833,0.976,0.086,0.034,4.32,0.378,25.599,-0.014,7.294,0.143,0.981,0.238,267,5,NA,37,NA,"Mplus VERSION 5.21","b1_female_aehplus_pulmonary_proserecall.out","??",NA,NA," C:\Users\novalis\Desktop\IALSA\octomult_12aug2010.dat",NA,NA,-5845.743,11765.485,11898.213,11780.901,11777.7644759825,17.482,0.577,6.178
"b1","0.1",NA,NA,NA,"octo","02/24/2015"," 6:31 PM",TRUE,"female","age","grip",3.792,0.487,0.017,0.009,1.28,0.121,"block",34.396,3.28,0.191,0.074,10.677,0.787,4.295,0.049,0.173,0,0.002,0.359,303,5,NA,21,NA,"Mplus VERSION 5.21","b1_female_age_grip_block.out","??",NA,NA," C:\Users\novalis\Desktop\IALSA\octomult_12aug2010.dat",NA,NA,-4428.904,8899.809,8977.797,8911.196,8903.09725622776,0.922,0.016,0.188
"b1","0.1",NA,NA,NA,"octo","02/24/2015"," 6:14 PM",TRUE,"female","age","grip",3.772,0.484,0.017,0.009,1.278,0.122,"digitbackward",0.611,0.137,0.005,0.005,1.145,0.097,0.047,-0.004,0.073,0.766,0.297,0.224,305,5,NA,21,NA,"Mplus VERSION 5.21","b1_female_age_grip_digitbackward.out","??",NA,NA," C:\Users\novalis\Desktop\IALSA\octomult_12aug2010.dat",NA,NA,-3480.664,7003.328,7081.455,7014.853,7006.59301766784,0.159,0.004,0.06
"b1","0.1",NA,NA,NA,"octo","02/24/2015"," 6:09 PM",TRUE,"female","age","grip",3.771,0.484,0.016,0.009,1.285,0.123,"digitforward",0.722,0.099,0.007,0.003,0.623,0.046,0.075,0.001,0.054,0.584,0.718,0.226,306,5,NA,21,NA,"Mplus VERSION 5.21","b1_female_age_grip_digitforward.out","??",NA,NA," C:\Users\novalis\Desktop\IALSA\octomult_12aug2010.dat",NA,NA,-3252.389,6546.779,6624.974,6558.372,6550.03252112676,0.137,0.003,0.045
"b1","0.1",NA,NA,NA,"octo","02/24/2015"," 6:45 PM",TRUE,"female","age","grip",3.767,0.484,0.016,0.009,1.284,0.122,"digitsymbol",83.77,9.064,0.584,0.163,28.298,2.429,4.858,0.008,0.747,0.001,0.753,0.022,299,5,NA,21,NA,"Mplus VERSION 5.21","b1_female_age_grip_digitsymbol.out","??",NA,NA," C:\Users\novalis\Desktop\IALSA\octomult_12aug2010.dat",NA,NA,-4458.176,8958.352,9036.061,8969.462,8961.6877400722,1.496,0.026,0.325
"b1","0.1",NA,NA,NA,"octo","02/24/2015"," 6:41 PM",TRUE,"female","age","grip",3.768,0.485,0.017,0.009,1.279,0.122,"figurelogic",8.838,1.37,0.093,0.046,7.95,0.617,2.135,0.022,0.271,0,0.106,0.099,302,5,NA,21,NA,"Mplus VERSION 5.21","b1_female_age_grip_figurelogic.out","??",NA,NA," C:\Users\novalis\Desktop\IALSA\octomult_12aug2010.dat",NA,NA,-3906.34,7854.681,7932.6,7865.999,7857.981,0.508,0.013,0.164
"b1","0.1",NA,NA,NA,"octo","02/24/2015"," 6:47 PM",TRUE,"female","age","grip",3.795,0.488,0.02,0.01,1.271,0.121,"mirrecall",3.15,0.53,0.092,0.02,1.89,0.163,0.654,0.027,0.068,0.018,0.001,0.363,303,5,NA,21,NA,"Mplus VERSION 5.21","b1_female_age_grip_mirrecall.out","??",NA,NA," C:\Users\novalis\Desktop\IALSA\octomult_12aug2010.dat",NA,NA,-3734.61,7511.219,7589.208,7522.607,7514.50725622776,0.277,0.008,0.075
"b1","0.1",NA,NA,NA,"octo","02/24/2015"," 6:23 PM",TRUE,"female","age","grip",3.777,0.485,0.017,0.009,1.284,0.122,"proserecall",9.66,1.167,0.098,0.037,4.388,0.379,1.199,0.012,0.169,0.008,0.369,0.283,302,5,NA,21,NA,"Mplus VERSION 5.21","b1_female_age_grip_proserecall.out","??",NA,NA," C:\Users\novalis\Desktop\IALSA\octomult_12aug2010.dat",NA,NA,-3930.965,7903.93,7981.849,7915.249,7907.23,0.449,0.014,0.157
"b1","0.1",NA,NA,NA,"octo","03/03/2015"," 8:18 PM",TRUE,"female","age","muscle",3.964,0.516,0.023,0.011,1.263,0.122,"global",9.56,3.194,0.315,0.081,5.035,0.729,1.883,0.063,0.483,0.011,0.006,0.023,311,5,NA,21,NA,"Mplus VERSION 5.21","b1_female_age_muscle_global_grip_mmse.out","??",NA,NA," C:\Users\novalis\Desktop\IALSA\octomult_12aug2010.dat","grip","mmse",-4553.617,9149.233,9227.769,9161.165,9152.43023183391,0.744,0.023,0.212
"b1","0.1",NA,NA,NA,"octo","03/03/2015"," 8:10 PM",TRUE,"female","age","muscle",3.776,0.494,0.018,0.009,1.278,0.122,"knowledge",102.932,9.534,0.358,0.094,16.114,1.372,5.343,0.054,-0.064,0,0.016,0.768,305,5,NA,21,NA,"Mplus VERSION 5.21","b1_female_age_muscle_knowledge_grip_information.out","??",NA,NA," C:\Users\novalis\Desktop\IALSA\octomult_12aug2010.dat","grip","information",-4965.022,9972.043,10050.17,9983.568,9975.30801766784,1.404,0.023,0.217
"b1","0.1",NA,NA,NA,"octo","03/03/2015"," 8:12 PM",TRUE,"female","age","muscle",3.77,0.491,0.016,0.009,1.283,0.123,"knowledge",25.023,2.546,0.182,0.064,6.848,0.562,2.262,0.038,-0.094,0.007,0.046,0.597,301,5,NA,21,NA,"Mplus VERSION 5.21","b1_female_age_muscle_knowledge_grip_synonyms.out","??",NA,NA," C:\Users\novalis\Desktop\IALSA\octomult_12aug2010.dat","grip","synonyms",-3917.546,7877.091,7954.941,7888.341,7880.40282795699,0.837,0.019,0.178
"b1","0.1",NA,NA,NA,"octo","03/03/2015"," 8:04 PM",TRUE,"female","age","muscle",3.77,0.493,0.017,0.009,1.279,0.123,"memory",0.606,0.157,0.004,0.005,1.148,0.105,0.045,-0.005,0.075,0.784,0.265,0.215,305,5,NA,21,NA,"Mplus VERSION 5.21","b1_female_age_muscle_memory_grip_digitspanbackward.out","??",NA,NA," C:\Users\novalis\Desktop\IALSA\octomult_12aug2010.dat","grip","digitspanbackward",-3480.588,7003.176,7081.302,7014.701,7006.44101766784,0.164,0.004,0.06
"b1","0.1",NA,NA,NA,"octo","03/03/2015"," 8:02 PM",TRUE,"female","age","muscle",3.771,0.493,0.016,0.009,1.285,0.124,"memory",0.721,0.097,0.007,0.003,0.623,0.046,0.075,0.001,0.054,0.594,0.709,0.215,306,5,NA,21,NA,"Mplus VERSION 5.21","b1_female_age_muscle_memory_grip_digitspanforward.out","??",NA,NA," C:\Users\novalis\Desktop\IALSA\octomult_12aug2010.dat","grip","digitspanforward",-3252.389,6546.779,6624.974,6558.372,6550.03252112676,0.141,0.003,0.044
"b1","0.1",NA,NA,NA,"octo","03/03/2015"," 8:17 PM",TRUE,"female","age","muscle",3.795,0.497,0.02,0.009,1.271,0.121,"memory",3.15,0.54,0.092,0.021,1.891,0.169,0.654,0.027,0.068,0.015,0.001,0.362,303,5,NA,21,NA,"Mplus VERSION 5.21","b1_female_age_muscle_memory_grip_mirrecall.out","??",NA,NA," C:\Users\novalis\Desktop\IALSA\octomult_12aug2010.dat","grip","mirrecall",-3734.61,7511.219,7589.208,7522.607,7514.50725622776,0.269,0.008,0.075
"b1","0.1",NA,NA,NA,"octo","03/03/2015"," 8:06 PM",TRUE,"female","age","muscle",3.777,0.495,0.017,0.009,1.284,0.123,"memory",9.66,1.171,0.098,0.036,4.389,0.389,1.199,0.012,0.169,0.011,0.373,0.292,302,5,NA,21,NA,"Mplus VERSION 5.21","b1_female_age_muscle_memory_grip_proserecall.out","??",NA,NA," C:\Users\novalis\Desktop\IALSA\octomult_12aug2010.dat","grip","proserecall",-3930.965,7903.93,7981.849,7915.249,7907.23,0.472,0.014,0.16
"b1","0.1",NA,NA,NA,"octo","03/03/2015"," 8:08 PM",TRUE,"female","age","muscle",3.792,0.495,0.017,0.009,1.28,0.122,"reasoning",34.396,3.421,0.191,0.072,10.677,0.807,4.295,0.049,0.173,0,0.001,0.383,303,5,NA,21,NA,"Mplus VERSION 5.21","b1_female_age_muscle_reasoning_grip_blockdesign.out","??",NA,NA," C:\Users\novalis\Desktop\IALSA\octomult_12aug2010.dat","grip","blockdesign",-4428.904,8899.809,8977.797,8911.196,8903.09725622776,0.92,0.015,0.198
"b1","0.1",NA,NA,NA,"octo","03/03/2015"," 8:13 PM",TRUE,"female","age","muscle",3.768,0.494,0.017,0.009,1.279,0.123,"reasoning",8.838,1.339,0.093,0.045,7.95,0.597,2.135,0.022,0.271,0,0.114,0.137,302,5,NA,21,NA,"Mplus VERSION 5.21","b1_female_age_muscle_reasoning_grip_figurelogic.out","??",NA,NA," C:\Users\novalis\Desktop\IALSA\octomult_12aug2010.dat","grip","figurelogic",-3906.34,7854.681,7932.6,7865.999,7857.981,0.496,0.014,0.182
"b1","0.1",NA,NA,NA,"octo","03/03/2015"," 8:15 PM",TRUE,"female","age","muscle",3.767,0.493,0.016,0.009,1.284,0.123,"speed",83.77,9.826,0.584,0.162,28.298,2.388,4.858,0.008,0.747,0.004,0.746,0.025,299,5,NA,21,NA,"Mplus VERSION 5.21","b1_female_age_muscle_speed_grip_digitsymbol.out","??",NA,NA," C:\Users\novalis\Desktop\IALSA\octomult_12aug2010.dat","grip","digitsymbol",-4458.176,8958.352,9036.061,8969.462,8961.6877400722,1.676,0.025,0.334
"b1","0.1",NA,NA,NA,"octo","03/03/2015"," 8:21 PM",TRUE,"female","age","muscle",3.695,0.492,0.018,0.013,1.241,0.12,"speed",9.159,2.639,0.058,0.246,6.33,1.075,1.643,0.018,0.164,0.02,0.509,0.468,298,4,NA,21,NA,"Mplus VERSION 5.21","b1_female_age_muscle_speed_grip_psif.out","??",NA,NA," C:\Users\novalis\Desktop\IALSA\octomult_12aug2010.dat","grip","psif",-2881.62,5805.24,5882.879,5816.281,5808.58782608696,0.704,0.027,0.225
"b1","0.1",NA,NA,NA,"octo","02/23/2015","10:51 AM",TRUE,"female","age","pulmonary",4810.249,557.666,32.164,15.866,2116.718,185.761,"block",34.182,3.292,0.173,0.071,10.74,0.797,116.449,0.262,22.298,0.002,0.7,0.018,293,5,NA,21,NA,"Mplus VERSION 7.3","b1_female_age_pulmonary_block.out","??",NA,NA," unshared\octomult_12aug2010.dat",NA,NA,-6577.854,13197.707,13274.991,13208.395,13201.1165940959,37.126,0.679,9.42
"b1","0.1",NA,NA,NA,"octo","02/24/2015"," 5:33 PM",TRUE,"female","age","pulmonary",4826.43,560.115,34.603,16.268,2106.439,185.043,"digitbackward",0.586,0.129,0.003,0.003,1.163,0.094,10.774,0.018,0.327,0.097,0.921,0.899,299,5,NA,21,NA,"Mplus VERSION 5.21","b1_female_age_pulmonary_digitbackward.out","??",NA,NA," C:\Users\novalis\Desktop\IALSA\octomult_12aug2010.dat",NA,NA,-5619.183,11280.365,11358.075,11291.476,11283.7007400722,6.496,0.18,2.563
"b1","0.1",NA,NA,NA,"octo","02/24/2015"," 7:35 PM",TRUE,"female","age","pulmonary",4452.357,532.249,33.194,16.504,2121.244,185.445,"digitforward",0.547,0.072,0.006,0.003,0.611,0.045,1.312,-0.13,0.311,0.793,0.292,0.871,276,5,NA,29,NA,"Mplus VERSION 5.21","b1_female_age_pulmonary_digitforward.out","??",NA,NA," C:\Users\novalis\Desktop\IALSA\octomult_12aug2010.dat",NA,NA,-5210.951,10479.902,10584.893,10492.939,10486.9751707317,5.009,0.123,1.916
"b1","0.1",NA,NA,NA,"octo","02/24/2015"," 5:42 PM",TRUE,"female","age","pulmonary",4843.847,550.918,32.787,14.299,2111.202,183.83,"digitsymbol",84.391,9.014,0.619,0.163,28.126,2.37,247.25,3.004,9.303,0,0.006,0.5,278,5,NA,21,NA,"Mplus VERSION 5.21","b1_female_age_pulmonary_digitsymbol.out","??",NA,NA," C:\Users\novalis\Desktop\IALSA\octomult_12aug2010.dat",NA,NA,-6591.668,13225.336,13301.516,13234.927,13228.945375,53.516,1.093,13.79
"b1","0.1",NA,NA,NA,"octo","02/24/2015"," 5:37 PM",TRUE,"female","age","pulmonary",4837.496,557.408,34.685,16.313,2103.22,184.078,"figurelogic",8.593,1.361,0.08,0.045,8.025,0.633,49.673,0.089,3.832,0.029,0.898,0.628,284,5,NA,21,NA,"Mplus VERSION 5.21","b1_female_age_pulmonary_figurelogic.out","??",NA,NA," C:\Users\novalis\Desktop\IALSA\octomult_12aug2010.dat",NA,NA,-6051.123,12144.246,12220.875,12154.283,12147.7727175573,22.796,0.689,7.908
"b1","0.1",NA,NA,NA,"octo","03/03/2015","10:32 AM",TRUE,"female","age","pulmonary",5184.17,676.563,29.6,15.111,2174.209,209.304,"global",9.626,3.2,0.307,0.074,5.055,0.734,68.141,0.458,23.529,0.05,0.58,0.02,311,5,NA,21,NA,"Mplus VERSION 5.21","b1_female_age_pulmonary_global_pek_mmse.out","??",NA,NA," C:\Users\novalis\Desktop\IALSA\octomult_12aug2010.dat","pek","mmse",-6714.401,13470.802,13549.337,13482.733,13473.9992318339,34.797,0.828,10.12
"b1","0.1",NA,NA,NA,"octo","03/03/2015","10:15 AM",TRUE,"female","age","pulmonary",4836.379,562.753,33.982,16.146,2112.541,186.495,"knowledge",102.813,9.486,0.351,0.095,16.142,1.365,88.014,0.801,10.459,0.14,0.42,0.345,301,5,NA,21,NA,"Mplus VERSION 5.21","b1_female_age_pulmonary_knowledge_pek_information.out","??",NA,NA," C:\Users\novalis\Desktop\IALSA\octomult_12aug2010.dat","pek","information",-7115.462,14272.924,14350.773,14284.173,14276.235827957,59.7,0.992,11.07
"b1","0.1",NA,NA,NA,"octo","03/03/2015","10:17 AM",TRUE,"female","age","pulmonary",4787.96,556.878,33.615,16.517,2114.927,186.262,"knowledge",25.101,2.541,0.177,0.064,6.859,0.564,67.395,0.464,-5.648,0.038,0.451,0.413,280,5,NA,21,NA,"Mplus VERSION 5.21","b1_female_age_pulmonary_knowledge_pek_synonyms.out","??",NA,NA," C:\Users\novalis\Desktop\IALSA\octomult_12aug2010.dat","pek","synonyms",-6058.647,12159.295,12235.626,12169.036,12162.8763953488,32.438,0.616,6.903
"b1","0.1",NA,NA,NA,"octo","03/03/2015","10:01 AM",TRUE,"female","age","pulmonary",4826.258,562.325,34.598,16.024,2106.501,184.866,"memory",0.586,0.15,0.003,0.003,1.164,0.102,10.773,0.018,0.326,0.111,0.922,0.906,299,5,NA,21,NA,"Mplus VERSION 5.21","b1_female_age_pulmonary_memory_pek_digitspanbackward.out","??",NA,NA," C:\Users\novalis\Desktop\IALSA\octomult_12aug2010.dat","pek","digitspanbackward",-5619.183,11280.365,11358.075,11291.476,11283.7007400722,6.763,0.183,2.755
"b1","0.1",NA,NA,NA,"octo","03/03/2015"," 9:57 AM",TRUE,"female","age","pulmonary",4824.117,558.984,35.27,16.042,2107.757,184.767,"memory",0.725,0.097,0.007,0.003,0.622,0.045,2.305,-0.13,0.611,0.706,0.323,0.76,300,5,NA,21,NA,"Mplus VERSION 5.21","b1_female_age_pulmonary_memory_pek_digitspanforward.out","??",NA,NA," C:\Users\novalis\Desktop\IALSA\octomult_12aug2010.dat","pek","digitspanforward",-5388.682,10819.364,10897.144,10830.544,10822.6877410072,6.106,0.132,2.003
"b1","0.1",NA,NA,NA,"octo","03/03/2015","10:30 AM",TRUE,"female","age","pulmonary",4855.49,561.698,32.466,16.306,2112.871,185.648,"memory",3.183,0.537,0.093,0.022,1.882,0.166,19.866,0.424,3.646,0.136,0.33,0.359,293,5,NA,21,NA,"Mplus VERSION 5.21","b1_female_age_pulmonary_memory_pek_mirrecall.out","??",NA,NA," C:\Users\novalis\Desktop\IALSA\octomult_12aug2010.dat","pek","mirrecall",-5878.4,11798.8,11876.083,11809.487,11802.2095940959,13.339,0.435,3.972
"b1","0.1",NA,NA,NA,"octo","03/03/2015","10:04 AM",TRUE,"female","age","pulmonary",4855.206,562.134,34.865,15.987,2097.065,185.383,"memory",9.715,1.178,0.11,0.039,4.353,0.384,33.882,0.107,7.214,0.089,0.856,0.252,289,5,NA,21,NA,"Mplus VERSION 5.21","b1_female_age_pulmonary_memory_pek_proserecall.out","??",NA,NA," C:\Users\novalis\Desktop\IALSA\octomult_12aug2010.dat","pek","proserecall",-6071.458,12184.917,12261.912,12195.317,12188.3776741573,19.936,0.589,6.293
"b1","0.1",NA,NA,NA,"octo","02/24/2015"," 5:54 PM",TRUE,"female","age","pulmonary",4855.372,562.455,32.461,16.638,2112.859,185.232,"mirrecall",3.183,0.526,0.093,0.021,1.882,0.159,19.861,0.424,3.647,0.114,0.328,0.321,293,5,NA,21,NA,"Mplus VERSION 5.21","b1_female_age_pulmonary_mirrecall.out","??",NA,NA," C:\Users\novalis\Desktop\IALSA\octomult_12aug2010.dat",NA,NA,-5878.4,11798.8,11876.083,11809.487,11802.2095940959,12.581,0.434,3.677
"b1","0.1",NA,NA,NA,"octo","02/24/2015"," 1:56 AM",TRUE,"female","age","pulmonary",4855.169,560.203,34.864,16.299,2097.004,185.259,"proserecall",9.715,1.175,0.11,0.04,4.353,0.375,33.88,0.107,7.214,0.073,0.85,0.196,289,5,NA,21,NA,"Mplus VERSION 5.21","b1_female_age_pulmonary_proserecall.out","??",NA,NA," C:\Users\novalis\Desktop\IALSA\octomult_12aug2010.dat",NA,NA,-6071.458,12184.917,12261.912,12195.317,12188.3776741573,18.887,0.564,5.58
"b1","0.1",NA,NA,NA,"octo","03/03/2015","10:11 AM",TRUE,"female","age","pulmonary",4810.429,558.641,32.175,15.663,2116.802,187.201,"reasoning",34.182,3.432,0.173,0.068,10.741,0.815,116.458,0.262,22.297,0.002,0.689,0.022,293,5,NA,21,NA,"Mplus VERSION 5.21","b1_female_age_pulmonary_reasoning_pek_blockdesign.out","??",NA,NA," C:\Users\novalis\Desktop\IALSA\octomult_12aug2010.dat","pek","blockdesign",-6577.854,13197.707,13274.991,13208.395,13201.1165940959,38.389,0.654,9.716
"b1","0.1",NA,NA,NA,"octo","03/03/2015","10:18 AM",TRUE,"female","age","pulmonary",4837.292,558.793,34.656,16.117,2103.389,184.195,"reasoning",8.592,1.337,0.08,0.043,8.025,0.612,49.667,0.088,3.836,0.042,0.901,0.64,284,5,NA,21,NA,"Mplus VERSION 5.21","b1_female_age_pulmonary_reasoning_pek_figurelogic.out","??",NA,NA," C:\Users\novalis\Desktop\IALSA\octomult_12aug2010.dat","pek","figurelogic",-6051.123,12144.246,12220.875,12154.283,12147.7727175573,24.482,0.709,8.211
"b1","0.1",NA,NA,NA,"octo","03/03/2015","10:21 AM",TRUE,"female","age","pulmonary",4842.469,548.92,32.792,14.109,2111.566,184.588,"speed",84.392,9.755,0.619,0.159,28.129,2.328,247.279,3.006,9.291,0,0.004,0.526,278,5,NA,21,NA,"Mplus VERSION 5.21","b1_female_age_pulmonary_speed_pek_digitsymbol.out","??",NA,NA," C:\Users\novalis\Desktop\IALSA\octomult_12aug2010.dat","pek","digitsymbol",-6591.668,13225.336,13301.516,13234.927,13228.945375,55.284,1.047,14.659
"b1","0.1",NA,NA,NA,"octo","03/03/2015","10:27 AM",TRUE,"female","age","pulmonary",4747.462,567.271,50.642,22.643,2138.206,204.453,"speed",9.028,1.591,0.056,0.044,6.36,0.939,27.905,0.288,4.07,0.25,0.603,0.707,268,4,NA,21,NA,"Mplus VERSION 5.21","b1_female_age_pulmonary_speed_pek_psif.out","??",NA,NA," C:\Users\novalis\Desktop\IALSA\octomult_12aug2010.dat","pek","psif",-4819.096,9680.193,9755.603,9689.02,9683.94909756098,24.246,0.553,10.824
"b1","0.1",NA,NA,NA,"octo","02/20/2015"," 2:27 PM",TRUE,"female","full","pulmonary",4465.507,547.54,28.337,15.238,2128.646,187.405,"block",30.534,3.177,0.164,0.071,10.749,0.802,88.69,0.14,21.564,0.011,0.842,0.022,289,5,NA,37,NA,"Mplus VERSION 7.3","b1_female_full_pulmonary_block.out","??",NA,NA," unshared\octomult_12aug2010.dat",NA,NA,-6513.637,13101.274,13236.932,13119.599,13112.477187251,34.776,0.702,9.444
"b1","0.1",NA,NA,NA,"octo","02/24/2015"," 2:02 AM",TRUE,"female","full","pulmonary",4735.036,558.714,34.214,17.334,2095.587,185.44,"proserecall",7.977,1.007,0.085,0.031,4.331,0.368,24.09,-0.006,6.294,0.167,0.991,0.262,286,5,NA,45,NA,"Mplus VERSION 5.21","b1_female_full_pulmonary_proserecall.out","??",NA,NA," C:\Users\novalis\Desktop\IALSA\octomult_12aug2010.dat",NA,NA,-6033.444,12156.888,12321.408,12178.709,12174.138,17.443,0.525,5.612
"b1","0.1",NA,NA,NA,"octo","02/25/2015","12:20 AM",TRUE,"male","aeh","grip",4.63,0.721,0.047,0.026,1.576,0.23,"block",35.779,5.642,0.041,0.16,9.265,1.256,3.986,-0.012,0.507,0.001,0.772,0.061,139,5,NA,29,NA,"Mplus VERSION 5.21","b1_male_aeh_grip_block.out","??",NA,NA," C:\Users\novalis\Desktop\IALSA\octomult_12aug2010.dat",NA,NA,-2007.4,4072.8,4157.899,4066.15,4088.76330275229,1.216,0.04,0.271
"b1","0.1",NA,NA,NA,"octo","02/25/2015","12:16 AM",TRUE,"male","aeh","grip",4.596,0.72,0.043,0.025,1.594,0.23,"digitbackward",1.132,0.293,0.021,0.015,0.966,0.138,0.207,0.001,-0.166,0.404,0.924,0.075,139,5,NA,29,NA,"Mplus VERSION 5.21","b1_male_aeh_grip_digitbackward.out","??",NA,NA," C:\Users\novalis\Desktop\IALSA\octomult_12aug2010.dat",NA,NA,-1556.062,3170.124,3255.224,3163.475,3186.08730275229,0.248,0.014,0.093
"b1","0.1",NA,NA,NA,"octo","02/25/2015","12:14 AM",TRUE,"male","aeh","grip",4.603,0.718,0.044,0.025,1.59,0.229,"digitforward",0.863,0.17,0.013,0.006,0.512,0.077,-0.284,0.007,-0.071,0.305,0.405,0.288,139,5,NA,29,NA,"Mplus VERSION 5.21","b1_male_aeh_grip_digitforward.out","??",NA,NA," C:\Users\novalis\Desktop\IALSA\octomult_12aug2010.dat",NA,NA,-1443.46,2944.92,3030.019,2938.27,2960.88330275229,0.277,0.009,0.067
"b1","0.1",NA,NA,NA,"octo","02/25/2015","12:29 AM",TRUE,"male","aeh","grip",4.641,0.72,0.049,0.029,1.568,0.224,"digitsymbol",83.078,13.361,0.436,0.264,17.247,2.362,4.926,0.001,0.732,0.011,0.985,0.102,138,5,NA,29,NA,"Mplus VERSION 5.21","b1_male_aeh_grip_digitsymbol.out","??",NA,NA," C:\Users\novalis\Desktop\IALSA\octomult_12aug2010.dat",NA,NA,-2034.985,4127.971,4212.861,4121.115,4144.08211111111,1.937,0.069,0.447
"b1","0.1",NA,NA,NA,"octo","02/25/2015","12:27 AM",TRUE,"male","aeh","grip",4.715,0.72,0.048,0.027,1.571,0.225,"figurelogic",7.857,1.904,0.082,0.108,7.806,0.98,3.427,0.04,-0.227,0,0.355,0.335,138,5,NA,29,NA,"Mplus VERSION 5.21","b1_male_aeh_grip_figurelogic.out","??",NA,NA," C:\Users\novalis\Desktop\IALSA\octomult_12aug2010.dat",NA,NA,-1828.919,3715.837,3800.728,3708.981,3731.94811111111,0.949,0.043,0.236
"b1","0.1",NA,NA,NA,"octo","02/25/2015","12:31 AM",TRUE,"male","aeh","grip",4.66,0.724,0.045,0.025,1.581,0.227,"mirrecall",1.954,0.399,0.072,0.024,1.993,0.22,1.112,0.03,0.032,0.02,0.053,0.85,139,5,NA,29,NA,"Mplus VERSION 5.21","b1_male_aeh_grip_mirrecall.out","??",NA,NA," C:\Users\novalis\Desktop\IALSA\octomult_12aug2010.dat",NA,NA,-1694.305,3446.611,3531.71,3439.961,3462.57430275229,0.478,0.015,0.167
"b1","0.1",NA,NA,NA,"octo","02/25/2015","12:18 AM",TRUE,"male","aeh","grip",4.648,0.716,0.046,0.025,1.594,0.228,"proserecall",10.052,2.156,0.008,0.083,4.186,0.709,2.356,-0.005,0.373,0.011,0.873,0.152,139,5,NA,29,NA,"Mplus VERSION 5.21","b1_male_aeh_grip_proserecall.out","??",NA,NA," C:\Users\novalis\Desktop\IALSA\octomult_12aug2010.dat",NA,NA,-1697.685,3453.369,3538.469,3446.72,3469.33230275229,0.924,0.033,0.26
"b1","0.1",NA,NA,NA,"octo","03/03/2015"," 9:27 PM",TRUE,"male","aeh","muscle",4.594,0.73,0.045,0.026,1.595,0.229,"global",2.898,1.8,0.114,0.058,7.083,1.498,1.231,-0.006,0.517,0.063,0.79,0.064,140,5,NA,29,NA,"Mplus VERSION 5.21","b1_male_aeh_muscle_global_grip_mmse.out","??",NA,NA," C:\Users\novalis\Desktop\IALSA\octomult_12aug2010.dat","grip","mmse",-2024.607,4107.213,4192.521,4100.768,4123.03118181818,0.663,0.024,0.279
"b1","0.1",NA,NA,NA,"octo","03/03/2015"," 9:15 PM",TRUE,"male","aeh","muscle",4.582,0.723,0.037,0.023,1.634,0.242,"knowledge",52.207,7.929,0.645,0.199,11.064,1.38,0.651,-0.04,0.723,0.694,0.422,0.067,140,5,NA,29,NA,"Mplus VERSION 5.21","b1_male_aeh_muscle_knowledge_grip_information.out","??",NA,NA," C:\Users\novalis\Desktop\IALSA\octomult_12aug2010.dat","grip","information",-2186.968,4431.937,4517.244,4425.492,4447.75518181818,1.656,0.05,0.394
"b1","0.1",NA,NA,NA,"octo","03/03/2015"," 9:16 PM",TRUE,"male","aeh","muscle",4.617,0.724,0.044,0.024,1.604,0.236,"knowledge",28.673,3.604,0.054,0.049,5.556,0.688,1.168,0,0.422,0.306,1,0.131,139,5,NA,29,NA,"Mplus VERSION 5.21","b1_male_aeh_muscle_knowledge_grip_synonyms.out","??",NA,NA," C:\Users\novalis\Desktop\IALSA\octomult_12aug2010.dat","grip","synonyms",-1802.886,3663.773,3748.872,3657.123,3679.73630275229,1.141,0.028,0.28
"b1","0.1",NA,NA,NA,"octo","03/03/2015"," 9:08 PM",TRUE,"male","aeh","muscle",4.596,0.72,0.043,0.025,1.594,0.23,"memory",1.132,0.293,0.021,0.015,0.966,0.138,0.207,0.001,-0.166,0.404,0.924,0.075,139,5,NA,29,NA,"Mplus VERSION 5.21","b1_male_aeh_muscle_memory_grip_digitspanbackward.out","??",NA,NA," C:\Users\novalis\Desktop\IALSA\octomult_12aug2010.dat","grip","digitspanbackward",-1556.062,3170.124,3255.224,3163.475,3186.08730275229,0.248,0.014,0.093
"b1","0.1",NA,NA,NA,"octo","03/03/2015"," 9:07 PM",TRUE,"male","aeh","muscle",4.603,0.718,0.044,0.025,1.59,0.229,"memory",0.863,0.17,0.013,0.006,0.512,0.077,-0.284,0.007,-0.071,0.305,0.405,0.288,139,5,NA,29,NA,"Mplus VERSION 5.21","b1_male_aeh_muscle_memory_grip_digitspanforward.out","??",NA,NA," C:\Users\novalis\Desktop\IALSA\octomult_12aug2010.dat","grip","digitspanforward",-1443.46,2944.92,3030.019,2938.27,2960.88330275229,0.277,0.009,0.067
"b1","0.1",NA,NA,NA,"octo","03/03/2015"," 9:25 PM",TRUE,"male","aeh","muscle",4.66,0.724,0.045,0.025,1.581,0.227,"memory",1.954,0.399,0.072,0.024,1.993,0.22,1.112,0.03,0.032,0.02,0.053,0.85,139,5,NA,29,NA,"Mplus VERSION 5.21","b1_male_aeh_muscle_memory_grip_mirrecall.out","??",NA,NA," C:\Users\novalis\Desktop\IALSA\octomult_12aug2010.dat","grip","mirrecall",-1694.305,3446.611,3531.71,3439.961,3462.57430275229,0.478,0.015,0.167
"b1","0.1",NA,NA,NA,"octo","03/03/2015"," 9:10 PM",TRUE,"male","aeh","muscle",4.648,0.716,0.046,0.025,1.594,0.228,"memory",10.052,2.156,0.008,0.083,4.186,0.709,2.356,-0.005,0.373,0.011,0.873,0.152,139,5,NA,29,NA,"Mplus VERSION 5.21","b1_male_aeh_muscle_memory_grip_proserecall.out","??",NA,NA," C:\Users\novalis\Desktop\IALSA\octomult_12aug2010.dat","grip","proserecall",-1697.685,3453.369,3538.469,3446.72,3469.33230275229,0.924,0.033,0.26
"b1","0.1",NA,NA,NA,"octo","03/03/2015"," 9:12 PM",TRUE,"male","aeh","muscle",4.63,0.721,0.047,0.026,1.576,0.23,"reasoning",35.779,5.642,0.041,0.16,9.265,1.256,3.986,-0.012,0.507,0.001,0.772,0.061,139,5,NA,29,NA,"Mplus VERSION 5.21","b1_male_aeh_muscle_reasoning_grip_blockdesign.out","??",NA,NA," C:\Users\novalis\Desktop\IALSA\octomult_12aug2010.dat","grip","blockdesign",-2007.4,4072.8,4157.899,4066.15,4088.76330275229,1.216,0.04,0.271
"b1","0.1",NA,NA,NA,"octo","03/03/2015"," 9:18 PM",TRUE,"male","aeh","muscle",4.715,0.72,0.048,0.027,1.571,0.225,"reasoning",7.857,1.904,0.082,0.108,7.806,0.98,3.427,0.04,-0.227,0,0.355,0.335,138,5,NA,29,NA,"Mplus VERSION 5.21","b1_male_aeh_muscle_reasoning_grip_figurelogic.out","??",NA,NA," C:\Users\novalis\Desktop\IALSA\octomult_12aug2010.dat","grip","figurelogic",-1828.919,3715.837,3800.728,3708.981,3731.94811111111,0.949,0.043,0.236
"b1","0.1",NA,NA,NA,"octo","03/03/2015"," 9:22 PM",TRUE,"male","aeh","muscle",4.641,0.72,0.049,0.029,1.568,0.224,"speed",83.078,13.361,0.436,0.264,17.247,2.362,4.926,0.001,0.732,0.011,0.985,0.102,138,5,NA,29,NA,"Mplus VERSION 5.21","b1_male_aeh_muscle_speed_grip_digitsymbol.out","??",NA,NA," C:\Users\novalis\Desktop\IALSA\octomult_12aug2010.dat","grip","digitsymbol",-2034.985,4127.971,4212.861,4121.115,4144.08211111111,1.937,0.069,0.447
"b1","0.1",NA,NA,NA,"octo","03/03/2015"," 9:29 PM",TRUE,"male","aeh","muscle",4.621,0.722,0.032,0.03,1.635,0.261,"speed",7.323,1.909,0.156,0.118,3.836,0.61,0.452,0,0.352,0.63,0.992,0.323,138,4,NA,29,NA,"Mplus VERSION 5.21","b1_male_aeh_muscle_speed_grip_psif.out","??",NA,NA," C:\Users\novalis\Desktop\IALSA\octomult_12aug2010.dat","grip","psif",-1354.982,2767.965,2852.855,2761.109,2784.07611111111,0.939,0.036,0.356
"b1","0.1",NA,NA,NA,"octo","02/24/2015"," 8:49 PM",TRUE,"male","aeh","pulmonary",8792.771,1435.27,39.017,21.701,3381.556,497.262,"block",35.814,5.577,0.045,0.032,9.293,1.002,186.563,1.123,17.25,0.004,0.13,0.158,136,5,NA,29,NA,"Mplus VERSION 5.21","b1_male_aeh_pulmonary_block.out","??",NA,NA," C:\Users\novalis\Desktop\IALSA\octomult_12aug2010.dat",NA,NA,-3191.372,6440.744,6525.211,6433.471,6457.15909433962,65.284,0.743,12.217
"b1","0.1",NA,NA,NA,"octo","02/24/2015"," 8:44 PM",TRUE,"male","aeh","pulmonary",8710.34,1477.916,31.661,23.967,3428.095,517.018,"digitbackward",1.163,0.291,0.024,0.016,0.949,0.134,33.558,0.248,-5.05,0.013,0.561,0.356,138,5,NA,29,NA,"Mplus VERSION 5.21","b1_male_aeh_pulmonary_digitbackward.out","??",NA,NA," C:\Users\novalis\Desktop\IALSA\octomult_12aug2010.dat",NA,NA,-2734.99,5527.98,5612.87,5521.124,5544.09111111111,13.507,0.426,5.47
"b1","0.1",NA,NA,NA,"octo","02/24/2015"," 8:42 PM",TRUE,"male","aeh","pulmonary",8731.663,1451.52,31.813,20.209,3423.623,495.57,"digitforward",0.862,0.168,0.013,0.006,0.517,0.078,-3.866,0.221,0.479,0.751,0.428,0.865,138,5,NA,29,NA,"Mplus VERSION 5.21","b1_male_aeh_pulmonary_digitforward.out","??",NA,NA," C:\Users\novalis\Desktop\IALSA\octomult_12aug2010.dat",NA,NA,-2624.029,5306.058,5390.948,5299.202,5322.16911111111,12.189,0.279,2.813
"b1","0.1",NA,NA,NA,"octo","02/24/2015"," 9:03 PM",TRUE,"male","aeh","pulmonary",8703.653,1420.466,38.996,17.417,3368.384,463.199,"digitsymbol",82.478,13.061,0.407,0.171,17.377,2.22,288.445,2.857,-12.372,0.007,0.06,0.523,133,5,NA,29,NA,"Mplus VERSION 5.21","b1_male_aeh_pulmonary_digitsymbol.out","??",NA,NA," C:\Users\novalis\Desktop\IALSA\octomult_12aug2010.dat",NA,NA,-3213.637,6485.274,6569.094,6477.364,6502.1672038835,106.314,1.518,19.373
"b1","0.1",NA,NA,NA,"octo","02/24/2015"," 9:00 PM",TRUE,"male","aeh","pulmonary",8796.114,1448.564,39.887,22.41,3375.962,490.096,"figurelogic",7.219,1.594,0.043,0.028,8.138,0.918,83.234,1.119,-0.663,0.019,0.105,0.965,133,5,NA,29,NA,"Mplus VERSION 5.21","b1_male_aeh_pulmonary_figurelogic.out","??",NA,NA," C:\Users\novalis\Desktop\IALSA\octomult_12aug2010.dat",NA,NA,-3013.892,6085.784,6169.604,6077.873,6102.6772038835,35.378,0.691,15.059
"b1","0.1",NA,NA,NA,"octo","03/03/2015","12:00 PM",TRUE,"male","aeh","pulmonary",9135.381,1543.121,35.747,22.377,3479.201,427.126,"global",2.829,1.192,0.118,0.043,7.127,1.354,110.441,0.542,24.462,0.001,0.461,0.376,140,5,NA,29,NA,"Mplus VERSION 5.21","b1_male_aeh_pulmonary_global_pek_mmse.out","??",NA,NA," C:\Users\novalis\Desktop\IALSA\octomult_12aug2010.dat","pek","mmse",-3206.087,6470.175,6555.483,6463.73,6485.99318181818,33.215,0.735,27.651
"b1","0.1",NA,NA,NA,"octo","03/03/2015","11:47 AM",TRUE,"male","aeh","pulmonary",8721.09,1482.654,35.115,26.451,3413.917,522.767,"knowledge",52.303,7.825,0.645,0.205,11.062,1.462,51.526,0.11,8.744,0.518,0.953,0.606,138,5,NA,29,NA,"Mplus VERSION 5.21","b1_male_aeh_pulmonary_knowledge_pek_information.out","??",NA,NA," C:\Users\novalis\Desktop\IALSA\octomult_12aug2010.dat","pek","information",-3367.73,6793.461,6878.351,6786.605,6809.57211111111,79.779,1.874,16.965
"b1","0.1",NA,NA,NA,"octo","03/03/2015","11:49 AM",TRUE,"male","aeh","pulmonary",8719.621,1463.551,31.934,24.058,3416.309,513.923,"knowledge",28.591,3.607,0.063,0.054,5.507,0.672,69.703,-0.119,4.284,0.288,0.893,0.792,132,5,NA,29,NA,"Mplus VERSION 5.21","b1_male_aeh_pulmonary_knowledge_pek_synonyms.out","??",NA,NA," C:\Users\novalis\Desktop\IALSA\octomult_12aug2010.dat","pek","synonyms",-2981.798,6021.595,6105.196,6013.469,6038.65382352941,65.664,0.886,16.229
"b1","0.1",NA,NA,NA,"octo","03/03/2015","11:38 AM",TRUE,"male","aeh","pulmonary",8710.34,1477.916,31.661,23.967,3428.095,517.018,"memory",1.163,0.291,0.024,0.016,0.949,0.134,33.558,0.248,-5.05,0.013,0.561,0.356,138,5,NA,29,NA,"Mplus VERSION 5.21","b1_male_aeh_pulmonary_memory_pek_digitspanbackward.out","??",NA,NA," C:\Users\novalis\Desktop\IALSA\octomult_12aug2010.dat","pek","digitspanbackward",-2734.99,5527.98,5612.87,5521.124,5544.09111111111,13.507,0.426,5.47
"b1","0.1",NA,NA,NA,"octo","03/03/2015","11:37 AM",TRUE,"male","aeh","pulmonary",8731.663,1451.52,31.813,20.209,3423.623,495.57,"memory",0.862,0.168,0.013,0.006,0.517,0.078,-3.866,0.221,0.479,0.751,0.428,0.865,138,5,NA,29,NA,"Mplus VERSION 5.21","b1_male_aeh_pulmonary_memory_pek_digitspanforward.out","??",NA,NA," C:\Users\novalis\Desktop\IALSA\octomult_12aug2010.dat","pek","digitspanforward",-2624.029,5306.058,5390.948,5299.202,5322.16911111111,12.189,0.279,2.813
"b1","0.1",NA,NA,NA,"octo","03/03/2015","11:57 AM",TRUE,"male","aeh","pulmonary",9019.266,1464.107,45.548,18.97,3339.696,464.655,"memory",2.019,0.383,0.069,0.021,1.981,0.237,82.085,0.8,-1.643,0,0.077,0.833,137,5,NA,29,NA,"Mplus VERSION 5.21","b1_male_aeh_pulmonary_memory_pek_mirrecall.out","??",NA,NA," C:\Users\novalis\Desktop\IALSA\octomult_12aug2010.dat","pek","mirrecall",-2868.871,5795.743,5880.422,5788.679,5812.00468224299,20.969,0.452,7.794
"b1","0.1",NA,NA,NA,"octo","03/03/2015","11:40 AM",TRUE,"male","aeh","pulmonary",8732.342,1457.463,38.439,25.418,3397.466,511.648,"memory",10.092,1.752,0.008,0.009,4.163,0.623,72.973,-0.307,14.794,0.077,0.486,0.412,136,5,NA,29,NA,"Mplus VERSION 5.21","b1_male_aeh_pulmonary_memory_pek_proserecall.out","??",NA,NA," C:\Users\novalis\Desktop\IALSA\octomult_12aug2010.dat","pek","proserecall",-2881.336,5820.672,5905.139,5813.399,5837.08709433962,41.257,0.441,18.045
"b1","0.1",NA,NA,NA,"octo","02/24/2015"," 9:07 PM",TRUE,"male","aeh","pulmonary",9019.266,1464.107,45.548,18.97,3339.696,464.655,"mirrecall",2.019,0.383,0.069,0.021,1.981,0.237,82.085,0.8,-1.643,0,0.077,0.833,137,5,NA,29,NA,"Mplus VERSION 5.21","b1_male_aeh_pulmonary_mirrecall.out","??",NA,NA," C:\Users\novalis\Desktop\IALSA\octomult_12aug2010.dat",NA,NA,-2868.871,5795.743,5880.422,5788.679,5812.00468224299,20.969,0.452,7.794
"b1","0.1",NA,NA,NA,"octo","02/24/2015"," 8:46 PM",TRUE,"male","aeh","pulmonary",8732.342,1457.463,38.439,25.418,3397.466,511.648,"proserecall",10.092,1.752,0.008,0.009,4.163,0.623,72.973,-0.307,14.794,0.077,0.486,0.412,136,5,NA,29,NA,"Mplus VERSION 5.21","b1_male_aeh_pulmonary_proserecall.out","??",NA,NA," C:\Users\novalis\Desktop\IALSA\octomult_12aug2010.dat",NA,NA,-2881.336,5820.672,5905.139,5813.399,5837.08709433962,41.257,0.441,18.045
"b1","0.1",NA,NA,NA,"octo","03/03/2015","11:43 AM",TRUE,"male","aeh","pulmonary",8792.771,1435.27,39.017,21.701,3381.556,497.262,"reasoning",35.814,5.577,0.045,0.032,9.293,1.002,186.563,1.123,17.25,0.004,0.13,0.158,136,5,NA,29,NA,"Mplus VERSION 5.21","b1_male_aeh_pulmonary_reasoning_pek_blockdesign.out","??",NA,NA," C:\Users\novalis\Desktop\IALSA\octomult_12aug2010.dat","pek","blockdesign",-3191.372,6440.744,6525.211,6433.471,6457.15909433962,65.284,0.743,12.217
"b1","0.1",NA,NA,NA,"octo","03/03/2015","11:50 AM",TRUE,"male","aeh","pulmonary",8796.114,1448.564,39.887,22.41,3375.962,490.096,"reasoning",7.219,1.594,0.043,0.028,8.138,0.918,83.234,1.119,-0.663,0.019,0.105,0.965,133,5,NA,29,NA,"Mplus VERSION 5.21","b1_male_aeh_pulmonary_reasoning_pek_figurelogic.out","??",NA,NA," C:\Users\novalis\Desktop\IALSA\octomult_12aug2010.dat","pek","figurelogic",-3013.892,6085.784,6169.604,6077.873,6102.6772038835,35.378,0.691,15.059
"b1","0.1",NA,NA,NA,"octo","03/03/2015","11:53 AM",TRUE,"male","aeh","pulmonary",8703.653,1420.466,38.996,17.417,3368.384,463.199,"speed",82.478,13.061,0.407,0.171,17.377,2.22,288.445,2.857,-12.372,0.007,0.06,0.523,133,5,NA,29,NA,"Mplus VERSION 5.21","b1_male_aeh_pulmonary_speed_pek_digitsymbol.out","??",NA,NA," C:\Users\novalis\Desktop\IALSA\octomult_12aug2010.dat","pek","digitsymbol",-3213.637,6485.274,6569.094,6477.364,6502.1672038835,106.314,1.518,19.373
"b1","0.1",NA,NA,NA,"octo","03/03/2015","12:02 PM",TRUE,"male","aeh","pulmonary",9148.637,1422.931,34.962,17.676,2967.893,529.771,"speed",7.577,1.807,0.175,0.107,3.707,0.586,97.948,1.9,-12.659,0.02,0.052,0.247,127,4,NA,29,NA,"Mplus VERSION 5.21","b1_male_aeh_pulmonary_speed_pek_psif.out","??",NA,NA," C:\Users\novalis\Desktop\IALSA\octomult_12aug2010.dat","pek","psif",-2422.617,4903.235,4985.716,4894.006,4921.1731443299,42.155,0.979,10.933
"b1","0.1",NA,NA,NA,"octo","02/25/2015"," 1:03 AM",TRUE,"male","aehplus","grip",4.393,0.701,0.046,0.027,1.574,0.228,"block",31.46,4.913,0.041,0.164,9.254,1.276,3.543,-0.003,0.515,0.002,0.94,0.057,139,5,NA,37,NA,"Mplus VERSION 5.21","b1_male_aehplus_grip_block.out","??",NA,NA," C:\Users\novalis\Desktop\IALSA\octomult_12aug2010.dat",NA,NA,-1996.326,4066.652,4175.228,4058.169,4094.49358415842,1.155,0.04,0.27
"b1","0.1",NA,NA,NA,"octo","02/25/2015","12:59 AM",TRUE,"male","aehplus","grip",4.37,0.703,0.041,0.024,1.598,0.23,"digitbackward",1.1,0.291,0.018,0.015,0.975,0.141,0.168,0.002,-0.171,0.474,0.885,0.07,139,5,NA,37,NA,"Mplus VERSION 5.21","b1_male_aehplus_grip_digitbackward.out","??",NA,NA," C:\Users\novalis\Desktop\IALSA\octomult_12aug2010.dat",NA,NA,-1549.609,3173.218,3281.794,3164.734,3201.05958415842,0.235,0.014,0.094
"b1","0.1",NA,NA,NA,"octo","02/25/2015","12:58 AM",TRUE,"male","aehplus","grip",4.37,0.702,0.042,0.024,1.592,0.23,"digitforward",0.838,0.173,0.013,0.005,0.512,0.077,-0.292,0.008,-0.073,0.283,0.374,0.274,139,5,NA,37,NA,"Mplus VERSION 5.21","b1_male_aehplus_grip_digitforward.out","??",NA,NA," C:\Users\novalis\Desktop\IALSA\octomult_12aug2010.dat",NA,NA,-1437.811,2949.622,3058.198,2941.139,2977.46358415842,0.272,0.009,0.067
"b1","0.1",NA,NA,NA,"octo","02/25/2015"," 1:12 AM",TRUE,"male","aehplus","grip",4.41,0.701,0.049,0.03,1.565,0.223,"digitsymbol",74.064,12.087,0.452,0.279,17.192,2.39,4.234,0.003,0.731,0.019,0.964,0.098,138,5,NA,37,NA,"Mplus VERSION 5.21","b1_male_aehplus_grip_digitsymbol.out","??",NA,NA," C:\Users\novalis\Desktop\IALSA\octomult_12aug2010.dat",NA,NA,-2024.744,4123.488,4231.796,4114.74,4151.608,1.799,0.072,0.442
"b1","0.1",NA,NA,NA,"octo","02/25/2015"," 1:09 AM",TRUE,"male","aehplus","grip",4.495,0.7,0.047,0.027,1.565,0.223,"figurelogic",6.674,1.985,0.081,0.145,7.829,1.058,3.139,0.044,-0.163,0.002,0.354,0.476,138,5,NA,37,NA,"Mplus VERSION 5.21","b1_male_aehplus_grip_figurelogic.out","??",NA,NA," C:\Users\novalis\Desktop\IALSA\octomult_12aug2010.dat",NA,NA,-1814.206,3702.412,3810.72,3693.665,3730.532,0.994,0.047,0.229
"b1","0.1",NA,NA,NA,"octo","02/25/2015"," 1:14 AM",TRUE,"male","aehplus","grip",4.419,0.708,0.044,0.024,1.581,0.227,"mirrecall",1.919,0.39,0.071,0.022,1.994,0.22,1.052,0.032,0.031,0.027,0.034,0.852,139,5,NA,37,NA,"Mplus VERSION 5.21","b1_male_aehplus_grip_mirrecall.out","??",NA,NA," C:\Users\novalis\Desktop\IALSA\octomult_12aug2010.dat",NA,NA,-1688.354,3450.708,3559.283,3442.224,3478.54958415842,0.476,0.015,0.166
"b1","0.1",NA,NA,NA,"octo","02/25/2015"," 1:01 AM",TRUE,"male","aehplus","grip",4.407,0.699,0.045,0.024,1.593,0.228,"proserecall",10.01,2.141,0.012,0.08,4.155,0.711,2.351,-0.01,0.362,0.007,0.782,0.159,139,5,NA,37,NA,"Mplus VERSION 5.21","b1_male_aehplus_grip_proserecall.out","??",NA,NA," C:\Users\novalis\Desktop\IALSA\octomult_12aug2010.dat",NA,NA,-1691.109,3456.219,3564.795,3447.735,3484.06058415842,0.871,0.034,0.257
"b1","0.1",NA,NA,NA,"octo","02/24/2015","11:20 PM",TRUE,"male","aehplus","pulmonary",8364.403,1317.97,36.205,19.297,3348.595,488.076,"block",31.704,4.714,0.05,0.033,9.218,0.981,155.31,1.117,19.626,0.009,0.14,0.108,136,5,NA,37,NA,"Mplus VERSION 5.21","b1_male_aehplus_pulmonary_block.out","??",NA,NA," C:\Users\novalis\Desktop\IALSA\octomult_12aug2010.dat",NA,NA,-3181.212,6436.424,6544.192,6427.144,6465.11787755102,59.088,0.756,12.202
"b1","0.1",NA,NA,NA,"octo","02/24/2015","11:12 PM",TRUE,"male","aehplus","pulmonary",8234.546,1376.509,27.249,21.8,3407.612,511.177,"digitbackward",1.131,0.29,0.021,0.016,0.957,0.135,30.46,0.229,-5.141,0.016,0.567,0.334,138,5,NA,37,NA,"Mplus VERSION 5.21","b1_male_aehplus_pulmonary_digitbackward.out","??",NA,NA," C:\Users\novalis\Desktop\IALSA\octomult_12aug2010.dat",NA,NA,-2728.685,5531.369,5639.678,5522.622,5559.489,12.699,0.401,5.32
"b1","0.1",NA,NA,NA,"octo","02/24/2015","11:10 PM",TRUE,"male","aehplus","pulmonary",8283.318,1324.612,27.178,14.261,3411.396,466.625,"digitforward",0.837,0.168,0.012,0.004,0.517,0.077,-6.518,0.331,0.368,0.569,0.114,0.893,138,5,NA,37,NA,"Mplus VERSION 5.21","b1_male_aehplus_pulmonary_digitforward.out","??",NA,NA," C:\Users\novalis\Desktop\IALSA\octomult_12aug2010.dat",NA,NA,-2617.955,5309.909,5418.218,5301.162,5338.029,11.435,0.209,2.741
"b1","0.1",NA,NA,NA,"octo","02/24/2015","11:31 PM",TRUE,"male","aehplus","pulmonary",8259.938,1329.772,34.568,15.03,3349.973,462.375,"digitsymbol",73.719,11.563,0.433,0.181,17.312,2.229,248.337,2.947,-12.382,0.006,0.043,0.516,133,5,NA,37,NA,"Mplus VERSION 5.21","b1_male_aehplus_pulmonary_digitsymbol.out","??",NA,NA," C:\Users\novalis\Desktop\IALSA\octomult_12aug2010.dat",NA,NA,-3204.376,6482.752,6589.695,6472.659,6512.352,91.187,1.459,19.068
"b1","0.1",NA,NA,NA,"octo","02/24/2015","11:27 PM",TRUE,"male","aehplus","pulmonary",8298.852,1351.111,34.306,20.764,3363.363,486.228,"figurelogic",5.931,1.471,0.036,0.022,8.241,0.909,62.604,0.939,1.145,0.047,0.124,0.939,133,5,NA,37,NA,"Mplus VERSION 5.21","b1_male_aehplus_pulmonary_figurelogic.out","??",NA,NA," C:\Users\novalis\Desktop\IALSA\octomult_12aug2010.dat",NA,NA,-3000.249,6074.497,6181.44,6064.404,6104.097,31.513,0.61,14.905
"b1","0.1",NA,NA,NA,"octo","02/24/2015","11:35 PM",TRUE,"male","aehplus","pulmonary",8586.96,1348.955,43.122,14.838,3309.172,459.342,"mirrecall",2.003,0.364,0.068,0.019,1.974,0.236,77.24,0.744,-1.299,0,0.069,0.863,137,5,NA,37,NA,"Mplus VERSION 5.21","b1_male_aehplus_pulmonary_mirrecall.out","??",NA,NA," C:\Users\novalis\Desktop\IALSA\octomult_12aug2010.dat",NA,NA,-2863.677,5801.354,5909.393,5792.341,5829.75804040404,19.393,0.409,7.543
"b1","0.1",NA,NA,NA,"octo","02/24/2015","11:15 PM",TRUE,"male","aehplus","pulmonary",8271.613,1367.246,32.802,22.862,3381.469,505.979,"proserecall",10.047,1.753,0.01,0.014,4.14,0.616,61.969,-0.307,13.704,0.113,0.538,0.434,136,5,NA,37,NA,"Mplus VERSION 5.21","b1_male_aehplus_pulmonary_proserecall.out","??",NA,NA," C:\Users\novalis\Desktop\IALSA\octomult_12aug2010.dat",NA,NA,-2875.443,5824.886,5932.654,5815.606,5853.57987755102,39.116,0.499,17.518
"b1","0.1",NA,NA,NA,"octo","02/24/2015"," 6:32 PM",TRUE,"male","age","grip",6.609,1.108,0.05,0.026,1.605,0.206,"block",43.949,5.63,0.036,0.096,9.116,1.128,6.099,-0.021,0.491,0,0.491,0.031,158,5,NA,21,NA,"Mplus VERSION 5.21","b1_male_age_grip_block.out","??",NA,NA," C:\Users\novalis\Desktop\IALSA\octomult_12aug2010.dat",NA,NA,-2223.572,4489.144,4553.459,4486.984,4495.93811764706,1.737,0.031,0.228
"b1","0.1",NA,NA,NA,"octo","02/24/2015"," 6:16 PM",TRUE,"male","age","grip",6.569,1.116,0.046,0.025,1.619,0.209,"digitbackward",1.531,0.308,0.021,0.015,0.988,0.136,0.745,0.001,-0.14,0.091,0.954,0.14,161,5,NA,21,NA,"Mplus VERSION 5.21","b1_male_age_grip_digitbackward.out","??",NA,NA," C:\Users\novalis\Desktop\IALSA\octomult_12aug2010.dat",NA,NA,-1754.772,3551.544,3616.253,3549.773,3558.19148201439,0.441,0.014,0.095
"b1","0.1",NA,NA,NA,"octo","02/24/2015"," 6:12 PM",TRUE,"male","age","grip",6.524,1.097,0.051,0.025,1.608,0.205,"digitforward",0.908,0.169,0.015,0.007,0.56,0.08,0.102,0.012,-0.078,0.736,0.226,0.236,161,5,NA,21,NA,"Mplus VERSION 5.21","b1_male_age_grip_digitforward.out","??",NA,NA," C:\Users\novalis\Desktop\IALSA\octomult_12aug2010.dat",NA,NA,-1639.8,3321.599,3386.309,3319.829,3328.24648201439,0.303,0.01,0.066
"b1","0.1",NA,NA,NA,"octo","02/24/2015"," 6:46 PM",TRUE,"male","age","grip",6.606,1.109,0.051,0.027,1.604,0.206,"digitsymbol",107.549,14.309,0.546,0.242,17.416,2.064,7.519,0.015,0.397,0.005,0.824,0.405,156,5,NA,21,NA,"Mplus VERSION 5.21","b1_male_age_grip_digitsymbol.out","??",NA,NA," C:\Users\novalis\Desktop\IALSA\octomult_12aug2010.dat",NA,NA,-2223.137,4488.274,4552.321,4485.849,4495.16952238806,2.664,0.067,0.477
"b1","0.1",NA,NA,NA,"octo","02/24/2015"," 6:43 PM",TRUE,"male","age","grip",6.776,1.13,0.053,0.026,1.602,0.207,"figurelogic",11.725,2.805,0.087,0.096,7.944,0.952,5.517,0.043,-0.284,0,0.273,0.218,157,5,NA,21,NA,"Mplus VERSION 5.21","b1_male_age_grip_figurelogic.out","??",NA,NA," C:\Users\novalis\Desktop\IALSA\octomult_12aug2010.dat",NA,NA,-2000.676,4043.351,4107.533,4041.059,4050.19544444444,1.501,0.039,0.23
"b1","0.1",NA,NA,NA,"octo","02/24/2015"," 6:49 PM",TRUE,"male","age","grip",6.629,1.117,0.05,0.025,1.603,0.204,"mirrecall",2.523,0.47,0.077,0.021,2.103,0.226,1.589,0.018,0.048,0.01,0.252,0.769,159,5,NA,21,NA,"Mplus VERSION 5.21","b1_male_age_grip_mirrecall.out","??",NA,NA," C:\Users\novalis\Desktop\IALSA\octomult_12aug2010.dat",NA,NA,-1883.748,3809.496,3873.943,3807.466,3816.24052554745,0.62,0.016,0.162
"b1","0.1",NA,NA,NA,"octo","02/24/2015"," 6:29 PM",TRUE,"male","age","grip",6.639,1.12,0.049,0.025,1.614,0.207,"proserecall",13.184,1.761,0.012,0.077,4.331,0.665,3.596,-0.008,0.207,0,0.814,0.374,161,5,NA,21,NA,"Mplus VERSION 5.21","b1_male_age_grip_proserecall.out","??",NA,NA," C:\Users\novalis\Desktop\IALSA\octomult_12aug2010.dat",NA,NA,-1916.039,3874.078,3938.788,3872.308,3880.72548201439,1.026,0.032,0.233
"b1","0.1",NA,NA,NA,"octo","03/03/2015"," 8:39 PM",TRUE,"male","age","muscle",6.567,1.183,0.064,0.032,1.589,0.215,"global",9.735,4.29,0.221,0.125,7.811,1.475,3.254,0.025,0.529,0.022,0.573,0.072,164,5,NA,21,NA,"Mplus VERSION 5.21","b1_male_age_muscle_global_grip_mmse.out","??",NA,NA," C:\Users\novalis\Desktop\IALSA\octomult_12aug2010.dat","grip","mmse",-2356.492,4754.984,4820.081,4753.597,4761.49104225352,1.422,0.045,0.294
"b1","0.1",NA,NA,NA,"octo","03/03/2015"," 8:31 PM",TRUE,"male","age","muscle",6.604,1.184,0.043,0.024,1.645,0.226,"knowledge",70.07,8.765,0.729,0.221,11.084,1.3,3.026,-0.051,0.73,0.134,0.343,0.067,162,5,NA,21,NA,"Mplus VERSION 5.21","b1_male_age_muscle_knowledge_grip_information.out","??",NA,NA," C:\Users\novalis\Desktop\IALSA\octomult_12aug2010.dat","grip","information",-2444.109,4930.218,4995.057,4928.576,4936.818,2.02,0.054,0.399
"b1","0.1",NA,NA,NA,"octo","03/03/2015"," 8:32 PM",TRUE,"male","age","muscle",6.605,1.174,0.047,0.025,1.627,0.222,"knowledge",42.218,4.16,0.061,0.043,5.993,0.841,1.636,-0.011,0.466,0.333,0.718,0.099,157,5,NA,21,NA,"Mplus VERSION 5.21","b1_male_age_muscle_knowledge_grip_synonyms.out","??",NA,NA," C:\Users\novalis\Desktop\IALSA\octomult_12aug2010.dat","grip","synonyms",-1994.074,4030.147,4094.328,4027.855,4036.99144444444,1.69,0.031,0.282
"b1","0.1",NA,NA,NA,"octo","03/03/2015"," 8:25 PM",TRUE,"male","age","muscle",6.569,1.178,0.046,0.025,1.619,0.219,"memory",1.531,0.326,0.021,0.015,0.988,0.133,0.745,0.001,-0.14,0.124,0.956,0.124,161,5,NA,21,NA,"Mplus VERSION 5.21","b1_male_age_muscle_memory_grip_digitspanbackward.out","??",NA,NA," C:\Users\novalis\Desktop\IALSA\octomult_12aug2010.dat","grip","digitspanbackward",-1754.772,3551.544,3616.253,3549.773,3558.19148201439,0.484,0.015,0.091
"b1","0.1",NA,NA,NA,"octo","03/03/2015"," 8:23 PM",TRUE,"male","age","muscle",6.524,1.154,0.051,0.026,1.608,0.217,"memory",0.908,0.169,0.015,0.007,0.56,0.082,0.102,0.012,-0.078,0.754,0.23,0.246,161,5,NA,21,NA,"Mplus VERSION 5.21","b1_male_age_muscle_memory_grip_digitspanforward.out","??",NA,NA," C:\Users\novalis\Desktop\IALSA\octomult_12aug2010.dat","grip","digitspanforward",-1639.8,3321.599,3386.309,3319.829,3328.24648201439,0.326,0.01,0.067
"b1","0.1",NA,NA,NA,"octo","03/03/2015"," 8:37 PM",TRUE,"male","age","muscle",6.629,1.181,0.05,0.025,1.603,0.215,"memory",2.523,0.519,0.077,0.022,2.103,0.227,1.589,0.018,0.048,0.021,0.275,0.775,159,5,NA,21,NA,"Mplus VERSION 5.21","b1_male_age_muscle_memory_grip_mirrecall.out","??",NA,NA," C:\Users\novalis\Desktop\IALSA\octomult_12aug2010.dat","grip","mirrecall",-1883.748,3809.496,3873.943,3807.466,3816.24052554745,0.688,0.016,0.167
"b1","0.1",NA,NA,NA,"octo","03/03/2015"," 8:26 PM",TRUE,"male","age","muscle",6.639,1.181,0.049,0.025,1.614,0.217,"memory",13.151,1.899,0.008,0.069,4.349,0.662,3.594,-0.008,0.21,0.002,0.791,0.379,161,5,NA,21,NA,"Mplus VERSION 5.21","b1_male_age_muscle_memory_grip_proserecall.out","??",NA,NA," C:\Users\novalis\Desktop\IALSA\octomult_12aug2010.dat","grip","proserecall",-1915.903,3873.806,3938.516,3872.036,3880.45348201439,1.178,0.031,0.239
"b1","0.1",NA,NA,NA,"octo","03/03/2015"," 8:29 PM",TRUE,"male","age","muscle",6.609,1.171,0.05,0.026,1.605,0.218,"reasoning",43.948,5.667,0.036,0.098,9.116,1.097,6.099,-0.021,0.491,0,0.536,0.048,158,5,NA,21,NA,"Mplus VERSION 5.21","b1_male_age_muscle_reasoning_grip_blockdesign.out","??",NA,NA," C:\Users\novalis\Desktop\IALSA\octomult_12aug2010.dat","grip","blockdesign",-2223.572,4489.144,4553.459,4486.984,4495.93811764706,1.728,0.034,0.249
"b1","0.1",NA,NA,NA,"octo","03/03/2015"," 8:33 PM",TRUE,"male","age","muscle",6.775,1.191,0.052,0.026,1.604,0.216,"reasoning",11.66,2.905,0.08,0.086,7.987,0.999,5.534,0.044,-0.291,0,0.212,0.22,157,5,NA,21,NA,"Mplus VERSION 5.21","b1_male_age_muscle_reasoning_grip_figurelogic.out","??",NA,NA," C:\Users\novalis\Desktop\IALSA\octomult_12aug2010.dat","grip","figurelogic",-2000.55,4043.1,4107.281,4040.808,4049.94444444444,1.579,0.035,0.238
"b1","0.1",NA,NA,NA,"octo","03/03/2015"," 8:36 PM",TRUE,"male","age","muscle",6.606,1.172,0.051,0.028,1.604,0.217,"speed",107.548,14.985,0.546,0.258,17.415,2.185,7.518,0.015,0.397,0.006,0.833,0.388,156,5,NA,21,NA,"Mplus VERSION 5.21","b1_male_age_muscle_speed_grip_digitsymbol.out","??",NA,NA," C:\Users\novalis\Desktop\IALSA\octomult_12aug2010.dat","grip","digitsymbol",-2223.137,4488.274,4552.321,4485.849,4495.16952238806,2.733,0.07,0.46
"b1","0.1",NA,NA,NA,"octo","03/03/2015"," 8:41 PM",TRUE,"male","age","muscle",6.703,1.176,0.048,0.033,1.658,0.245,"speed",8.446,2.012,0.201,0.126,3.746,0.601,0.996,0.025,0.287,0.404,0.551,0.438,156,4,NA,21,NA,"Mplus VERSION 5.21","b1_male_age_muscle_speed_grip_psif.out","??",NA,NA," C:\Users\novalis\Desktop\IALSA\octomult_12aug2010.dat","grip","psif",-1490.002,3022.003,3086.05,3019.579,3028.89852238806,1.194,0.041,0.37
"b1","0.1",NA,NA,NA,"octo","02/20/2015"," 2:27 PM",TRUE,"male","age","pulmonary",9797.1,1518.911,39.26,21.761,3395.412,423.662,"block",44.125,5.63,0.064,0.072,8.966,1.025,281.76,1.052,15.412,0,0.228,0.156,151,5,NA,21,NA,"Mplus VERSION 7.3","b1_male_age_pulmonary_block.out","??",NA,NA," unshared\octomult_12aug2010.dat",NA,NA,-3351.987,6745.975,6809.338,6742.875,6753.13779069767,75.414,0.873,10.863
"b1","0.1",NA,NA,NA,"octo","02/24/2015"," 5:35 PM",TRUE,"male","age","pulmonary",9680.47,1536.9,31.081,21.342,3447.644,429.091,"digitbackward",1.567,0.305,0.025,0.016,0.973,0.133,48.954,0.361,-5.219,0.003,0.401,0.297,158,5,NA,21,NA,"Mplus VERSION 5.21","b1_male_age_pulmonary_digitbackward.out","??",NA,NA," C:\Users\novalis\Desktop\IALSA\octomult_12aug2010.dat",NA,NA,-2881.447,5804.895,5869.209,5802.734,5811.68911764706,16.498,0.43,5.004
"b1","0.1",NA,NA,NA,"octo","02/24/2015"," 5:32 PM",TRUE,"male","age","pulmonary",9626.924,1512.819,32.003,19.115,3436.356,419.932,"digitforward",0.912,0.171,0.014,0.007,0.568,0.082,2.401,0.197,0.557,0.844,0.477,0.839,158,5,NA,21,NA,"Mplus VERSION 5.21","b1_male_age_pulmonary_digitforward.out","??",NA,NA," C:\Users\novalis\Desktop\IALSA\octomult_12aug2010.dat",NA,NA,-2768.627,5579.254,5643.568,5577.093,5586.04811764706,12.231,0.277,2.748
"b1","0.1",NA,NA,NA,"octo","02/24/2015"," 5:45 PM",TRUE,"male","age","pulmonary",9516.861,1482.486,30.89,16.784,3437.189,407.991,"digitsymbol",105.769,13.959,0.525,0.212,17.554,2.02,393.177,2.549,-7.14,0,0.114,0.71,142,5,NA,21,NA,"Mplus VERSION 5.21","b1_male_age_pulmonary_digitsymbol.out","??",NA,NA," C:\Users\novalis\Desktop\IALSA\octomult_12aug2010.dat",NA,NA,-3344.066,6730.131,6792.204,6725.758,6737.831,112.136,1.612,19.18
"b1","0.1",NA,NA,NA,"octo","02/24/2015"," 5:39 PM",TRUE,"male","age","pulmonary",9875.757,1556.028,42.14,22.724,3389.612,416.492,"figurelogic",10.501,2.398,0.061,0.048,8.193,0.884,134.895,1.149,-0.325,0.005,0.164,0.981,146,5,NA,21,NA,"Mplus VERSION 5.21","b1_male_age_pulmonary_figurelogic.out","??",NA,NA," C:\Users\novalis\Desktop\IALSA\octomult_12aug2010.dat",NA,NA,-3134.073,6310.146,6372.802,6306.349,6317.59761290323,48.411,0.826,13.41
"b1","0.1",NA,NA,NA,"octo","03/03/2015","10:53 AM",TRUE,"male","age","pulmonary",12767.278,2869.164,37.473,24.01,3507.926,414.935,"global",9.782,3.763,0.22,0.098,7.799,1.34,266.122,-0.087,27.076,0.004,0.943,0.388,164,5,NA,21,NA,"Mplus VERSION 5.21","b1_male_age_pulmonary_global_pek_mmse.out","??",NA,NA," C:\Users\novalis\Desktop\IALSA\octomult_12aug2010.dat","pek","mmse",-3492.161,7026.322,7091.42,7024.935,7032.82904225352,92.937,1.223,31.361
"b1","0.1",NA,NA,NA,"octo","03/03/2015","10:42 AM",TRUE,"male","age","pulmonary",9708.773,1531.507,36.378,25.151,3419.49,519.533,"knowledge",70.193,8.657,0.724,0.22,11.083,1.369,142.905,-0.306,9.983,0.119,0.879,0.549,156,5,NA,21,NA,"Mplus VERSION 5.21","b1_male_age_pulmonary_knowledge_pek_information.out","??",NA,NA," C:\Users\novalis\Desktop\IALSA\octomult_12aug2010.dat","pek","information",-3570.502,7183.004,7247.051,7180.579,7189.89952238806,91.547,2.003,16.653
"b1","0.1",NA,NA,NA,"octo","03/03/2015","10:44 AM",TRUE,"male","age","pulmonary",9620.677,1491.586,31.945,22.696,3432.941,511.652,"knowledge",42.091,4.194,0.063,0.037,5.987,0.812,116.013,-0.341,2.97,0.14,0.665,0.847,142,5,NA,21,NA,"Mplus VERSION 5.21","b1_male_age_pulmonary_knowledge_pek_synonyms.out","??",NA,NA," C:\Users\novalis\Desktop\IALSA\octomult_12aug2010.dat","pek","synonyms",-3117.557,6277.115,6339.187,6272.742,6284.815,78.515,0.789,15.362
"b1","0.1",NA,NA,NA,"octo","03/03/2015","10:35 AM",TRUE,"male","age","pulmonary",9680.573,1519.789,31.098,22.007,3447.516,511.034,"memory",1.567,0.322,0.025,0.016,0.973,0.129,48.951,0.361,-5.218,0.003,0.408,0.343,158,5,NA,21,NA,"Mplus VERSION 5.21","b1_male_age_pulmonary_memory_pek_digitspanbackward.out","??",NA,NA," C:\Users\novalis\Desktop\IALSA\octomult_12aug2010.dat","pek","digitspanbackward",-2881.447,5804.895,5869.209,5802.734,5811.68911764706,16.466,0.436,5.503
"b1","0.1",NA,NA,NA,"octo","03/03/2015","10:34 AM",TRUE,"male","age","pulmonary",9627.093,1488.846,32.02,20.116,3436.251,498.839,"memory",0.912,0.171,0.014,0.007,0.568,0.084,2.399,0.197,0.558,0.851,0.505,0.865,158,5,NA,21,NA,"Mplus VERSION 5.21","b1_male_age_pulmonary_memory_pek_digitspanforward.out","??",NA,NA," C:\Users\novalis\Desktop\IALSA\octomult_12aug2010.dat","pek","digitspanforward",-2768.627,5579.254,5643.568,5577.093,5586.04811764706,12.806,0.295,3.278
"b1","0.1",NA,NA,NA,"octo","03/03/2015","10:52 AM",TRUE,"male","age","pulmonary",10139.951,1573.04,40.293,18.264,3404.435,469.7,"memory",2.503,0.495,0.079,0.022,2.092,0.238,96.957,0.608,-1.695,0,0.209,0.839,153,5,NA,21,NA,"Mplus VERSION 5.21","b1_male_age_pulmonary_memory_pek_mirrecall.out","??",NA,NA," C:\Users\novalis\Desktop\IALSA\octomult_12aug2010.dat","pek","mirrecall",-3005.68,6053.359,6116.999,6050.532,6060.4124351145,25.433,0.484,8.338
"b1","0.1",NA,NA,NA,"octo","03/03/2015","10:37 AM",TRUE,"male","age","pulmonary",9818.876,1503.824,43.782,23.999,3382.986,496.8,"memory",13.147,1.64,0.018,0.012,4.279,0.582,116.72,-0.625,15.418,0.013,0.179,0.387,153,5,NA,21,NA,"Mplus VERSION 5.21","b1_male_age_pulmonary_memory_pek_proserecall.out","??",NA,NA," C:\Users\novalis\Desktop\IALSA\octomult_12aug2010.dat","pek","proserecall",-3044.498,6130.997,6194.636,6128.17,6138.0504351145,47.064,0.465,17.836
"b1","0.1",NA,NA,NA,"octo","02/24/2015"," 5:55 PM",TRUE,"male","age","pulmonary",10138.972,1598.004,40.233,18.126,3405.188,404.24,"mirrecall",2.503,0.451,0.079,0.021,2.092,0.234,96.965,0.608,-1.696,0,0.222,0.814,153,5,NA,21,NA,"Mplus VERSION 5.21","b1_male_age_pulmonary_mirrecall.out","??",NA,NA," C:\Users\novalis\Desktop\IALSA\octomult_12aug2010.dat",NA,NA,-3005.68,6053.359,6116.999,6050.532,6060.4124351145,24.904,0.498,7.216
"b1","0.1",NA,NA,NA,"octo","02/24/2015"," 1:58 AM",TRUE,"male","age","pulmonary",9819.579,1536.751,44.073,22.766,3381.825,420.33,"proserecall",13.174,1.586,0.021,0.022,4.268,0.596,116.888,-0.59,15.318,0.012,0.345,0.293,153,5,NA,21,NA,"Mplus VERSION 5.21","b1_male_age_pulmonary_proserecall.out","??",NA,NA," C:\Users\novalis\Desktop\IALSA\octomult_12aug2010.dat",NA,NA,-3044.635,6131.27,6194.909,6128.442,6138.3234351145,46.581,0.625,14.564
"b1","0.1",NA,NA,NA,"octo","03/03/2015","10:40 AM",TRUE,"male","age","pulmonary",9787.95,1474.45,38.217,20.87,3400.994,496.157,"reasoning",44.085,5.729,0.057,0.054,9.007,0.984,282.489,1.126,14.99,0,0.184,0.227,151,5,NA,21,NA,"Mplus VERSION 5.21","b1_male_age_pulmonary_reasoning_pek_blockdesign.out","??",NA,NA," C:\Users\novalis\Desktop\IALSA\octomult_12aug2010.dat","pek","blockdesign",-3351.879,6745.759,6809.122,6742.659,6752.92179069767,75.563,0.848,12.416
"b1","0.1",NA,NA,NA,"octo","03/03/2015","10:45 AM",TRUE,"male","age","pulmonary",9869.446,1510.762,41.387,22.243,3393.684,490.064,"reasoning",10.434,2.455,0.054,0.037,8.239,0.964,135.635,1.216,-0.726,0.004,0.108,0.962,146,5,NA,21,NA,"Mplus VERSION 5.21","b1_male_age_pulmonary_reasoning_pek_figurelogic.out","??",NA,NA," C:\Users\novalis\Desktop\IALSA\octomult_12aug2010.dat","pek","figurelogic",-3133.965,6309.93,6372.586,6306.133,6317.38161290323,47.454,0.757,15.348
"b1","0.1",NA,NA,NA,"octo","03/03/2015","10:48 AM",TRUE,"male","age","pulmonary",9511.034,1454.141,30.695,17.623,3441.377,478.108,"speed",105.695,14.671,0.525,0.216,17.558,2.121,392.899,2.55,-7.226,0.001,0.106,0.726,142,5,NA,21,NA,"Mplus VERSION 5.21","b1_male_age_pulmonary_speed_pek_digitsymbol.out","??",NA,NA," C:\Users\novalis\Desktop\IALSA\octomult_12aug2010.dat","pek","digitsymbol",-3344.066,6730.131,6792.204,6725.758,6737.831,116.03,1.579,20.659
"b1","0.1",NA,NA,NA,"octo","03/03/2015","10:56 AM",TRUE,"male","age","pulmonary",10163.155,1488.638,38.469,23.582,3022.373,526.265,"speed",8.549,1.934,0.19,0.111,3.7,0.596,130.623,1.909,-12.082,0.002,0.047,0.291,135,4,NA,21,NA,"Mplus VERSION 5.21","b1_male_age_pulmonary_speed_pek_psif.out","??",NA,NA," C:\Users\novalis\Desktop\IALSA\octomult_12aug2010.dat","pek","psif",-2496.145,5034.29,5095.301,5028.871,5042.46699115044,42.9,0.96,11.449
"b1","0.1",NA,NA,NA,"octo","02/20/2015"," 2:28 PM",TRUE,"male","full","pulmonary",9168.599,1431.364,33.59,20.207,3376.311,420.926,"block",37.386,4.814,0.046,0.038,8.848,0.961,220.609,0.648,15.782,0.002,0.368,0.129,151,5,NA,37,NA,"Mplus VERSION 7.3","b1_male_full_pulmonary_block.out","??",NA,NA," unshared\octomult_12aug2010.dat",NA,NA,-3335.57,6745.14,6856.779,6739.678,6770.02495575221,70.29,0.719,10.394
"b1","0.1",NA,NA,NA,"octo","02/24/2015"," 2:05 AM",TRUE,"male","full","pulmonary",9315.908,1306.548,20.72,2.647,3335.57,375.779,"proserecall",9.881,1.309,0.016,0.003,4.039,0.533,80.622,-0.432,16.019,0.039,0,0.226,153,5,NA,45,NA,"Mplus VERSION 5.21","b1_male_full_pulmonary_proserecall.out","??",NA,NA," C:\Users\novalis\Desktop\IALSA\octomult_12aug2010.dat",NA,NA,-3008.571,6107.143,6243.513,6101.085,6145.83458878505,38.99,0.075,13.23
"test","0.1",NA,NA,NA,"octo","02/25/2015"," 8:50 PM",TRUE,"new","model.out",NA,4.355,0.714,0.044,0.026,1.594,0.229,NA,2.728,1.697,0.109,0.059,7.07,1.485,1.077,-0.009,0.516,0.073,0.734,0.061,140,5,NA,37,NA,"Mplus VERSION 5.21","test_new_model.out","??",NA,NA," C:\Users\novalis\Desktop\IALSA\octomult_12aug2010.dat",NA,NA,-2017.373,4108.746,4217.587,4100.524,4136.31462745098,0.602,0.025,0.275
