,0.1,TRUE,TRUE,,elsa,,,,,,,,,,,,,,,,,,,,,,,,,,,,,,,,,,,,,,,
model_number,version,active,valid,best_in_gender,study_name,date,time,converged,subgroup,model_type,physical_outcome,var_int_physical,se_int_physical,var_slope_physical,se_slope_physical,var_residual_physical,se_residual_physical,cognitive_outcome,var_int_cog,se_int_cog,var_slope_cog,se_slope_cog,var_residual_cog,se_residual_cog,cov_int,cov_slope,cov_residual,p_cov_int,p_cov_slope,p_cov_res,subject_count,wave_count,datapoint_count,parameter_count,deviance,software,output_file,model_description,results_descriptions,notes,,,,
1,0.1,TRUE,TRUE,FALSE,elsa,26/02/2015,8:00,TRUE,Male,Age Conditional,Pulmonary Function,0.378,0.790,0.990,0.786,0.208,0.674,Knowledge,0.158,0.840,0.652,0.639,0.250,0.561,0.799,0.404,0.793,0.373,0.373,0.527,757,8,1180,22,1356,MPlus,m1_mlm growth wcovs_elsafull_redintxn.out,none yet,none yet,none yet,,,,
2,0.1,TRUE,TRUE,FALSE,elsa,27/02/2015,8:05,TRUE,Female,Age Conditional,Pulmonary Function,0.883,0.715,0.656,0.592,0.001,0.892,Knowledge,0.357,0.882,0.505,0.397,0.021,0.825,0.626,0.802,0.878,0.560,0.598,0.659,714,17,3503,27,2638,MPlus,m1_mlm growth wcovs_elsafull_redintxn.out,none yet,none yet,none yet,,,,
3,0.1,TRUE,TRUE,FALSE,elsa,28/02/2015,8:10,TRUE,Male,Age Conditional,Pulmonary Function,0.342,0.925,0.771,0.766,0.157,0.678,Reasoning Speed,0.219,0.593,0.645,0.314,0.559,0.930,0.152,0.911,0.285,0.434,0.372,0.566,675,11,2021,9,2703,MPlus,m1_mlm growth wcovs_elsafull_redintxn.out,none yet,none yet,none yet,,,,
4,0.1,TRUE,TRUE,FALSE,elsa,01/03/2015,8:15,TRUE,Female,Age Conditional,Pulmonary Function,0.960,0.855,0.408,0.058,0.337,0.886,Reasoning Speed,0.652,0.809,0.245,0.398,0.142,0.363,0.010,0.478,0.502,0.408,0.588,0.649,849,5,2490,12,3872,MPlus,m1_mlm growth wcovs_elsafull_redintxn.out,none yet,none yet,none yet,,,,
5,0.1,TRUE,TRUE,FALSE,elsa,02/03/2015,8:20,TRUE,Male,Age Conditional,Pulmonary Function,0.339,0.241,0.712,0.339,0.287,0.165, Visuospatial Ability,0.664,0.240,0.946,0.919,0.470,0.685,0.865,0.981,0.848,0.402,0.260,0.536,886,18,4096,30,4584,MPlus,m1_mlm growth wcovs_elsafull_redintxn.out,none yet,none yet,none yet,,,,
6,0.1,TRUE,TRUE,FALSE,elsa,03/03/2015,8:25,TRUE,Female,Age Conditional,Pulmonary Function,0.252,0.703,0.104,0.070,0.669,0.693, Visuospatial Ability,0.067,0.817,0.742,0.341,0.876,0.816,0.475,0.348,0.465,0.560,0.141,0.795,600,14,3082,23,5249,MPlus,m1_mlm growth wcovs_elsafull_redintxn.out,none yet,none yet,none yet,,,,
7,0.1,TRUE,TRUE,FALSE,elsa,04/03/2015,8:30,TRUE,Male,Age Conditional,Pulmonary Function,0.695,0.987,0.793,0.033,0.746,0.782, Executive Functioning,0.402,0.007,0.656,0.341,0.465,0.110,0.347,0.242,0.515,0.210,0.082,0.588,872,19,2725,20,3194,MPlus,m1_mlm growth wcovs_elsafull_redintxn.out,none yet,none yet,none yet,,,,
8,0.1,TRUE,TRUE,FALSE,elsa,05/03/2015,8:35,TRUE,Female,Age Conditional,Pulmonary Function,0.364,0.834,0.073,0.994,0.946,0.779, Executive Functioning,0.588,0.998,0.279,0.859,0.411,0.822,0.096,0.254,0.408,0.348,0.131,0.064,909,18,4994,9,5543,MPlus,m1_mlm growth wcovs_elsafull_redintxn.out,none yet,none yet,none yet,,,,
9,0.1,TRUE,TRUE,FALSE,elsa,06/03/2015,8:40,TRUE,Male,Age Conditional,Pulmonary Function,0.124,0.875,0.878,0.779,0.947,0.645, Mental Status,0.393,0.960,0.857,0.755,0.846,0.856,0.998,0.684,0.215,0.276,0.367,0.999,786,19,4295,29,3685,MPlus,m1_mlm growth wcovs_elsafull_redintxn.out,none yet,none yet,none yet,,,,
10,0.1,TRUE,TRUE,FALSE,elsa,07/03/2015,8:45,TRUE,Female,Age Conditional,Pulmonary Function,0.614,0.230,0.499,0.401,0.887,0.742, Mental Status,0.203,0.098,0.144,0.995,0.184,0.965,0.015,0.298,0.762,0.191,0.467,0.862,701,17,4330,7,2498,MPlus,m1_mlm growth wcovs_elsafull_redintxn.out,none yet,none yet,none yet,,,,
11,0.1,TRUE,TRUE,FALSE,elsa,08/03/2015,8:50,TRUE,Male,Age Conditional,Muscle Strength,0.649,0.765,0.496,0.661,0.271,0.060,Knowledge,0.144,0.557,0.709,0.144,0.146,0.854,0.124,0.524,0.212,0.343,0.698,0.399,585,15,2177,6,1937,MPlus,m1_mlm growth wcovs_elsafull_redintxn.out,none yet,none yet,none yet,,,,
12,0.1,TRUE,TRUE,FALSE,elsa,09/03/2015,8:55,TRUE,Female,Age Conditional,Muscle Strength,0.419,0.336,0.853,0.670,0.556,0.045,Knowledge,0.526,0.530,0.998,0.389,0.716,0.896,0.277,0.311,0.846,0.604,0.924,0.178,533,11,3292,21,4978,MPlus,m1_mlm growth wcovs_elsafull_redintxn.out,none yet,none yet,none yet,,,,
13,0.1,TRUE,TRUE,FALSE,elsa,10/03/2015,9:00,TRUE,Male,Age Conditional,Muscle Strength,0.689,0.119,0.688,0.964,0.788,0.200,Reasoning Speed,0.803,0.779,0.249,0.418,0.822,0.184,0.329,0.005,0.144,0.710,0.785,0.420,707,7,3471,25,1885,MPlus,m1_mlm growth wcovs_elsafull_redintxn.out,none yet,none yet,none yet,,,,
14,0.1,TRUE,TRUE,FALSE,elsa,11/03/2015,9:05,TRUE,Female,Age Conditional,Muscle Strength,0.114,0.174,0.790,0.993,0.388,0.392,Reasoning Speed,0.851,0.443,0.520,0.923,0.000,0.086,0.456,0.932,0.966,0.033,0.377,0.244,873,6,1132,5,3518,MPlus,m1_mlm growth wcovs_elsafull_redintxn.out,none yet,none yet,none yet,,,,
15,0.1,TRUE,TRUE,FALSE,elsa,12/03/2015,9:10,TRUE,Male,Age Conditional,Muscle Strength,0.828,0.640,0.666,0.052,0.665,0.401, Visuospatial Ability,0.717,0.457,0.151,0.481,0.071,0.483,0.709,0.201,0.648,0.417,0.033,0.816,674,7,2885,7,3610,MPlus,m1_mlm growth wcovs_elsafull_redintxn.out,none yet,none yet,none yet,,,,
16,0.1,TRUE,TRUE,FALSE,elsa,13/03/2015,9:15,TRUE,Female,Age Conditional,Muscle Strength,0.707,0.467,0.051,0.704,0.753,0.863, Visuospatial Ability,0.220,0.548,0.928,0.667,0.807,0.682,0.858,0.554,0.177,0.591,0.743,0.133,538,11,1846,15,1623,MPlus,m1_mlm growth wcovs_elsafull_redintxn.out,none yet,none yet,none yet,,,,
17,0.1,TRUE,TRUE,FALSE,elsa,14/03/2015,9:20,TRUE,Male,Age Conditional,Muscle Strength,0.672,0.010,0.547,0.339,0.785,0.549, Executive Functioning,0.302,0.694,0.166,0.082,0.339,0.643,0.311,0.652,0.263,0.601,0.847,0.732,797,5,3926,20,4896,MPlus,m1_mlm growth wcovs_elsafull_redintxn.out,none yet,none yet,none yet,,,,
18,0.1,TRUE,TRUE,FALSE,elsa,15/03/2015,9:25,TRUE,Female,Age Conditional,Muscle Strength,0.337,0.193,0.585,0.428,0.345,0.763, Executive Functioning,0.135,0.220,0.790,0.868,0.924,0.757,0.134,0.904,0.190,0.942,0.188,0.032,945,20,3032,16,4880,MPlus,m1_mlm growth wcovs_elsafull_redintxn.out,none yet,none yet,none yet,,,,
19,0.1,TRUE,TRUE,FALSE,elsa,16/03/2015,9:30,TRUE,Male,Age Conditional,Muscle Strength,0.705,0.911,0.587,0.449,0.121,0.783, Mental Status,0.999,0.457,0.201,0.501,0.918,0.937,0.658,0.151,0.188,0.217,0.768,0.924,980,5,3801,30,3538,MPlus,m1_mlm growth wcovs_elsafull_redintxn.out,none yet,none yet,none yet,,,,
20,0.1,TRUE,TRUE,FALSE,elsa,17/03/2015,9:35,TRUE,Female,Age Conditional,Muscle Strength,0.759,0.768,0.162,0.686,0.762,0.239, Mental Status,0.702,0.489,0.994,0.744,0.922,0.926,0.214,0.675,0.903,0.094,0.281,0.181,695,7,4624,17,861,MPlus,m1_mlm growth wcovs_elsafull_redintxn.out,none yet,none yet,none yet,,,,
21,0.1,TRUE,TRUE,FALSE,elsa,18/03/2015,9:40,TRUE,Male,Age Conditional,Walking Speed Time,0.505,0.191,0.060,0.125,0.134,0.466,Knowledge,0.059,0.442,0.435,0.305,0.017,0.940,0.658,0.744,0.827,0.401,0.255,0.704,614,16,2877,23,4141,MPlus,m1_mlm growth wcovs_elsafull_redintxn.out,none yet,none yet,none yet,,,,
22,0.1,TRUE,TRUE,FALSE,elsa,19/03/2015,9:45,TRUE,Female,Age Conditional,Walking Speed Time,0.279,0.056,0.870,0.171,0.263,0.447,Knowledge,0.452,0.247,0.231,0.739,0.956,0.921,0.635,0.993,0.480,0.977,0.330,0.940,740,18,3991,18,3234,MPlus,m1_mlm growth wcovs_elsafull_redintxn.out,none yet,none yet,none yet,,,,
23,0.1,TRUE,TRUE,FALSE,elsa,20/03/2015,9:50,TRUE,Male,Age Conditional,Walking Speed Time,0.537,0.418,0.837,0.645,0.466,0.316,Reasoning Speed,0.429,0.054,0.811,0.184,0.823,0.856,0.269,0.416,0.451,0.284,0.685,0.173,722,6,2290,14,5309,MPlus,m1_mlm growth wcovs_elsafull_redintxn.out,none yet,none yet,none yet,,,,
24,0.1,TRUE,TRUE,FALSE,elsa,21/03/2015,9:55,TRUE,Female,Age Conditional,Walking Speed Time,0.441,0.990,0.729,0.627,0.506,0.218,Reasoning Speed,0.494,0.379,0.176,0.768,0.367,0.871,0.969,0.444,0.191,0.706,0.455,0.468,941,16,1735,11,5945,MPlus,m1_mlm growth wcovs_elsafull_redintxn.out,none yet,none yet,none yet,,,,
25,0.1,TRUE,TRUE,FALSE,elsa,22/03/2015,10:00,TRUE,Male,Age Conditional,Walking Speed Time,0.708,0.344,0.005,0.735,0.043,0.683, Visuospatial Ability,0.980,0.223,0.161,0.791,0.079,0.872,0.349,0.174,0.677,0.030,0.730,0.550,948,8,4106,11,772,MPlus,m1_mlm growth wcovs_elsafull_redintxn.out,none yet,none yet,none yet,,,,
26,0.1,TRUE,TRUE,FALSE,elsa,23/03/2015,10:05,TRUE,Female,Age Conditional,Walking Speed Time,0.822,0.931,0.890,0.291,0.944,0.094, Visuospatial Ability,0.473,0.131,0.269,0.185,0.961,0.667,0.083,0.731,0.090,0.245,0.550,0.766,877,11,3521,20,2812,MPlus,m1_mlm growth wcovs_elsafull_redintxn.out,none yet,none yet,none yet,,,,
27,0.1,TRUE,TRUE,FALSE,elsa,24/03/2015,10:10,TRUE,Male,Age Conditional,Walking Speed Time,0.041,0.456,0.580,0.965,0.265,0.811, Executive Functioning,0.120,0.752,0.409,0.411,0.122,0.922,0.580,0.638,0.462,0.597,0.773,0.480,999,14,3563,29,4251,MPlus,m1_mlm growth wcovs_elsafull_redintxn.out,none yet,none yet,none yet,,,,
28,0.1,TRUE,TRUE,FALSE,elsa,25/03/2015,10:15,TRUE,Female,Age Conditional,Walking Speed Time,0.231,0.793,0.255,0.936,0.384,0.685, Executive Functioning,0.806,0.534,0.872,0.447,0.937,0.712,0.826,0.823,0.470,0.928,0.872,0.440,518,16,2472,7,2443,MPlus,m1_mlm growth wcovs_elsafull_redintxn.out,none yet,none yet,none yet,,,,
29,0.1,TRUE,TRUE,FALSE,elsa,26/03/2015,10:20,TRUE,Male,Age Conditional,Walking Speed Time,0.161,0.939,0.089,0.353,0.512,0.765, Mental Status,0.826,0.303,0.365,0.318,0.936,0.647,0.621,0.737,0.108,0.864,0.510,0.761,930,17,3081,22,4232,MPlus,m1_mlm growth wcovs_elsafull_redintxn.out,none yet,none yet,none yet,,,,
30,0.1,TRUE,TRUE,FALSE,elsa,27/03/2015,10:25,TRUE,Female,Age Conditional,Walking Speed Time,0.006,0.213,0.048,0.580,0.040,0.737, Mental Status,0.620,0.577,0.794,0.978,0.660,0.438,0.049,0.452,0.647,0.343,0.544,0.353,695,18,3558,25,2151,MPlus,m1_mlm growth wcovs_elsafull_redintxn.out,none yet,none yet,none yet,,,,
31,0.1,TRUE,TRUE,FALSE,elsa,28/03/2015,10:30,TRUE,Male,Age Conditional,Chair Rise Rime,0.142,0.108,0.261,0.693,0.072,0.582,Knowledge,0.705,0.730,0.904,0.041,0.280,0.008,0.080,0.077,0.387,0.119,0.807,0.945,604,8,3914,14,1024,MPlus,m1_mlm growth wcovs_elsafull_redintxn.out,none yet,none yet,none yet,,,,
32,0.1,TRUE,TRUE,FALSE,elsa,29/03/2015,10:35,TRUE,Female,Age Conditional,Chair Rise Rime,0.017,0.828,0.481,0.754,0.066,0.966,Knowledge,0.162,0.036,0.795,0.561,0.544,0.200,0.962,0.884,0.626,0.322,0.338,0.262,954,9,541,21,3762,MPlus,m1_mlm growth wcovs_elsafull_redintxn.out,none yet,none yet,none yet,,,,
33,0.1,TRUE,TRUE,FALSE,elsa,30/03/2015,10:40,TRUE,Male,Age Conditional,Chair Rise Rime,0.963,0.376,0.932,0.216,0.651,0.762,Reasoning Speed,0.595,0.679,0.151,0.012,0.167,0.146,0.337,0.671,0.177,0.980,0.412,0.321,796,9,1228,29,4193,MPlus,m1_mlm growth wcovs_elsafull_redintxn.out,none yet,none yet,none yet,,,,
34,0.1,TRUE,TRUE,FALSE,elsa,31/03/2015,10:45,TRUE,Female,Age Conditional,Chair Rise Rime,0.943,0.314,0.743,0.976,0.994,0.441,Reasoning Speed,0.218,0.023,0.204,0.085,0.558,0.671,0.276,0.648,0.402,0.906,0.982,0.382,731,7,4006,27,1479,MPlus,m1_mlm growth wcovs_elsafull_redintxn.out,none yet,none yet,none yet,,,,
35,0.1,TRUE,TRUE,FALSE,elsa,01/04/2015,10:50,TRUE,Male,Age Conditional,Chair Rise Rime,0.091,0.838,0.169,0.813,0.568,0.189, Visuospatial Ability,0.302,0.536,0.366,0.567,0.714,0.277,0.786,0.924,0.460,0.587,0.894,0.684,938,10,3145,7,980,MPlus,m1_mlm growth wcovs_elsafull_redintxn.out,none yet,none yet,none yet,,,,
36,0.1,TRUE,TRUE,FALSE,elsa,02/04/2015,10:55,TRUE,Female,Age Conditional,Chair Rise Rime,0.714,0.905,0.579,0.338,0.994,0.531, Visuospatial Ability,0.337,0.073,0.784,0.578,0.413,0.673,0.397,0.386,0.168,0.876,0.752,0.285,703,20,602,5,4781,MPlus,m1_mlm growth wcovs_elsafull_redintxn.out,none yet,none yet,none yet,,,,
37,0.1,TRUE,TRUE,FALSE,elsa,03/04/2015,11:00,TRUE,Male,Age Conditional,Chair Rise Rime,0.312,0.286,0.740,0.024,0.093,0.049, Executive Functioning,0.394,0.033,0.397,0.716,0.241,0.231,0.420,0.868,0.951,0.215,0.627,0.909,795,13,511,12,885,MPlus,m1_mlm growth wcovs_elsafull_redintxn.out,none yet,none yet,none yet,,,,
38,0.1,TRUE,TRUE,FALSE,elsa,04/04/2015,11:05,TRUE,Female,Age Conditional,Chair Rise Rime,0.510,0.661,0.367,0.138,0.083,0.346, Executive Functioning,0.623,0.305,0.002,0.671,0.884,0.901,0.209,0.081,0.708,0.226,0.848,0.772,695,10,1202,26,5663,MPlus,m1_mlm growth wcovs_elsafull_redintxn.out,none yet,none yet,none yet,,,,
39,0.1,TRUE,TRUE,FALSE,elsa,05/04/2015,11:10,TRUE,Male,Age Conditional,Chair Rise Rime,0.533,0.936,0.299,0.923,0.176,0.026, Mental Status,0.449,0.242,0.767,0.191,0.368,0.802,0.233,0.284,0.678,0.655,0.390,0.583,719,9,3446,20,2520,MPlus,m1_mlm growth wcovs_elsafull_redintxn.out,none yet,none yet,none yet,,,,
40,0.1,TRUE,TRUE,FALSE,elsa,06/04/2015,11:15,TRUE,Female,Age Conditional,Chair Rise Rime,0.720,0.519,0.373,0.766,0.105,0.964, Mental Status,0.586,0.860,0.517,0.569,0.352,0.205,0.193,0.494,0.022,0.817,0.362,0.177,665,9,3618,19,2174,MPlus,m1_mlm growth wcovs_elsafull_redintxn.out,none yet,none yet,none yet,,,,
41,0.1,TRUE,TRUE,FALSE,elsa,07/04/2015,11:20,TRUE,Male,Age Conditional,Flamingo Stand Time,0.833,0.210,0.403,0.302,0.131,0.801,Knowledge,0.674,0.597,0.607,0.672,0.654,0.367,0.624,0.601,0.403,0.278,0.617,0.895,821,16,602,12,5151,MPlus,m1_mlm growth wcovs_elsafull_redintxn.out,none yet,none yet,none yet,,,,
42,0.1,TRUE,TRUE,FALSE,elsa,08/04/2015,11:25,TRUE,Female,Age Conditional,Flamingo Stand Time,0.864,0.041,0.975,0.446,0.534,0.454,Knowledge,0.959,0.064,0.917,0.648,0.308,0.798,0.768,0.912,0.006,0.312,0.874,0.465,897,8,3067,17,1347,MPlus,m1_mlm growth wcovs_elsafull_redintxn.out,none yet,none yet,none yet,,,,
43,0.1,TRUE,TRUE,FALSE,elsa,09/04/2015,11:30,TRUE,Male,Age Conditional,Flamingo Stand Time,0.591,0.529,0.271,0.442,0.914,0.741,Reasoning Speed,0.009,0.701,0.903,0.179,0.255,0.548,0.724,0.720,0.582,0.423,0.469,0.992,754,5,2218,30,3522,MPlus,m1_mlm growth wcovs_elsafull_redintxn.out,none yet,none yet,none yet,,,,
44,0.1,TRUE,TRUE,FALSE,elsa,10/04/2015,11:35,TRUE,Female,Age Conditional,Flamingo Stand Time,0.311,0.861,0.764,0.835,0.548,0.272,Reasoning Speed,0.710,0.348,0.492,0.956,0.998,0.688,0.028,0.975,0.223,0.923,0.484,0.527,851,12,528,16,3749,MPlus,m1_mlm growth wcovs_elsafull_redintxn.out,none yet,none yet,none yet,,,,
45,0.1,TRUE,TRUE,FALSE,elsa,11/04/2015,11:40,TRUE,Male,Age Conditional,Flamingo Stand Time,0.265,0.847,0.933,0.311,0.038,0.315, Visuospatial Ability,0.561,0.565,0.756,0.846,0.956,0.924,0.386,0.028,0.142,0.114,0.526,0.178,630,6,4022,27,3566,MPlus,m1_mlm growth wcovs_elsafull_redintxn.out,none yet,none yet,none yet,,,,
46,0.1,TRUE,TRUE,FALSE,elsa,12/04/2015,11:45,TRUE,Female,Age Conditional,Flamingo Stand Time,0.650,0.235,0.390,0.521,0.423,0.325, Visuospatial Ability,0.763,0.043,0.954,0.523,0.167,0.189,0.487,0.491,0.073,0.325,0.907,0.361,927,20,3317,18,5868,MPlus,m1_mlm growth wcovs_elsafull_redintxn.out,none yet,none yet,none yet,,,,
47,0.1,TRUE,TRUE,FALSE,elsa,13/04/2015,11:50,TRUE,Male,Age Conditional,Flamingo Stand Time,0.476,0.533,0.459,0.380,0.915,0.027, Executive Functioning,0.609,0.853,0.689,0.677,0.929,0.256,0.115,0.745,0.028,0.200,0.890,0.928,593,12,1246,21,4183,MPlus,m1_mlm growth wcovs_elsafull_redintxn.out,none yet,none yet,none yet,,,,
48,0.1,TRUE,TRUE,FALSE,elsa,14/04/2015,11:55,TRUE,Female,Age Conditional,Flamingo Stand Time,0.638,0.962,0.809,0.565,0.860,0.600, Executive Functioning,0.995,0.970,0.341,0.089,0.161,0.845,0.215,0.873,0.727,0.618,0.584,0.733,834,9,2118,19,3715,MPlus,m1_mlm growth wcovs_elsafull_redintxn.out,none yet,none yet,none yet,,,,
49,0.1,TRUE,TRUE,FALSE,elsa,15/04/2015,12:00,TRUE,Male,Age Conditional,Flamingo Stand Time,0.798,0.707,0.663,0.154,0.813,0.299, Mental Status,0.033,0.347,0.962,0.437,0.667,0.068,0.872,0.054,0.604,0.252,0.992,0.415,734,17,3525,30,1584,MPlus,m1_mlm growth wcovs_elsafull_redintxn.out,none yet,none yet,none yet,,,,
50,0.1,TRUE,TRUE,FALSE,elsa,16/04/2015,12:05,TRUE,Female,Age Conditional,Flamingo Stand Time,0.433,0.397,0.515,0.496,0.793,0.599, Mental Status,0.078,0.256,0.500,0.670,0.193,0.991,0.059,0.180,0.034,0.757,0.254,0.497,541,17,766,28,4504,MPlus,m1_mlm growth wcovs_elsafull_redintxn.out,none yet,none yet,none yet,,,,
51,0.1,TRUE,TRUE,FALSE,elsa,17/04/2015,12:10,TRUE,Male,Age Conditional,Summary Measures,0.303,0.158,0.947,0.217,0.637,0.619,Knowledge,0.412,0.432,0.197,0.821,0.606,0.889,0.740,0.435,0.353,0.349,0.511,0.476,714,17,4280,9,1961,MPlus,m1_mlm growth wcovs_elsafull_redintxn.out,none yet,none yet,none yet,,,,
52,0.1,TRUE,TRUE,FALSE,elsa,18/04/2015,12:15,TRUE,Female,Age Conditional,Summary Measures,0.251,0.549,0.778,0.797,0.717,0.786,Knowledge,0.484,0.276,0.832,0.145,0.148,0.182,0.364,0.414,0.564,0.982,0.615,0.562,739,17,1173,14,5292,MPlus,m1_mlm growth wcovs_elsafull_redintxn.out,none yet,none yet,none yet,,,,
53,0.1,TRUE,TRUE,FALSE,elsa,19/04/2015,12:20,TRUE,Male,Age Conditional,Summary Measures,0.945,0.331,0.931,0.607,0.286,0.248,Reasoning Speed,0.741,0.881,0.172,0.407,0.874,0.824,0.382,0.708,0.759,0.931,0.623,0.806,856,11,4402,10,4508,MPlus,m1_mlm growth wcovs_elsafull_redintxn.out,none yet,none yet,none yet,,,,
54,0.1,TRUE,TRUE,FALSE,elsa,20/04/2015,12:25,TRUE,Female,Age Conditional,Summary Measures,0.030,0.318,0.059,0.488,0.864,0.324,Reasoning Speed,0.658,0.259,0.599,0.792,0.663,0.080,0.371,0.896,0.055,0.198,0.952,0.345,869,6,1397,22,4887,MPlus,m1_mlm growth wcovs_elsafull_redintxn.out,none yet,none yet,none yet,,,,
55,0.1,TRUE,TRUE,FALSE,elsa,21/04/2015,12:30,TRUE,Male,Age Conditional,Summary Measures,0.931,0.181,0.149,0.548,0.126,0.000, Visuospatial Ability,0.719,0.535,0.949,0.027,0.769,0.122,0.966,0.114,0.217,0.301,0.469,0.832,506,10,4346,5,3513,MPlus,m1_mlm growth wcovs_elsafull_redintxn.out,none yet,none yet,none yet,,,,
56,0.1,TRUE,TRUE,FALSE,elsa,22/04/2015,12:35,TRUE,Female,Age Conditional,Summary Measures,0.032,0.780,0.997,0.204,0.562,0.453, Visuospatial Ability,0.596,0.972,0.457,0.773,0.912,0.057,0.627,0.492,0.348,0.505,0.687,0.111,816,16,4465,12,5480,MPlus,m1_mlm growth wcovs_elsafull_redintxn.out,none yet,none yet,none yet,,,,
57,0.1,TRUE,TRUE,FALSE,elsa,23/04/2015,12:40,TRUE,Male,Age Conditional,Summary Measures,0.146,0.779,0.516,0.856,0.885,0.558, Executive Functioning,0.410,0.694,0.712,0.498,0.002,0.578,0.871,0.228,0.037,0.785,0.541,0.484,793,15,3296,10,4645,MPlus,m1_mlm growth wcovs_elsafull_redintxn.out,none yet,none yet,none yet,,,,
58,0.1,TRUE,TRUE,FALSE,elsa,24/04/2015,12:45,TRUE,Female,Age Conditional,Summary Measures,0.674,0.424,0.004,0.859,0.026,0.878, Executive Functioning,0.470,0.993,0.663,0.563,0.851,0.371,0.074,0.913,0.378,0.412,0.615,0.294,607,6,4977,5,5578,MPlus,m1_mlm growth wcovs_elsafull_redintxn.out,none yet,none yet,none yet,,,,
59,0.1,TRUE,TRUE,FALSE,elsa,25/04/2015,12:50,TRUE,Male,Age Conditional,Summary Measures,0.738,0.646,0.476,0.251,0.940,0.854, Mental Status,0.762,0.579,0.769,0.701,0.411,0.136,0.115,0.672,0.893,0.285,0.434,0.564,800,12,1112,7,2663,MPlus,m1_mlm growth wcovs_elsafull_redintxn.out,none yet,none yet,none yet,,,,
60,0.1,TRUE,TRUE,FALSE,elsa,26/04/2015,12:55,TRUE,Female,Age Conditional,Summary Measures,0.747,0.012,0.346,0.032,0.582,0.352, Mental Status,0.145,0.068,0.700,0.371,0.587,0.378,0.415,0.815,0.649,0.549,0.620,0.352,722,11,3253,14,1305,MPlus,m1_mlm growth wcovs_elsafull_redintxn.out,none yet,none yet,none yet,,,,
61,0.1,TRUE,TRUE,FALSE,elsa,27/04/2015,13:00,TRUE,Male,Full Conditional,Pulmonary Function,0.377,0.116,0.170,0.072,0.911,0.854,Knowledge,0.465,0.004,0.133,0.616,0.006,0.319,0.396,0.088,0.050,0.065,0.503,0.982,755,17,2599,8,5359,MPlus,m1_mlm growth wcovs_elsafull_redintxn.out,none yet,none yet,none yet,,,,
62,0.1,TRUE,TRUE,FALSE,elsa,28/04/2015,13:05,TRUE,Female,Full Conditional,Pulmonary Function,0.657,0.308,0.258,0.296,0.271,0.916,Knowledge,0.920,0.315,0.350,0.072,0.171,0.427,0.120,0.447,0.941,0.171,0.260,0.332,541,11,4546,14,3529,MPlus,m1_mlm growth wcovs_elsafull_redintxn.out,none yet,none yet,none yet,,,,
63,0.1,TRUE,TRUE,FALSE,elsa,29/04/2015,13:10,TRUE,Male,Full Conditional,Pulmonary Function,0.163,0.064,0.624,0.452,0.650,0.137,Reasoning Speed,0.895,0.343,0.613,0.079,0.934,0.241,0.590,0.635,0.953,0.479,0.119,0.885,743,7,2293,6,2516,MPlus,m1_mlm growth wcovs_elsafull_redintxn.out,none yet,none yet,none yet,,,,
64,0.1,TRUE,TRUE,FALSE,elsa,30/04/2015,13:15,TRUE,Female,Full Conditional,Pulmonary Function,0.888,0.040,0.183,0.168,0.093,0.971,Reasoning Speed,0.796,0.849,0.646,0.012,0.182,0.381,0.145,0.593,0.353,0.536,0.719,0.406,832,18,1978,13,4014,MPlus,m1_mlm growth wcovs_elsafull_redintxn.out,none yet,none yet,none yet,,,,
65,0.1,TRUE,TRUE,FALSE,elsa,01/05/2015,13:20,TRUE,Male,Full Conditional,Pulmonary Function,0.421,0.195,0.274,0.298,0.543,0.336, Visuospatial Ability,0.489,0.478,0.228,0.181,0.217,0.257,0.913,0.827,0.768,0.342,0.069,0.180,900,19,768,13,1729,MPlus,m1_mlm growth wcovs_elsafull_redintxn.out,none yet,none yet,none yet,,,,
66,0.1,TRUE,TRUE,FALSE,elsa,02/05/2015,13:25,TRUE,Female,Full Conditional,Pulmonary Function,0.170,0.207,0.190,0.204,0.758,0.653, Visuospatial Ability,0.908,0.153,0.366,0.270,0.417,0.538,0.001,0.948,0.729,0.514,0.045,0.056,782,10,4268,18,4110,MPlus,m1_mlm growth wcovs_elsafull_redintxn.out,none yet,none yet,none yet,,,,
67,0.1,TRUE,TRUE,FALSE,elsa,03/05/2015,13:30,TRUE,Male,Full Conditional,Pulmonary Function,0.713,0.745,0.666,0.532,0.239,0.149, Executive Functioning,0.803,0.083,0.167,0.479,0.991,0.359,0.671,0.033,0.190,0.044,0.915,0.718,556,7,3769,19,5999,MPlus,m1_mlm growth wcovs_elsafull_redintxn.out,none yet,none yet,none yet,,,,
68,0.1,TRUE,TRUE,FALSE,elsa,04/05/2015,13:35,TRUE,Female,Full Conditional,Pulmonary Function,0.548,0.019,0.795,0.139,0.523,0.444, Executive Functioning,0.633,0.722,0.291,0.034,0.520,0.925,0.037,0.541,0.872,0.896,0.493,0.713,859,20,4428,20,819,MPlus,m1_mlm growth wcovs_elsafull_redintxn.out,none yet,none yet,none yet,,,,
69,0.1,TRUE,TRUE,FALSE,elsa,05/05/2015,13:40,TRUE,Male,Full Conditional,Pulmonary Function,0.820,0.470,0.753,0.831,0.599,0.966, Mental Status,0.455,0.443,0.869,0.280,0.585,0.186,0.917,0.811,0.528,0.261,0.661,0.483,855,9,1928,25,4794,MPlus,m1_mlm growth wcovs_elsafull_redintxn.out,none yet,none yet,none yet,,,,
70,0.1,TRUE,TRUE,FALSE,elsa,06/05/2015,13:45,TRUE,Female,Full Conditional,Pulmonary Function,0.266,0.629,0.998,0.976,0.885,0.581, Mental Status,0.329,0.338,0.792,0.980,0.462,0.650,0.827,0.269,0.313,0.037,0.191,0.833,682,19,2613,7,2375,MPlus,m1_mlm growth wcovs_elsafull_redintxn.out,none yet,none yet,none yet,,,,
71,0.1,TRUE,TRUE,FALSE,elsa,07/05/2015,13:50,TRUE,Male,Full Conditional,Muscle Strength,0.765,0.892,0.851,0.097,0.477,0.039,Knowledge,0.913,0.456,0.156,0.776,0.765,0.066,0.918,0.087,0.283,0.754,0.698,0.882,847,11,3418,21,971,MPlus,m1_mlm growth wcovs_elsafull_redintxn.out,none yet,none yet,none yet,,,,
72,0.1,TRUE,TRUE,FALSE,elsa,08/05/2015,13:55,TRUE,Female,Full Conditional,Muscle Strength,0.744,0.083,0.389,0.445,0.043,0.264,Knowledge,0.618,0.039,0.883,0.097,0.229,0.064,0.029,0.695,0.151,0.647,0.225,0.337,888,19,2250,21,2019,MPlus,m1_mlm growth wcovs_elsafull_redintxn.out,none yet,none yet,none yet,,,,
73,0.1,TRUE,TRUE,FALSE,elsa,09/05/2015,14:00,TRUE,Male,Full Conditional,Muscle Strength,0.004,0.456,0.382,0.953,0.303,0.975,Reasoning Speed,0.475,0.550,0.461,0.052,0.047,0.110,0.326,0.375,0.462,0.333,0.773,0.290,618,19,2245,19,4182,MPlus,m1_mlm growth wcovs_elsafull_redintxn.out,none yet,none yet,none yet,,,,
74,0.1,TRUE,TRUE,FALSE,elsa,10/05/2015,14:05,TRUE,Female,Full Conditional,Muscle Strength,0.226,0.683,0.487,0.621,0.249,0.365,Reasoning Speed,0.612,0.371,0.040,0.174,0.503,0.304,0.011,0.520,0.501,0.726,0.941,0.682,929,6,3247,24,4991,MPlus,m1_mlm growth wcovs_elsafull_redintxn.out,none yet,none yet,none yet,,,,
75,0.1,TRUE,TRUE,FALSE,elsa,11/05/2015,14:10,TRUE,Male,Full Conditional,Muscle Strength,0.682,0.425,0.103,0.497,0.504,0.854, Visuospatial Ability,0.103,0.512,0.114,0.855,0.971,0.238,0.787,0.835,0.991,0.917,0.538,0.433,971,15,4458,20,4758,MPlus,m1_mlm growth wcovs_elsafull_redintxn.out,none yet,none yet,none yet,,,,
76,0.1,TRUE,TRUE,FALSE,elsa,12/05/2015,14:15,TRUE,Female,Full Conditional,Muscle Strength,0.101,0.739,0.190,0.838,0.677,0.920, Visuospatial Ability,0.300,0.343,0.288,0.457,0.860,0.661,0.048,0.474,0.956,0.251,0.829,0.944,737,15,4118,14,2262,MPlus,m1_mlm growth wcovs_elsafull_redintxn.out,none yet,none yet,none yet,,,,
77,0.1,TRUE,TRUE,FALSE,elsa,13/05/2015,14:20,TRUE,Male,Full Conditional,Muscle Strength,0.043,0.816,0.159,0.095,0.658,0.057, Executive Functioning,0.883,0.109,0.159,0.504,0.748,0.385,0.444,0.939,0.885,0.494,0.542,0.982,905,10,3020,20,2718,MPlus,m1_mlm growth wcovs_elsafull_redintxn.out,none yet,none yet,none yet,,,,
78,0.1,TRUE,TRUE,FALSE,elsa,14/05/2015,14:25,TRUE,Female,Full Conditional,Muscle Strength,0.021,0.509,0.395,0.394,0.158,0.889, Executive Functioning,0.768,0.869,0.030,0.656,0.770,0.721,0.097,0.191,0.890,0.052,0.244,0.251,570,9,1504,21,3165,MPlus,m1_mlm growth wcovs_elsafull_redintxn.out,none yet,none yet,none yet,,,,
79,0.1,TRUE,TRUE,FALSE,elsa,15/05/2015,14:30,TRUE,Male,Full Conditional,Muscle Strength,0.598,0.140,0.567,0.195,0.521,0.164, Mental Status,0.003,0.839,0.248,0.862,0.057,0.127,0.216,0.202,0.252,0.179,0.948,0.249,752,13,2334,13,5735,MPlus,m1_mlm growth wcovs_elsafull_redintxn.out,none yet,none yet,none yet,,,,
80,0.1,TRUE,TRUE,FALSE,elsa,16/05/2015,14:35,TRUE,Female,Full Conditional,Muscle Strength,0.017,0.399,0.855,0.422,0.464,0.430, Mental Status,0.256,0.040,0.923,0.950,0.248,0.696,0.888,0.600,0.606,0.035,0.333,0.164,784,7,1294,14,4834,MPlus,m1_mlm growth wcovs_elsafull_redintxn.out,none yet,none yet,none yet,,,,
81,0.1,TRUE,TRUE,FALSE,elsa,17/05/2015,14:40,TRUE,Male,Full Conditional,Walking Speed Time,0.896,0.039,0.614,0.085,0.525,0.109,Knowledge,0.895,0.375,0.013,0.995,0.778,0.238,0.330,0.125,0.124,0.216,0.388,0.198,738,8,2508,19,3342,MPlus,m1_mlm growth wcovs_elsafull_redintxn.out,none yet,none yet,none yet,,,,
82,0.1,TRUE,TRUE,FALSE,elsa,18/05/2015,14:45,TRUE,Female,Full Conditional,Walking Speed Time,0.250,0.309,0.222,0.727,0.929,0.297,Knowledge,0.608,0.865,0.034,0.891,0.576,0.243,0.678,0.146,0.291,0.970,0.556,0.410,567,14,3132,16,2749,MPlus,m1_mlm growth wcovs_elsafull_redintxn.out,none yet,none yet,none yet,,,,
83,0.1,TRUE,TRUE,FALSE,elsa,19/05/2015,14:50,TRUE,Male,Full Conditional,Walking Speed Time,0.162,0.961,0.290,0.640,0.204,0.882,Reasoning Speed,0.452,0.571,0.110,0.966,0.694,0.557,0.858,0.591,0.412,0.912,0.591,0.875,970,20,1089,19,2233,MPlus,m1_mlm growth wcovs_elsafull_redintxn.out,none yet,none yet,none yet,,,,
84,0.1,TRUE,TRUE,FALSE,elsa,20/05/2015,14:55,TRUE,Female,Full Conditional,Walking Speed Time,0.565,0.003,0.196,0.109,0.923,0.291,Reasoning Speed,0.180,0.820,0.286,0.355,0.159,0.105,0.804,0.970,0.807,0.113,0.141,0.220,614,6,1216,8,5520,MPlus,m1_mlm growth wcovs_elsafull_redintxn.out,none yet,none yet,none yet,,,,
85,0.1,TRUE,TRUE,FALSE,elsa,21/05/2015,15:00,TRUE,Male,Full Conditional,Walking Speed Time,0.081,0.579,0.987,0.516,0.864,0.971, Visuospatial Ability,0.467,0.591,0.907,0.813,0.794,0.327,0.193,0.203,0.935,0.584,0.919,0.092,592,13,1955,8,3489,MPlus,m1_mlm growth wcovs_elsafull_redintxn.out,none yet,none yet,none yet,,,,
86,0.1,TRUE,TRUE,FALSE,elsa,22/05/2015,15:05,TRUE,Female,Full Conditional,Walking Speed Time,0.819,0.323,0.318,0.745,0.601,0.908, Visuospatial Ability,0.861,0.191,0.238,0.058,0.150,0.738,0.301,0.288,0.648,0.278,0.504,0.514,796,7,1118,5,5687,MPlus,m1_mlm growth wcovs_elsafull_redintxn.out,none yet,none yet,none yet,,,,
87,0.1,TRUE,TRUE,FALSE,elsa,23/05/2015,15:10,TRUE,Male,Full Conditional,Walking Speed Time,0.185,0.941,0.148,0.318,0.318,0.345, Executive Functioning,0.681,0.893,0.891,0.089,0.613,0.425,0.778,0.910,0.603,0.220,0.166,0.037,705,10,2324,6,5398,MPlus,m1_mlm growth wcovs_elsafull_redintxn.out,none yet,none yet,none yet,,,,
88,0.1,TRUE,TRUE,FALSE,elsa,24/05/2015,15:15,TRUE,Female,Full Conditional,Walking Speed Time,0.543,0.431,0.813,0.161,0.539,0.595, Executive Functioning,0.530,0.942,0.434,0.790,0.523,0.515,0.489,0.376,0.808,0.080,0.682,0.860,724,9,2663,8,3811,MPlus,m1_mlm growth wcovs_elsafull_redintxn.out,none yet,none yet,none yet,,,,
89,0.1,TRUE,TRUE,FALSE,elsa,25/05/2015,15:20,TRUE,Male,Full Conditional,Walking Speed Time,0.346,0.201,0.641,0.092,0.336,0.502, Mental Status,0.195,0.907,0.848,0.420,0.933,0.567,0.200,0.729,0.310,0.115,0.532,0.390,514,19,2405,6,5556,MPlus,m1_mlm growth wcovs_elsafull_redintxn.out,none yet,none yet,none yet,,,,
90,0.1,TRUE,TRUE,FALSE,elsa,26/05/2015,15:25,TRUE,Female,Full Conditional,Walking Speed Time,0.975,0.182,0.419,0.037,0.516,0.129, Mental Status,0.969,0.156,0.462,0.197,0.774,0.283,0.405,0.001,0.920,0.817,0.746,0.163,590,10,4432,18,2696,MPlus,m1_mlm growth wcovs_elsafull_redintxn.out,none yet,none yet,none yet,,,,
91,0.1,TRUE,TRUE,FALSE,elsa,27/05/2015,15:30,TRUE,Male,Full Conditional,Chair Rise Rime,0.490,0.985,0.935,0.318,0.407,0.213,Knowledge,0.552,0.611,0.635,0.366,0.218,0.988,0.037,0.863,0.429,0.598,0.797,0.329,558,10,4613,18,5646,MPlus,m1_mlm growth wcovs_elsafull_redintxn.out,none yet,none yet,none yet,,,,
92,0.1,TRUE,TRUE,FALSE,elsa,28/05/2015,15:35,TRUE,Female,Full Conditional,Chair Rise Rime,0.155,0.944,0.705,0.220,0.139,0.480,Knowledge,0.249,0.146,0.307,0.607,0.109,0.390,0.594,0.379,0.386,0.574,0.199,0.710,708,11,2647,9,5460,MPlus,m1_mlm growth wcovs_elsafull_redintxn.out,none yet,none yet,none yet,,,,
93,0.1,TRUE,TRUE,FALSE,elsa,29/05/2015,15:40,TRUE,Male,Full Conditional,Chair Rise Rime,0.283,0.494,0.726,0.427,0.163,0.583,Reasoning Speed,0.480,0.671,0.251,0.226,0.472,0.619,0.795,0.459,0.751,0.626,0.136,0.339,847,8,3617,30,2069,MPlus,m1_mlm growth wcovs_elsafull_redintxn.out,none yet,none yet,none yet,,,,
94,0.1,TRUE,TRUE,FALSE,elsa,30/05/2015,15:45,TRUE,Female,Full Conditional,Chair Rise Rime,0.462,0.601,0.520,0.964,0.199,0.171,Reasoning Speed,0.597,0.690,0.625,0.979,0.422,0.793,0.602,0.339,0.859,0.250,0.099,0.973,813,13,1080,28,3430,MPlus,m1_mlm growth wcovs_elsafull_redintxn.out,none yet,none yet,none yet,,,,
95,0.1,TRUE,TRUE,FALSE,elsa,31/05/2015,15:50,TRUE,Male,Full Conditional,Chair Rise Rime,0.549,0.506,0.472,0.131,0.393,0.711, Visuospatial Ability,0.251,0.344,0.089,0.460,0.049,0.529,0.210,0.356,0.743,0.180,0.195,0.729,893,18,1648,12,4599,MPlus,m1_mlm growth wcovs_elsafull_redintxn.out,none yet,none yet,none yet,,,,
96,0.1,TRUE,TRUE,FALSE,elsa,01/06/2015,15:55,TRUE,Female,Full Conditional,Chair Rise Rime,0.998,0.021,0.190,0.146,0.200,0.121, Visuospatial Ability,0.344,0.457,0.949,0.580,0.333,0.436,0.000,0.377,0.685,0.692,0.720,0.493,657,20,676,6,3447,MPlus,m1_mlm growth wcovs_elsafull_redintxn.out,none yet,none yet,none yet,,,,
97,0.1,TRUE,TRUE,FALSE,elsa,02/06/2015,16:00,TRUE,Male,Full Conditional,Chair Rise Rime,0.542,0.942,0.051,0.322,0.023,0.859, Executive Functioning,0.119,0.078,0.066,0.981,0.551,0.236,0.195,0.367,0.482,0.593,0.568,0.912,980,13,2441,16,5753,MPlus,m1_mlm growth wcovs_elsafull_redintxn.out,none yet,none yet,none yet,,,,
98,0.1,TRUE,TRUE,FALSE,elsa,03/06/2015,16:05,TRUE,Female,Full Conditional,Chair Rise Rime,0.521,0.334,0.621,0.657,0.062,0.182, Executive Functioning,0.123,0.281,0.010,0.060,0.855,0.260,0.784,0.414,0.660,0.911,0.659,0.296,836,15,3451,10,2284,MPlus,m1_mlm growth wcovs_elsafull_redintxn.out,none yet,none yet,none yet,,,,
99,0.1,TRUE,TRUE,FALSE,elsa,04/06/2015,16:10,TRUE,Male,Full Conditional,Chair Rise Rime,0.678,0.462,0.486,0.532,0.272,0.021, Mental Status,0.053,0.316,0.084,0.816,0.647,0.950,0.650,0.794,0.486,0.298,0.687,0.457,518,11,1697,13,5381,MPlus,m1_mlm growth wcovs_elsafull_redintxn.out,none yet,none yet,none yet,,,,
100,0.1,TRUE,TRUE,FALSE,elsa,05/06/2015,16:15,TRUE,Female,Full Conditional,Chair Rise Rime,0.532,0.503,0.761,0.218,0.302,0.662, Mental Status,0.637,0.328,0.843,0.854,0.080,0.774,0.137,0.815,0.882,0.765,0.708,0.233,862,18,4440,30,5583,MPlus,m1_mlm growth wcovs_elsafull_redintxn.out,none yet,none yet,none yet,,,,
101,0.1,TRUE,TRUE,FALSE,elsa,06/06/2015,16:20,TRUE,Male,Full Conditional,Flamingo Stand Time,0.485,0.645,0.507,0.773,0.832,0.004,Knowledge,0.585,0.302,0.780,0.395,0.413,0.753,0.622,0.638,0.378,0.558,0.632,0.168,706,13,4887,25,4137,MPlus,m1_mlm growth wcovs_elsafull_redintxn.out,none yet,none yet,none yet,,,,
102,0.1,TRUE,TRUE,FALSE,elsa,07/06/2015,16:25,TRUE,Female,Full Conditional,Flamingo Stand Time,0.776,0.476,0.797,0.597,0.867,0.401,Knowledge,0.374,0.392,0.233,0.951,0.847,0.344,0.218,0.198,0.150,0.508,0.449,0.149,540,18,2453,22,4542,MPlus,m1_mlm growth wcovs_elsafull_redintxn.out,none yet,none yet,none yet,,,,
103,0.1,TRUE,TRUE,FALSE,elsa,08/06/2015,16:30,TRUE,Male,Full Conditional,Flamingo Stand Time,0.959,0.176,0.701,0.490,0.596,0.241,Reasoning Speed,0.141,0.232,0.699,0.614,0.787,0.890,0.088,0.806,0.036,0.325,0.613,0.397,650,6,3644,21,632,MPlus,m1_mlm growth wcovs_elsafull_redintxn.out,none yet,none yet,none yet,,,,
104,0.1,TRUE,TRUE,FALSE,elsa,09/06/2015,16:35,TRUE,Female,Full Conditional,Flamingo Stand Time,0.889,0.626,0.427,0.342,0.872,0.760,Reasoning Speed,0.963,0.072,0.871,0.147,0.171,0.010,0.784,0.702,0.840,0.630,0.713,0.960,816,20,4525,26,4513,MPlus,m1_mlm growth wcovs_elsafull_redintxn.out,none yet,none yet,none yet,,,,
105,0.1,TRUE,TRUE,FALSE,elsa,10/06/2015,16:40,TRUE,Male,Full Conditional,Flamingo Stand Time,0.584,0.301,0.359,0.213,0.052,0.511, Visuospatial Ability,0.614,0.687,0.119,0.495,0.255,0.476,0.480,0.396,0.109,0.055,0.901,0.563,892,8,3979,20,1967,MPlus,m1_mlm growth wcovs_elsafull_redintxn.out,none yet,none yet,none yet,,,,
106,0.1,TRUE,TRUE,FALSE,elsa,11/06/2015,16:45,TRUE,Female,Full Conditional,Flamingo Stand Time,0.181,0.753,0.688,0.111,0.227,0.340, Visuospatial Ability,0.943,0.209,0.013,0.169,0.898,0.014,0.267,0.087,0.801,0.471,0.863,0.785,575,6,3364,9,2754,MPlus,m1_mlm growth wcovs_elsafull_redintxn.out,none yet,none yet,none yet,,,,
107,0.1,TRUE,TRUE,FALSE,elsa,12/06/2015,16:50,TRUE,Male,Full Conditional,Flamingo Stand Time,0.116,0.211,0.121,0.986,0.065,0.928, Executive Functioning,0.665,0.359,0.663,0.115,0.067,0.529,0.540,0.194,0.976,0.465,0.140,0.519,827,16,1680,25,1894,MPlus,m1_mlm growth wcovs_elsafull_redintxn.out,none yet,none yet,none yet,,,,
108,0.1,TRUE,TRUE,FALSE,elsa,13/06/2015,16:55,TRUE,Female,Full Conditional,Flamingo Stand Time,0.103,0.674,0.613,0.140,0.226,0.636, Executive Functioning,0.158,0.064,0.169,0.377,0.435,0.234,0.584,0.006,0.206,0.323,0.272,0.509,588,11,3379,10,4652,MPlus,m1_mlm growth wcovs_elsafull_redintxn.out,none yet,none yet,none yet,,,,
109,0.1,TRUE,TRUE,FALSE,elsa,14/06/2015,17:00,TRUE,Male,Full Conditional,Flamingo Stand Time,0.098,0.372,0.533,0.747,0.454,0.121, Mental Status,0.485,0.302,0.975,0.195,0.303,0.227,0.258,0.014,0.120,0.455,0.636,0.951,937,7,2331,30,1001,MPlus,m1_mlm growth wcovs_elsafull_redintxn.out,none yet,none yet,none yet,,,,
110,0.1,TRUE,TRUE,FALSE,elsa,15/06/2015,17:05,TRUE,Female,Full Conditional,Flamingo Stand Time,0.891,0.596,0.479,0.364,0.500,0.022, Mental Status,0.682,0.611,0.796,0.770,0.938,0.140,0.977,0.665,0.129,0.550,0.412,0.158,890,15,2346,18,3221,MPlus,m1_mlm growth wcovs_elsafull_redintxn.out,none yet,none yet,none yet,,,,
111,0.1,TRUE,TRUE,FALSE,elsa,16/06/2015,17:10,TRUE,Male,Full Conditional,Summary Measures,0.671,0.197,0.294,0.267,0.449,0.397,Knowledge,0.791,0.900,0.146,0.466,0.619,0.254,0.625,0.174,0.903,0.762,0.570,0.395,597,14,2469,20,907,MPlus,m1_mlm growth wcovs_elsafull_redintxn.out,none yet,none yet,none yet,,,,
112,0.1,TRUE,TRUE,FALSE,elsa,17/06/2015,17:15,TRUE,Female,Full Conditional,Summary Measures,0.866,0.589,0.757,0.600,0.825,0.352,Knowledge,0.530,0.069,0.856,0.870,0.448,0.159,0.835,0.246,0.155,0.223,0.017,0.778,541,11,4238,10,2920,MPlus,m1_mlm growth wcovs_elsafull_redintxn.out,none yet,none yet,none yet,,,,
113,0.1,TRUE,TRUE,FALSE,elsa,18/06/2015,17:20,TRUE,Male,Full Conditional,Summary Measures,0.443,0.791,0.622,0.759,0.520,0.721,Reasoning Speed,0.537,0.091,0.423,0.710,0.036,0.456,0.937,0.242,0.307,0.322,0.835,0.050,501,5,4368,23,725,MPlus,m1_mlm growth wcovs_elsafull_redintxn.out,none yet,none yet,none yet,,,,
114,0.1,TRUE,TRUE,FALSE,elsa,19/06/2015,17:25,TRUE,Female,Full Conditional,Summary Measures,0.777,0.019,0.901,0.487,0.658,0.475,Reasoning Speed,0.777,0.253,0.603,0.544,0.943,0.585,0.563,0.198,0.873,0.549,0.260,0.629,756,8,3800,29,2844,MPlus,m1_mlm growth wcovs_elsafull_redintxn.out,none yet,none yet,none yet,,,,
115,0.1,TRUE,TRUE,FALSE,elsa,20/06/2015,17:30,TRUE,Male,Full Conditional,Summary Measures,0.472,0.488,0.400,0.896,0.191,0.283, Visuospatial Ability,0.156,0.361,0.585,0.157,0.344,0.722,0.779,0.125,0.136,0.053,0.009,0.709,532,8,4578,13,2117,MPlus,m1_mlm growth wcovs_elsafull_redintxn.out,none yet,none yet,none yet,,,,
116,0.1,TRUE,TRUE,FALSE,elsa,21/06/2015,17:35,TRUE,Female,Full Conditional,Summary Measures,0.661,0.310,0.217,0.664,0.310,0.546, Visuospatial Ability,0.099,0.292,0.158,0.746,0.664,0.260,0.575,0.679,0.199,0.410,0.430,0.630,833,17,4734,7,3920,MPlus,m1_mlm growth wcovs_elsafull_redintxn.out,none yet,none yet,none yet,,,,
117,0.1,TRUE,TRUE,FALSE,elsa,22/06/2015,17:40,TRUE,Male,Full Conditional,Summary Measures,0.231,0.972,0.579,0.165,0.282,0.479, Executive Functioning,0.986,0.672,0.604,0.858,0.714,0.152,0.208,0.431,0.893,0.556,0.098,0.777,613,10,3496,10,5527,MPlus,m1_mlm growth wcovs_elsafull_redintxn.out,none yet,none yet,none yet,,,,
118,0.1,TRUE,TRUE,FALSE,elsa,23/06/2015,17:45,TRUE,Female,Full Conditional,Summary Measures,0.228,0.761,0.069,0.628,0.336,0.718, Executive Functioning,0.171,0.430,0.131,0.046,0.115,0.941,0.966,0.840,0.337,0.083,0.374,0.902,968,6,585,9,3583,MPlus,m1_mlm growth wcovs_elsafull_redintxn.out,none yet,none yet,none yet,,,,
119,0.1,TRUE,TRUE,FALSE,elsa,24/06/2015,17:50,TRUE,Male,Full Conditional,Summary Measures,0.304,0.599,0.395,0.430,0.027,0.078, Mental Status,0.812,0.391,0.916,0.412,0.833,0.032,0.744,0.796,0.977,0.110,0.471,0.108,664,8,2101,19,1059,MPlus,m1_mlm growth wcovs_elsafull_redintxn.out,none yet,none yet,none yet,,,,
120,0.1,TRUE,TRUE,FALSE,elsa,25/06/2015,17:55,TRUE,Female,Full Conditional,Summary Measures,0.798,0.382,0.421,0.775,0.524,0.360, Mental Status,0.089,0.294,0.216,0.289,0.464,0.708,0.065,0.881,0.586,0.254,0.232,0.976,979,8,4395,6,3025,MPlus,m1_mlm growth wcovs_elsafull_redintxn.out,none yet,none yet,none yet,,,,
,,,,,,,,,,,,,,,,,,,,,,,,,,,,,,,,,,,,,,,,,,,,
,,,,,,,,,,,,,,,,,,,,,,,,,,,,,,,,,,,,,,,,,,,,
,,,,,,,,,,,,,,,,,,,,,,,,,,,,,,,,,,,,,,,,,,,,
,,,,,,,,,,,,,,,,,,,,,,,,,,,,,,,,,,,,,,,,,,,,
,,,,,,,,,,,,,,,,,,,,,,,,,,,,,,,,,,,,,,,,,,,,
,,,,,,,,,,,,,,,,,,,,,,,,,,,,,,,,,,,,,,,,,,,,
,,,,,,,,,,,,,,,,,,,,,,,,,,,,,,,,,,,,,,,,,,,,
,,,,,,,,,,,,,,,,,,,,,,,,,,,,,,,,,,,,,,,,,,,,
,,,,,,,,,,,,,,,,,,,,,,,,,,,,,,,,,,,,,,,,,,,,
,,,,,,,,,,,,,,,,,,,,,,,,,,,,,,,,,,,,,,,,,,,,
,,,,,,,,,,,,,,,,,,,,,,,,,,,,,,,,,,,,,,,,,,,,
,,,,,,,,,,,,,,,,,,,,,,,,,,,,,,,,,,,,,,,,,,,,
,,,,,,,,,,,,,,,,,,,,,,,,,,,,,,,,,,,,,,,,,,,,
,,,,,,,,,,,,,,,,,,,,,,,,,,,,,,,,,,,,,,,,,,,,
,,,,,,,,,,,,,,,,,,,,,,,,,,,,,,,,,,,,,,,,,,,,
,,,,,,,,,,,,,,,,,,,,,,,,,,,,,,,,,,,,,,,,,,,,
,,,,,,,,,,,,,,,,,,,,,,,,,,,,,,,,,,,,,,,,,,,,
,,,,,,,,,,,,,,,,,,,,,,,,,,,,,,,,,,,,,,,,,,,,
,,,,,,,,,,,,,,,,,,,,,,,,,,,,,,,,,,,,,,,,,,,,
,,,,,,,,,,,,,,,,,,,,,,,,,,,,,,,,,,,,,,,,,,,,
,,,,,,,,,,,,,,,,,,,,,,,,,,,,,,,,,,,,,,,,,,,,
,,,,,,,,,,,,,,,,,,,,,,,,,,,,,,,,,,,,,,,,,,,,
,,,,,,,,,,,,,,,,,,,,,,,,,,,,,,,,,,,,,,,,,,,,
,,,,,,,,,,,,,,,,,,,,,,,,,,,,,,,,,,,,,,,,,,,,
,,,,,,,,,,,,,,,,,,,,,,,,,,,,,,,,,,,,,,,,,,,,
,,,,,,,,,,,,,,,,,,,,,,,,,,,,,,,,,,,,,,,,,,,,
,,,,,,,,,,,,,,,,,,,,,,,,,,,,,,,,,,,,,,,,,,,,
,,,,,,,,,,,,,,,,,,,,,,,,,,,,,,,,,,,,,,,,,,,,
,,,,,,,,,,,,,,,,,,,,,,,,,,,,,,,,,,,,,,,,,,,,
,,,,,,,,,,,,,,,,,,,,,,,,,,,,,,,,,,,,,,,,,,,,
,,,,,,,,,,,,,,,,,,,,,,,,,,,,,,,,,,,,,,,,,,,,
,,,,,,,,,,,,,,,,,,,,,,,,,,,,,,,,,,,,,,,,,,,,
,,,,,,,,,,,,,,,,,,,,,,,,,,,,,,,,,,,,,,,,,,,,
,,,,,,,,,,,,,,,,,,,,,,,,,,,,,,,,,,,,,,,,,,,,
,,,,,,,,,,,,,,,,,,,,,,,,,,,,,,,,,,,,,,,,,,,,
,,,,,,,,,,,,,,,,,,,,,,,,,,,,,,,,,,,,,,,,,,,,
,,,,,,,,,,,,,,,,,,,,,,,,,,,,,,,,,,,,,,,,,,,,
,,,,,,,,,,,,,,,,,,,,,,,,,,,,,,,,,,,,,,,,,,,,
,,,,,,,,,,,,,,,,,,,,,,,,,,,,,,,,,,,,,,,,,,,,
,,,,,,,,,,,,,,,,,,,,,,,,,,,,,,,,,,,,,,,,,,,,
,,,,,,,,,,,,,,,,,,,,,,,,,,,,,,,,,,,,,,,,,,,,
,,,,,,,,,,,,,,,,,,,,,,,,,,,,,,,,,,,,,,,,,,,,
,,,,,,,,,,,,,,,,,,,,,,,,,,,,,,,,,,,,,,,,,,,,
,,,,,,,,,,,,,,,,,,,,,,,,,,,,,,,,,,,,,,,,,,,,
,,,,,,,,,,,,,,,,,,,,,,,,,,,,,,,,,,,,,,,,,,,,
,,,,,,,,,,,,,,,,,,,,,,,,,,,,,,,,,,,,,,,,,,,,
,,,,,,,,,,,,,,,,,,,,,,,,,,,,,,,,,,,,,,,,,,,,
,,,,,,,,,,,,,,,,,,,,,,,,,,,,,,,,,,,,,,,,,,,,
,,,,,,,,,,,,,,,,,,,,,,,,,,,,,,,,,,,,,,,,,,,,
,,,,,,,,,,,,,,,,,,,,,,,,,,,,,,,,,,,,,,,,,,,,
,,,,,,,,,,,,,,,,,,,,,,,,,,,,,,,,,,,,,,,,,,,,
,,,,,,,,,,,,,,,,,,,,,,,,,,,,,,,,,,,,,,,,,,,,
,,,,,,,,,,,,,,,,,,,,,,,,,,,,,,,,,,,,,,,,,,,,
,,,,,,,,,,,,,,,,,,,,,,,,,,,,,,,,,,,,,,,,,,,,
,,,,,,,,,,,,,,,,,,,,,,,,,,,,,,,,,,,,,,,,,,,,
,,,,,,,,,,,,,,,,,,,,,,,,,,,,,,,,,,,,,,,,,,,,
,,,,,,,,,,,,,,,,,,,,,,,,,,,,,,,,,,,,,,,,,,,,
,,,,,,,,,,,,,,,,,,,,,,,,,,,,,,,,,,,,,,,,,,,,
,,,,,,,,,,,,,,,,,,,,,,,,,,,,,,,,,,,,,,,,,,,,
,,,,,,,,,,,,,,,,,,,,,,,,,,,,,,,,,,,,,,,,,,,,
,,,,,,,,,,,,,,,,,,,,,,,,,,,,,,,,,,,,,,,,,,,,
,,,,,,,,,,,,,,,,,,,,,,,,,,,,,,,,,,,,,,,,,,,,
,,,,,,,,,,,,,,,,,,,,,,,,,,,,,,,,,,,,,,,,,,,,
,,,,,,,,,,,,,,,,,,,,,,,,,,,,,,,,,,,,,,,,,,,,
,,,,,,,,,,,,,,,,,,,,,,,,,,,,,,,,,,,,,,,,,,,,
,,,,,,,,,,,,,,,,,,,,,,,,,,,,,,,,,,,,,,,,,,,,
,,,,,,,,,,,,,,,,,,,,,,,,,,,,,,,,,,,,,,,,,,,,
,,,,,,,,,,,,,,,,,,,,,,,,,,,,,,,,,,,,,,,,,,,,
,,,,,,,,,,,,,,,,,,,,,,,,,,,,,,,,,,,,,,,,,,,,
,,,,,,,,,,,,,,,,,,,,,,,,,,,,,,,,,,,,,,,,,,,,
,,,,,,,,,,,,,,,,,,,,,,,,,,,,,,,,,,,,,,,,,,,,
,,,,,,,,,,,,,,,,,,,,,,,,,,,,,,,,,,,,,,,,,,,,
,,,,,,,,,,,,,,,,,,,,,,,,,,,,,,,,,,,,,,,,,,,,
,,,,,,,,,,,,,,,,,,,,,,,,,,,,,,,,,,,,,,,,,,,,
,,,,,,,,,,,,,,,,,,,,,,,,,,,,,,,,,,,,,,,,,,,,
,,,,,,,,,,,,,,,,,,,,,,,,,,,,,,,,,,,,,,,,,,,,
,,,,,,,,,,,,,,,,,,,,,,,,,,,,,,,,,,,,,,,,,,,,
,,,,,,,,,,,,,,,,,,,,,,,,,,,,,,,,,,,,,,,,,,,,
,,,,,,,,,,,,,,,,,,,,,,,,,,,,,,,,,,,,,,,,,,,,
,,,,,,,,,,,,,,,,,,,,,,,,,,,,,,,,,,,,,,,,,,,,
,,,,,,,,,,,,,,,,,,,,,,,,,,,,,,,,,,,,,,,,,,,,
,,,,,,,,,,,,,,,,,,,,,,,,,,,,,,,,,,,,,,,,,,,,
,,,,,,,,,,,,,,,,,,,,,,,,,,,,,,,,,,,,,,,,,,,,
,,,,,,,,,,,,,,,,,,,,,,,,,,,,,,,,,,,,,,,,,,,,
,,,,,,,,,,,,,,,,,,,,,,,,,,,,,,,,,,,,,,,,,,,,
,,,,,,,,,,,,,,,,,,,,,,,,,,,,,,,,,,,,,,,,,,,,
,,,,,,,,,,,,,,,,,,,,,,,,,,,,,,,,,,,,,,,,,,,,
,,,,,,,,,,,,,,,,,,,,,,,,,,,,,,,,,,,,,,,,,,,,
,,,,,,,,,,,,,,,,,,,,,,,,,,,,,,,,,,,,,,,,,,,,
,,,,,,,,,,,,,,,,,,,,,,,,,,,,,,,,,,,,,,,,,,,,
,,,,,,,,,,,,,,,,,,,,,,,,,,,,,,,,,,,,,,,,,,,,
,,,,,,,,,,,,,,,,,,,,,,,,,,,,,,,,,,,,,,,,,,,,
,,,,,,,,,,,,,,,,,,,,,,,,,,,,,,,,,,,,,,,,,,,,
,,,,,,,,,,,,,,,,,,,,,,,,,,,,,,,,,,,,,,,,,,,,
,,,,,,,,,,,,,,,,,,,,,,,,,,,,,,,,,,,,,,,,,,,,
,,,,,,,,,,,,,,,,,,,,,,,,,,,,,,,,,,,,,,,,,,,,
,,,,,,,,,,,,,,,,,,,,,,,,,,,,,,,,,,,,,,,,,,,,
,,,,,,,,,,,,,,,,,,,,,,,,,,,,,,,,,,,,,,,,,,,,
,,,,,,,,,,,,,,,,,,,,,,,,,,,,,,,,,,,,,,,,,,,,
,,,,,,,,,,,,,,,,,,,,,,,,,,,,,,,,,,,,,,,,,,,,
,,,,,,,,,,,,,,,,,,,,,,,,,,,,,,,,,,,,,,,,,,,,
,,,,,,,,,,,,,,,,,,,,,,,,,,,,,,,,,,,,,,,,,,,,
,,,,,,,,,,,,,,,,,,,,,,,,,,,,,,,,,,,,,,,,,,,,
,,,,,,,,,,,,,,,,,,,,,,,,,,,,,,,,,,,,,,,,,,,,
,,,,,,,,,,,,,,,,,,,,,,,,,,,,,,,,,,,,,,,,,,,,
,,,,,,,,,,,,,,,,,,,,,,,,,,,,,,,,,,,,,,,,,,,,
,,,,,,,,,,,,,,,,,,,,,,,,,,,,,,,,,,,,,,,,,,,,
,,,,,,,,,,,,,,,,,,,,,,,,,,,,,,,,,,,,,,,,,,,,
,,,,,,,,,,,,,,,,,,,,,,,,,,,,,,,,,,,,,,,,,,,,
,,,,,,,,,,,,,,,,,,,,,,,,,,,,,,,,,,,,,,,,,,,,
,,,,,,,,,,,,,,,,,,,,,,,,,,,,,,,,,,,,,,,,,,,,
,,,,,,,,,,,,,,,,,,,,,,,,,,,,,,,,,,,,,,,,,,,,
,,,,,,,,,,,,,,,,,,,,,,,,,,,,,,,,,,,,,,,,,,,,
,,,,,,,,,,,,,,,,,,,,,,,,,,,,,,,,,,,,,,,,,,,,
,,,,,,,,,,,,,,,,,,,,,,,,,,,,,,,,,,,,,,,,,,,,
,,,,,,,,,,,,,,,,,,,,,,,,,,,,,,,,,,,,,,,,,,,,
,,,,,,,,,,,,,,,,,,,,,,,,,,,,,,,,,,,,,,,,,,,,
,,,,,,,,,,,,,,,,,,,,,,,,,,,,,,,,,,,,,,,,,,,,
,,,,,,,,,,,,,,,,,,,,,,,,,,,,,,,,,,,,,,,,,,,,
,,,,,,,,,,,,,,,,,,,,,,,,,,,,,,,,,,,,,,,,,,,,
,,,,,,,,,,,,,,,,,,,,,,,,,,,,,,,,,,,,,,,,,,,,
,,,,,,,,,,,,,,,,,,,,,,,,,,,,,,,,,,,,,,,,,,,,
,,,,,,,,,,,,,,,,,,,,,,,,,,,,,,,,,,,,,,,,,,,,
,,,,,,,,,,,,,,,,,,,,,,,,,,,,,,,,,,,,,,,,,,,,
,,,,,,,,,,,,,,,,,,,,,,,,,,,,,,,,,,,,,,,,,,,,
,,,,,,,,,,,,,,,,,,,,,,,,,,,,,,,,,,,,,,,,,,,,
,,,,,,,,,,,,,,,,,,,,,,,,,,,,,,,,,,,,,,,,,,,,
,,,,,,,,,,,,,,,,,,,,,,,,,,,,,,,,,,,,,,,,,,,,
,,,,,,,,,,,,,,,,,,,,,,,,,,,,,,,,,,,,,,,,,,,,
,,,,,,,,,,,,,,,,,,,,,,,,,,,,,,,,,,,,,,,,,,,,
,,,,,,,,,,,,,,,,,,,,,,,,,,,,,,,,,,,,,,,,,,,,
,,,,,,,,,,,,,,,,,,,,,,,,,,,,,,,,,,,,,,,,,,,,
,,,,,,,,,,,,,,,,,,,,,,,,,,,,,,,,,,,,,,,,,,,,
,,,,,,,,,,,,,,,,,,,,,,,,,,,,,,,,,,,,,,,,,,,,
,,,,,,,,,,,,,,,,,,,,,,,,,,,,,,,,,,,,,,,,,,,,
,,,,,,,,,,,,,,,,,,,,,,,,,,,,,,,,,,,,,,,,,,,,
,,,,,,,,,,,,,,,,,,,,,,,,,,,,,,,,,,,,,,,,,,,,
,,,,,,,,,,,,,,,,,,,,,,,,,,,,,,,,,,,,,,,,,,,,
,,,,,,,,,,,,,,,,,,,,,,,,,,,,,,,,,,,,,,,,,,,,
,,,,,,,,,,,,,,,,,,,,,,,,,,,,,,,,,,,,,,,,,,,,
,,,,,,,,,,,,,,,,,,,,,,,,,,,,,,,,,,,,,,,,,,,,
,,,,,,,,,,,,,,,,,,,,,,,,,,,,,,,,,,,,,,,,,,,,
,,,,,,,,,,,,,,,,,,,,,,,,,,,,,,,,,,,,,,,,,,,,
,,,,,,,,,,,,,,,,,,,,,,,,,,,,,,,,,,,,,,,,,,,,
,,,,,,,,,,,,,,,,,,,,,,,,,,,,,,,,,,,,,,,,,,,,
,,,,,,,,,,,,,,,,,,,,,,,,,,,,,,,,,,,,,,,,,,,,
,,,,,,,,,,,,,,,,,,,,,,,,,,,,,,,,,,,,,,,,,,,,
,,,,,,,,,,,,,,,,,,,,,,,,,,,,,,,,,,,,,,,,,,,,
,,,,,,,,,,,,,,,,,,,,,,,,,,,,,,,,,,,,,,,,,,,,
,,,,,,,,,,,,,,,,,,,,,,,,,,,,,,,,,,,,,,,,,,,,
,,,,,,,,,,,,,,,,,,,,,,,,,,,,,,,,,,,,,,,,,,,,
,,,,,,,,,,,,,,,,,,,,,,,,,,,,,,,,,,,,,,,,,,,,
,,,,,,,,,,,,,,,,,,,,,,,,,,,,,,,,,,,,,,,,,,,,
,,,,,,,,,,,,,,,,,,,,,,,,,,,,,,,,,,,,,,,,,,,,
,,,,,,,,,,,,,,,,,,,,,,,,,,,,,,,,,,,,,,,,,,,,
,,,,,,,,,,,,,,,,,,,,,,,,,,,,,,,,,,,,,,,,,,,,
,,,,,,,,,,,,,,,,,,,,,,,,,,,,,,,,,,,,,,,,,,,,
,,,,,,,,,,,,,,,,,,,,,,,,,,,,,,,,,,,,,,,,,,,,
,,,,,,,,,,,,,,,,,,,,,,,,,,,,,,,,,,,,,,,,,,,,
,,,,,,,,,,,,,,,,,,,,,,,,,,,,,,,,,,,,,,,,,,,,
,,,,,,,,,,,,,,,,,,,,,,,,,,,,,,,,,,,,,,,,,,,,
,,,,,,,,,,,,,,,,,,,,,,,,,,,,,,,,,,,,,,,,,,,,
,,,,,,,,,,,,,,,,,,,,,,,,,,,,,,,,,,,,,,,,,,,,
,,,,,,,,,,,,,,,,,,,,,,,,,,,,,,,,,,,,,,,,,,,,
,,,,,,,,,,,,,,,,,,,,,,,,,,,,,,,,,,,,,,,,,,,,
,,,,,,,,,,,,,,,,,,,,,,,,,,,,,,,,,,,,,,,,,,,,
,,,,,,,,,,,,,,,,,,,,,,,,,,,,,,,,,,,,,,,,,,,,
,,,,,,,,,,,,,,,,,,,,,,,,,,,,,,,,,,,,,,,,,,,,
,,,,,,,,,,,,,,,,,,,,,,,,,,,,,,,,,,,,,,,,,,,,
,,,,,,,,,,,,,,,,,,,,,,,,,,,,,,,,,,,,,,,,,,,,
,,,,,,,,,,,,,,,,,,,,,,,,,,,,,,,,,,,,,,,,,,,,
,,,,,,,,,,,,,,,,,,,,,,,,,,,,,,,,,,,,,,,,,,,,
,,,,,,,,,,,,,,,,,,,,,,,,,,,,,,,,,,,,,,,,,,,,
,,,,,,,,,,,,,,,,,,,,,,,,,,,,,,,,,,,,,,,,,,,,
,,,,,,,,,,,,,,,,,,,,,,,,,,,,,,,,,,,,,,,,,,,,
,,,,,,,,,,,,,,,,,,,,,,,,,,,,,,,,,,,,,,,,,,,,
,,,,,,,,,,,,,,,,,,,,,,,,,,,,,,,,,,,,,,,,,,,,
,,,,,,,,,,,,,,,,,,,,,,,,,,,,,,,,,,,,,,,,,,,,
,,,,,,,,,,,,,,,,,,,,,,,,,,,,,,,,,,,,,,,,,,,,
,,,,,,,,,,,,,,,,,,,,,,,,,,,,,,,,,,,,,,,,,,,,
,,,,,,,,,,,,,,,,,,,,,,,,,,,,,,,,,,,,,,,,,,,,
,,,,,,,,,,,,,,,,,,,,,,,,,,,,,,,,,,,,,,,,,,,,
,,,,,,,,,,,,,,,,,,,,,,,,,,,,,,,,,,,,,,,,,,,,
,,,,,,,,,,,,,,,,,,,,,,,,,,,,,,,,,,,,,,,,,,,,
,,,,,,,,,,,,,,,,,,,,,,,,,,,,,,,,,,,,,,,,,,,,
,,,,,,,,,,,,,,,,,,,,,,,,,,,,,,,,,,,,,,,,,,,,
,,,,,,,,,,,,,,,,,,,,,,,,,,,,,,,,,,,,,,,,,,,,
,,,,,,,,,,,,,,,,,,,,,,,,,,,,,,,,,,,,,,,,,,,,
,,,,,,,,,,,,,,,,,,,,,,,,,,,,,,,,,,,,,,,,,,,,
,,,,,,,,,,,,,,,,,,,,,,,,,,,,,,,,,,,,,,,,,,,,
,,,,,,,,,,,,,,,,,,,,,,,,,,,,,,,,,,,,,,,,,,,,
,,,,,,,,,,,,,,,,,,,,,,,,,,,,,,,,,,,,,,,,,,,,
,,,,,,,,,,,,,,,,,,,,,,,,,,,,,,,,,,,,,,,,,,,,
,,,,,,,,,,,,,,,,,,,,,,,,,,,,,,,,,,,,,,,,,,,,
,,,,,,,,,,,,,,,,,,,,,,,,,,,,,,,,,,,,,,,,,,,,
,,,,,,,,,,,,,,,,,,,,,,,,,,,,,,,,,,,,,,,,,,,,
,,,,,,,,,,,,,,,,,,,,,,,,,,,,,,,,,,,,,,,,,,,,
,,,,,,,,,,,,,,,,,,,,,,,,,,,,,,,,,,,,,,,,,,,,
,,,,,,,,,,,,,,,,,,,,,,,,,,,,,,,,,,,,,,,,,,,,
,,,,,,,,,,,,,,,,,,,,,,,,,,,,,,,,,,,,,,,,,,,,
,,,,,,,,,,,,,,,,,,,,,,,,,,,,,,,,,,,,,,,,,,,,
,,,,,,,,,,,,,,,,,,,,,,,,,,,,,,,,,,,,,,,,,,,,
,,,,,,,,,,,,,,,,,,,,,,,,,,,,,,,,,,,,,,,,,,,,
,,,,,,,,,,,,,,,,,,,,,,,,,,,,,,,,,,,,,,,,,,,,
,,,,,,,,,,,,,,,,,,,,,,,,,,,,,,,,,,,,,,,,,,,,
,,,,,,,,,,,,,,,,,,,,,,,,,,,,,,,,,,,,,,,,,,,,
,,,,,,,,,,,,,,,,,,,,,,,,,,,,,,,,,,,,,,,,,,,,
,,,,,,,,,,,,,,,,,,,,,,,,,,,,,,,,,,,,,,,,,,,,
,,,,,,,,,,,,,,,,,,,,,,,,,,,,,,,,,,,,,,,,,,,,
,,,,,,,,,,,,,,,,,,,,,,,,,,,,,,,,,,,,,,,,,,,,
,,,,,,,,,,,,,,,,,,,,,,,,,,,,,,,,,,,,,,,,,,,,
,,,,,,,,,,,,,,,,,,,,,,,,,,,,,,,,,,,,,,,,,,,,
,,,,,,,,,,,,,,,,,,,,,,,,,,,,,,,,,,,,,,,,,,,,
,,,,,,,,,,,,,,,,,,,,,,,,,,,,,,,,,,,,,,,,,,,,
,,,,,,,,,,,,,,,,,,,,,,,,,,,,,,,,,,,,,,,,,,,,
,,,,,,,,,,,,,,,,,,,,,,,,,,,,,,,,,,,,,,,,,,,,
,,,,,,,,,,,,,,,,,,,,,,,,,,,,,,,,,,,,,,,,,,,,
,,,,,,,,,,,,,,,,,,,,,,,,,,,,,,,,,,,,,,,,,,,,
,,,,,,,,,,,,,,,,,,,,,,,,,,,,,,,,,,,,,,,,,,,,
,,,,,,,,,,,,,,,,,,,,,,,,,,,,,,,,,,,,,,,,,,,,
,,,,,,,,,,,,,,,,,,,,,,,,,,,,,,,,,,,,,,,,,,,,
,,,,,,,,,,,,,,,,,,,,,,,,,,,,,,,,,,,,,,,,,,,,
,,,,,,,,,,,,,,,,,,,,,,,,,,,,,,,,,,,,,,,,,,,,
,,,,,,,,,,,,,,,,,,,,,,,,,,,,,,,,,,,,,,,,,,,,
,,,,,,,,,,,,,,,,,,,,,,,,,,,,,,,,,,,,,,,,,,,,
,,,,,,,,,,,,,,,,,,,,,,,,,,,,,,,,,,,,,,,,,,,,
,,,,,,,,,,,,,,,,,,,,,,,,,,,,,,,,,,,,,,,,,,,,
,,,,,,,,,,,,,,,,,,,,,,,,,,,,,,,,,,,,,,,,,,,,
,,,,,,,,,,,,,,,,,,,,,,,,,,,,,,,,,,,,,,,,,,,,
,,,,,,,,,,,,,,,,,,,,,,,,,,,,,,,,,,,,,,,,,,,,
,,,,,,,,,,,,,,,,,,,,,,,,,,,,,,,,,,,,,,,,,,,,
,,,,,,,,,,,,,,,,,,,,,,,,,,,,,,,,,,,,,,,,,,,,
,,,,,,,,,,,,,,,,,,,,,,,,,,,,,,,,,,,,,,,,,,,,
,,,,,,,,,,,,,,,,,,,,,,,,,,,,,,,,,,,,,,,,,,,,
,,,,,,,,,,,,,,,,,,,,,,,,,,,,,,,,,,,,,,,,,,,,
,,,,,,,,,,,,,,,,,,,,,,,,,,,,,,,,,,,,,,,,,,,,
,,,,,,,,,,,,,,,,,,,,,,,,,,,,,,,,,,,,,,,,,,,,
,,,,,,,,,,,,,,,,,,,,,,,,,,,,,,,,,,,,,,,,,,,,
,,,,,,,,,,,,,,,,,,,,,,,,,,,,,,,,,,,,,,,,,,,,
,,,,,,,,,,,,,,,,,,,,,,,,,,,,,,,,,,,,,,,,,,,,
,,,,,,,,,,,,,,,,,,,,,,,,,,,,,,,,,,,,,,,,,,,,
,,,,,,,,,,,,,,,,,,,,,,,,,,,,,,,,,,,,,,,,,,,,
,,,,,,,,,,,,,,,,,,,,,,,,,,,,,,,,,,,,,,,,,,,,
,,,,,,,,,,,,,,,,,,,,,,,,,,,,,,,,,,,,,,,,,,,,
,,,,,,,,,,,,,,,,,,,,,,,,,,,,,,,,,,,,,,,,,,,,
,,,,,,,,,,,,,,,,,,,,,,,,,,,,,,,,,,,,,,,,,,,,
,,,,,,,,,,,,,,,,,,,,,,,,,,,,,,,,,,,,,,,,,,,,
,,,,,,,,,,,,,,,,,,,,,,,,,,,,,,,,,,,,,,,,,,,,
,,,,,,,,,,,,,,,,,,,,,,,,,,,,,,,,,,,,,,,,,,,,
,,,,,,,,,,,,,,,,,,,,,,,,,,,,,,,,,,,,,,,,,,,,
,,,,,,,,,,,,,,,,,,,,,,,,,,,,,,,,,,,,,,,,,,,,
,,,,,,,,,,,,,,,,,,,,,,,,,,,,,,,,,,,,,,,,,,,,
,,,,,,,,,,,,,,,,,,,,,,,,,,,,,,,,,,,,,,,,,,,,
,,,,,,,,,,,,,,,,,,,,,,,,,,,,,,,,,,,,,,,,,,,,
,,,,,,,,,,,,,,,,,,,,,,,,,,,,,,,,,,,,,,,,,,,,
,,,,,,,,,,,,,,,,,,,,,,,,,,,,,,,,,,,,,,,,,,,,
,,,,,,,,,,,,,,,,,,,,,,,,,,,,,,,,,,,,,,,,,,,,
,,,,,,,,,,,,,,,,,,,,,,,,,,,,,,,,,,,,,,,,,,,,
,,,,,,,,,,,,,,,,,,,,,,,,,,,,,,,,,,,,,,,,,,,,
,,,,,,,,,,,,,,,,,,,,,,,,,,,,,,,,,,,,,,,,,,,,
,,,,,,,,,,,,,,,,,,,,,,,,,,,,,,,,,,,,,,,,,,,,
,,,,,,,,,,,,,,,,,,,,,,,,,,,,,,,,,,,,,,,,,,,,
,,,,,,,,,,,,,,,,,,,,,,,,,,,,,,,,,,,,,,,,,,,,
,,,,,,,,,,,,,,,,,,,,,,,,,,,,,,,,,,,,,,,,,,,,
,,,,,,,,,,,,,,,,,,,,,,,,,,,,,,,,,,,,,,,,,,,,
,,,,,,,,,,,,,,,,,,,,,,,,,,,,,,,,,,,,,,,,,,,,
,,,,,,,,,,,,,,,,,,,,,,,,,,,,,,,,,,,,,,,,,,,,
,,,,,,,,,,,,,,,,,,,,,,,,,,,,,,,,,,,,,,,,,,,,
,,,,,,,,,,,,,,,,,,,,,,,,,,,,,,,,,,,,,,,,,,,,
,,,,,,,,,,,,,,,,,,,,,,,,,,,,,,,,,,,,,,,,,,,,
,,,,,,,,,,,,,,,,,,,,,,,,,,,,,,,,,,,,,,,,,,,,
,,,,,,,,,,,,,,,,,,,,,,,,,,,,,,,,,,,,,,,,,,,,
,,,,,,,,,,,,,,,,,,,,,,,,,,,,,,,,,,,,,,,,,,,,
,,,,,,,,,,,,,,,,,,,,,,,,,,,,,,,,,,,,,,,,,,,,
,,,,,,,,,,,,,,,,,,,,,,,,,,,,,,,,,,,,,,,,,,,,
,,,,,,,,,,,,,,,,,,,,,,,,,,,,,,,,,,,,,,,,,,,,
,,,,,,,,,,,,,,,,,,,,,,,,,,,,,,,,,,,,,,,,,,,,
,,,,,,,,,,,,,,,,,,,,,,,,,,,,,,,,,,,,,,,,,,,,
,,,,,,,,,,,,,,,,,,,,,,,,,,,,,,,,,,,,,,,,,,,,
,,,,,,,,,,,,,,,,,,,,,,,,,,,,,,,,,,,,,,,,,,,,
,,,,,,,,,,,,,,,,,,,,,,,,,,,,,,,,,,,,,,,,,,,,
,,,,,,,,,,,,,,,,,,,,,,,,,,,,,,,,,,,,,,,,,,,,
,,,,,,,,,,,,,,,,,,,,,,,,,,,,,,,,,,,,,,,,,,,,
,,,,,,,,,,,,,,,,,,,,,,,,,,,,,,,,,,,,,,,,,,,,
,,,,,,,,,,,,,,,,,,,,,,,,,,,,,,,,,,,,,,,,,,,,
,,,,,,,,,,,,,,,,,,,,,,,,,,,,,,,,,,,,,,,,,,,,
,,,,,,,,,,,,,,,,,,,,,,,,,,,,,,,,,,,,,,,,,,,,
,,,,,,,,,,,,,,,,,,,,,,,,,,,,,,,,,,,,,,,,,,,,
,,,,,,,,,,,,,,,,,,,,,,,,,,,,,,,,,,,,,,,,,,,,
,,,,,,,,,,,,,,,,,,,,,,,,,,,,,,,,,,,,,,,,,,,,
,,,,,,,,,,,,,,,,,,,,,,,,,,,,,,,,,,,,,,,,,,,,
,,,,,,,,,,,,,,,,,,,,,,,,,,,,,,,,,,,,,,,,,,,,
,,,,,,,,,,,,,,,,,,,,,,,,,,,,,,,,,,,,,,,,,,,,
,,,,,,,,,,,,,,,,,,,,,,,,,,,,,,,,,,,,,,,,,,,,
,,,,,,,,,,,,,,,,,,,,,,,,,,,,,,,,,,,,,,,,,,,,
,,,,,,,,,,,,,,,,,,,,,,,,,,,,,,,,,,,,,,,,,,,,
,,,,,,,,,,,,,,,,,,,,,,,,,,,,,,,,,,,,,,,,,,,,
,,,,,,,,,,,,,,,,,,,,,,,,,,,,,,,,,,,,,,,,,,,,
,,,,,,,,,,,,,,,,,,,,,,,,,,,,,,,,,,,,,,,,,,,,
,,,,,,,,,,,,,,,,,,,,,,,,,,,,,,,,,,,,,,,,,,,,
,,,,,,,,,,,,,,,,,,,,,,,,,,,,,,,,,,,,,,,,,,,,
,,,,,,,,,,,,,,,,,,,,,,,,,,,,,,,,,,,,,,,,,,,,
,,,,,,,,,,,,,,,,,,,,,,,,,,,,,,,,,,,,,,,,,,,,
,,,,,,,,,,,,,,,,,,,,,,,,,,,,,,,,,,,,,,,,,,,,
,,,,,,,,,,,,,,,,,,,,,,,,,,,,,,,,,,,,,,,,,,,,
,,,,,,,,,,,,,,,,,,,,,,,,,,,,,,,,,,,,,,,,,,,,
,,,,,,,,,,,,,,,,,,,,,,,,,,,,,,,,,,,,,,,,,,,,
,,,,,,,,,,,,,,,,,,,,,,,,,,,,,,,,,,,,,,,,,,,,
,,,,,,,,,,,,,,,,,,,,,,,,,,,,,,,,,,,,,,,,,,,,
,,,,,,,,,,,,,,,,,,,,,,,,,,,,,,,,,,,,,,,,,,,,
,,,,,,,,,,,,,,,,,,,,,,,,,,,,,,,,,,,,,,,,,,,,
,,,,,,,,,,,,,,,,,,,,,,,,,,,,,,,,,,,,,,,,,,,,
,,,,,,,,,,,,,,,,,,,,,,,,,,,,,,,,,,,,,,,,,,,,
,,,,,,,,,,,,,,,,,,,,,,,,,,,,,,,,,,,,,,,,,,,,
,,,,,,,,,,,,,,,,,,,,,,,,,,,,,,,,,,,,,,,,,,,,
,,,,,,,,,,,,,,,,,,,,,,,,,,,,,,,,,,,,,,,,,,,,
,,,,,,,,,,,,,,,,,,,,,,,,,,,,,,,,,,,,,,,,,,,,
,,,,,,,,,,,,,,,,,,,,,,,,,,,,,,,,,,,,,,,,,,,,
,,,,,,,,,,,,,,,,,,,,,,,,,,,,,,,,,,,,,,,,,,,,
,,,,,,,,,,,,,,,,,,,,,,,,,,,,,,,,,,,,,,,,,,,,
,,,,,,,,,,,,,,,,,,,,,,,,,,,,,,,,,,,,,,,,,,,,
,,,,,,,,,,,,,,,,,,,,,,,,,,,,,,,,,,,,,,,,,,,,
,,,,,,,,,,,,,,,,,,,,,,,,,,,,,,,,,,,,,,,,,,,,
,,,,,,,,,,,,,,,,,,,,,,,,,,,,,,,,,,,,,,,,,,,,
,,,,,,,,,,,,,,,,,,,,,,,,,,,,,,,,,,,,,,,,,,,,
,,,,,,,,,,,,,,,,,,,,,,,,,,,,,,,,,,,,,,,,,,,,
,,,,,,,,,,,,,,,,,,,,,,,,,,,,,,,,,,,,,,,,,,,,
,,,,,,,,,,,,,,,,,,,,,,,,,,,,,,,,,,,,,,,,,,,,
,,,,,,,,,,,,,,,,,,,,,,,,,,,,,,,,,,,,,,,,,,,,
,,,,,,,,,,,,,,,,,,,,,,,,,,,,,,,,,,,,,,,,,,,,
,,,,,,,,,,,,,,,,,,,,,,,,,,,,,,,,,,,,,,,,,,,,
,,,,,,,,,,,,,,,,,,,,,,,,,,,,,,,,,,,,,,,,,,,,
,,,,,,,,,,,,,,,,,,,,,,,,,,,,,,,,,,,,,,,,,,,,
,,,,,,,,,,,,,,,,,,,,,,,,,,,,,,,,,,,,,,,,,,,,
,,,,,,,,,,,,,,,,,,,,,,,,,,,,,,,,,,,,,,,,,,,,
,,,,,,,,,,,,,,,,,,,,,,,,,,,,,,,,,,,,,,,,,,,,
,,,,,,,,,,,,,,,,,,,,,,,,,,,,,,,,,,,,,,,,,,,,
,,,,,,,,,,,,,,,,,,,,,,,,,,,,,,,,,,,,,,,,,,,,
,,,,,,,,,,,,,,,,,,,,,,,,,,,,,,,,,,,,,,,,,,,,
,,,,,,,,,,,,,,,,,,,,,,,,,,,,,,,,,,,,,,,,,,,,
,,,,,,,,,,,,,,,,,,,,,,,,,,,,,,,,,,,,,,,,,,,,
,,,,,,,,,,,,,,,,,,,,,,,,,,,,,,,,,,,,,,,,,,,,
,,,,,,,,,,,,,,,,,,,,,,,,,,,,,,,,,,,,,,,,,,,,
,,,,,,,,,,,,,,,,,,,,,,,,,,,,,,,,,,,,,,,,,,,,
,,,,,,,,,,,,,,,,,,,,,,,,,,,,,,,,,,,,,,,,,,,,
,,,,,,,,,,,,,,,,,,,,,,,,,,,,,,,,,,,,,,,,,,,,
,,,,,,,,,,,,,,,,,,,,,,,,,,,,,,,,,,,,,,,,,,,,
,,,,,,,,,,,,,,,,,,,,,,,,,,,,,,,,,,,,,,,,,,,,
,,,,,,,,,,,,,,,,,,,,,,,,,,,,,,,,,,,,,,,,,,,,
,,,,,,,,,,,,,,,,,,,,,,,,,,,,,,,,,,,,,,,,,,,,
,,,,,,,,,,,,,,,,,,,,,,,,,,,,,,,,,,,,,,,,,,,,
,,,,,,,,,,,,,,,,,,,,,,,,,,,,,,,,,,,,,,,,,,,,
,,,,,,,,,,,,,,,,,,,,,,,,,,,,,,,,,,,,,,,,,,,,
,,,,,,,,,,,,,,,,,,,,,,,,,,,,,,,,,,,,,,,,,,,,
,,,,,,,,,,,,,,,,,,,,,,,,,,,,,,,,,,,,,,,,,,,,
,,,,,,,,,,,,,,,,,,,,,,,,,,,,,,,,,,,,,,,,,,,,
,,,,,,,,,,,,,,,,,,,,,,,,,,,,,,,,,,,,,,,,,,,,
,,,,,,,,,,,,,,,,,,,,,,,,,,,,,,,,,,,,,,,,,,,,
,,,,,,,,,,,,,,,,,,,,,,,,,,,,,,,,,,,,,,,,,,,,
,,,,,,,,,,,,,,,,,,,,,,,,,,,,,,,,,,,,,,,,,,,,
,,,,,,,,,,,,,,,,,,,,,,,,,,,,,,,,,,,,,,,,,,,,
,,,,,,,,,,,,,,,,,,,,,,,,,,,,,,,,,,,,,,,,,,,,
,,,,,,,,,,,,,,,,,,,,,,,,,,,,,,,,,,,,,,,,,,,,
,,,,,,,,,,,,,,,,,,,,,,,,,,,,,,,,,,,,,,,,,,,,
,,,,,,,,,,,,,,,,,,,,,,,,,,,,,,,,,,,,,,,,,,,,
,,,,,,,,,,,,,,,,,,,,,,,,,,,,,,,,,,,,,,,,,,,,
,,,,,,,,,,,,,,,,,,,,,,,,,,,,,,,,,,,,,,,,,,,,
,,,,,,,,,,,,,,,,,,,,,,,,,,,,,,,,,,,,,,,,,,,,
,,,,,,,,,,,,,,,,,,,,,,,,,,,,,,,,,,,,,,,,,,,,
,,,,,,,,,,,,,,,,,,,,,,,,,,,,,,,,,,,,,,,,,,,,
,,,,,,,,,,,,,,,,,,,,,,,,,,,,,,,,,,,,,,,,,,,,
,,,,,,,,,,,,,,,,,,,,,,,,,,,,,,,,,,,,,,,,,,,,
,,,,,,,,,,,,,,,,,,,,,,,,,,,,,,,,,,,,,,,,,,,,
,,,,,,,,,,,,,,,,,,,,,,,,,,,,,,,,,,,,,,,,,,,,
,,,,,,,,,,,,,,,,,,,,,,,,,,,,,,,,,,,,,,,,,,,,
,,,,,,,,,,,,,,,,,,,,,,,,,,,,,,,,,,,,,,,,,,,,
,,,,,,,,,,,,,,,,,,,,,,,,,,,,,,,,,,,,,,,,,,,,
,,,,,,,,,,,,,,,,,,,,,,,,,,,,,,,,,,,,,,,,,,,,
,,,,,,,,,,,,,,,,,,,,,,,,,,,,,,,,,,,,,,,,,,,,
,,,,,,,,,,,,,,,,,,,,,,,,,,,,,,,,,,,,,,,,,,,,
,,,,,,,,,,,,,,,,,,,,,,,,,,,,,,,,,,,,,,,,,,,,
,,,,,,,,,,,,,,,,,,,,,,,,,,,,,,,,,,,,,,,,,,,,
,,,,,,,,,,,,,,,,,,,,,,,,,,,,,,,,,,,,,,,,,,,,
,,,,,,,,,,,,,,,,,,,,,,,,,,,,,,,,,,,,,,,,,,,,
,,,,,,,,,,,,,,,,,,,,,,,,,,,,,,,,,,,,,,,,,,,,
,,,,,,,,,,,,,,,,,,,,,,,,,,,,,,,,,,,,,,,,,,,,
,,,,,,,,,,,,,,,,,,,,,,,,,,,,,,,,,,,,,,,,,,,,
,,,,,,,,,,,,,,,,,,,,,,,,,,,,,,,,,,,,,,,,,,,,
,,,,,,,,,,,,,,,,,,,,,,,,,,,,,,,,,,,,,,,,,,,,
,,,,,,,,,,,,,,,,,,,,,,,,,,,,,,,,,,,,,,,,,,,,
,,,,,,,,,,,,,,,,,,,,,,,,,,,,,,,,,,,,,,,,,,,,
,,,,,,,,,,,,,,,,,,,,,,,,,,,,,,,,,,,,,,,,,,,,
,,,,,,,,,,,,,,,,,,,,,,,,,,,,,,,,,,,,,,,,,,,,
,,,,,,,,,,,,,,,,,,,,,,,,,,,,,,,,,,,,,,,,,,,,
,,,,,,,,,,,,,,,,,,,,,,,,,,,,,,,,,,,,,,,,,,,,
,,,,,,,,,,,,,,,,,,,,,,,,,,,,,,,,,,,,,,,,,,,,
,,,,,,,,,,,,,,,,,,,,,,,,,,,,,,,,,,,,,,,,,,,,
,,,,,,,,,,,,,,,,,,,,,,,,,,,,,,,,,,,,,,,,,,,,
,,,,,,,,,,,,,,,,,,,,,,,,,,,,,,,,,,,,,,,,,,,,
,,,,,,,,,,,,,,,,,,,,,,,,,,,,,,,,,,,,,,,,,,,,
,,,,,,,,,,,,,,,,,,,,,,,,,,,,,,,,,,,,,,,,,,,,
,,,,,,,,,,,,,,,,,,,,,,,,,,,,,,,,,,,,,,,,,,,,
,,,,,,,,,,,,,,,,,,,,,,,,,,,,,,,,,,,,,,,,,,,,
,,,,,,,,,,,,,,,,,,,,,,,,,,,,,,,,,,,,,,,,,,,,
,,,,,,,,,,,,,,,,,,,,,,,,,,,,,,,,,,,,,,,,,,,,
,,,,,,,,,,,,,,,,,,,,,,,,,,,,,,,,,,,,,,,,,,,,
,,,,,,,,,,,,,,,,,,,,,,,,,,,,,,,,,,,,,,,,,,,,
,,,,,,,,,,,,,,,,,,,,,,,,,,,,,,,,,,,,,,,,,,,,
,,,,,,,,,,,,,,,,,,,,,,,,,,,,,,,,,,,,,,,,,,,,
,,,,,,,,,,,,,,,,,,,,,,,,,,,,,,,,,,,,,,,,,,,,
,,,,,,,,,,,,,,,,,,,,,,,,,,,,,,,,,,,,,,,,,,,,
,,,,,,,,,,,,,,,,,,,,,,,,,,,,,,,,,,,,,,,,,,,,
,,,,,,,,,,,,,,,,,,,,,,,,,,,,,,,,,,,,,,,,,,,,
,,,,,,,,,,,,,,,,,,,,,,,,,,,,,,,,,,,,,,,,,,,,
,,,,,,,,,,,,,,,,,,,,,,,,,,,,,,,,,,,,,,,,,,,,
,,,,,,,,,,,,,,,,,,,,,,,,,,,,,,,,,,,,,,,,,,,,
,,,,,,,,,,,,,,,,,,,,,,,,,,,,,,,,,,,,,,,,,,,,
,,,,,,,,,,,,,,,,,,,,,,,,,,,,,,,,,,,,,,,,,,,,
,,,,,,,,,,,,,,,,,,,,,,,,,,,,,,,,,,,,,,,,,,,,
,,,,,,,,,,,,,,,,,,,,,,,,,,,,,,,,,,,,,,,,,,,,
,,,,,,,,,,,,,,,,,,,,,,,,,,,,,,,,,,,,,,,,,,,,
,,,,,,,,,,,,,,,,,,,,,,,,,,,,,,,,,,,,,,,,,,,,
,,,,,,,,,,,,,,,,,,,,,,,,,,,,,,,,,,,,,,,,,,,,
,,,,,,,,,,,,,,,,,,,,,,,,,,,,,,,,,,,,,,,,,,,,
,,,,,,,,,,,,,,,,,,,,,,,,,,,,,,,,,,,,,,,,,,,,
,,,,,,,,,,,,,,,,,,,,,,,,,,,,,,,,,,,,,,,,,,,,
,,,,,,,,,,,,,,,,,,,,,,,,,,,,,,,,,,,,,,,,,,,,
,,,,,,,,,,,,,,,,,,,,,,,,,,,,,,,,,,,,,,,,,,,,
,,,,,,,,,,,,,,,,,,,,,,,,,,,,,,,,,,,,,,,,,,,,
,,,,,,,,,,,,,,,,,,,,,,,,,,,,,,,,,,,,,,,,,,,,
,,,,,,,,,,,,,,,,,,,,,,,,,,,,,,,,,,,,,,,,,,,,
,,,,,,,,,,,,,,,,,,,,,,,,,,,,,,,,,,,,,,,,,,,,
,,,,,,,,,,,,,,,,,,,,,,,,,,,,,,,,,,,,,,,,,,,,
,,,,,,,,,,,,,,,,,,,,,,,,,,,,,,,,,,,,,,,,,,,,
,,,,,,,,,,,,,,,,,,,,,,,,,,,,,,,,,,,,,,,,,,,,
,,,,,,,,,,,,,,,,,,,,,,,,,,,,,,,,,,,,,,,,,,,,
,,,,,,,,,,,,,,,,,,,,,,,,,,,,,,,,,,,,,,,,,,,,
,,,,,,,,,,,,,,,,,,,,,,,,,,,,,,,,,,,,,,,,,,,,
,,,,,,,,,,,,,,,,,,,,,,,,,,,,,,,,,,,,,,,,,,,,
,,,,,,,,,,,,,,,,,,,,,,,,,,,,,,,,,,,,,,,,,,,,
,,,,,,,,,,,,,,,,,,,,,,,,,,,,,,,,,,,,,,,,,,,,
,,,,,,,,,,,,,,,,,,,,,,,,,,,,,,,,,,,,,,,,,,,,
,,,,,,,,,,,,,,,,,,,,,,,,,,,,,,,,,,,,,,,,,,,,
,,,,,,,,,,,,,,,,,,,,,,,,,,,,,,,,,,,,,,,,,,,,
,,,,,,,,,,,,,,,,,,,,,,,,,,,,,,,,,,,,,,,,,,,,
,,,,,,,,,,,,,,,,,,,,,,,,,,,,,,,,,,,,,,,,,,,,
,,,,,,,,,,,,,,,,,,,,,,,,,,,,,,,,,,,,,,,,,,,,
,,,,,,,,,,,,,,,,,,,,,,,,,,,,,,,,,,,,,,,,,,,,
,,,,,,,,,,,,,,,,,,,,,,,,,,,,,,,,,,,,,,,,,,,,
,,,,,,,,,,,,,,,,,,,,,,,,,,,,,,,,,,,,,,,,,,,,
,,,,,,,,,,,,,,,,,,,,,,,,,,,,,,,,,,,,,,,,,,,,
,,,,,,,,,,,,,,,,,,,,,,,,,,,,,,,,,,,,,,,,,,,,
,,,,,,,,,,,,,,,,,,,,,,,,,,,,,,,,,,,,,,,,,,,,
,,,,,,,,,,,,,,,,,,,,,,,,,,,,,,,,,,,,,,,,,,,,
,,,,,,,,,,,,,,,,,,,,,,,,,,,,,,,,,,,,,,,,,,,,
,,,,,,,,,,,,,,,,,,,,,,,,,,,,,,,,,,,,,,,,,,,,
,,,,,,,,,,,,,,,,,,,,,,,,,,,,,,,,,,,,,,,,,,,,
,,,,,,,,,,,,,,,,,,,,,,,,,,,,,,,,,,,,,,,,,,,,
,,,,,,,,,,,,,,,,,,,,,,,,,,,,,,,,,,,,,,,,,,,,
,,,,,,,,,,,,,,,,,,,,,,,,,,,,,,,,,,,,,,,,,,,,
,,,,,,,,,,,,,,,,,,,,,,,,,,,,,,,,,,,,,,,,,,,,
,,,,,,,,,,,,,,,,,,,,,,,,,,,,,,,,,,,,,,,,,,,,
,,,,,,,,,,,,,,,,,,,,,,,,,,,,,,,,,,,,,,,,,,,,
,,,,,,,,,,,,,,,,,,,,,,,,,,,,,,,,,,,,,,,,,,,,
,,,,,,,,,,,,,,,,,,,,,,,,,,,,,,,,,,,,,,,,,,,,
,,,,,,,,,,,,,,,,,,,,,,,,,,,,,,,,,,,,,,,,,,,,
,,,,,,,,,,,,,,,,,,,,,,,,,,,,,,,,,,,,,,,,,,,,
,,,,,,,,,,,,,,,,,,,,,,,,,,,,,,,,,,,,,,,,,,,,
,,,,,,,,,,,,,,,,,,,,,,,,,,,,,,,,,,,,,,,,,,,,
,,,,,,,,,,,,,,,,,,,,,,,,,,,,,,,,,,,,,,,,,,,,
,,,,,,,,,,,,,,,,,,,,,,,,,,,,,,,,,,,,,,,,,,,,
,,,,,,,,,,,,,,,,,,,,,,,,,,,,,,,,,,,,,,,,,,,,
,,,,,,,,,,,,,,,,,,,,,,,,,,,,,,,,,,,,,,,,,,,,
,,,,,,,,,,,,,,,,,,,,,,,,,,,,,,,,,,,,,,,,,,,,
,,,,,,,,,,,,,,,,,,,,,,,,,,,,,,,,,,,,,,,,,,,,
,,,,,,,,,,,,,,,,,,,,,,,,,,,,,,,,,,,,,,,,,,,,
,,,,,,,,,,,,,,,,,,,,,,,,,,,,,,,,,,,,,,,,,,,,
,,,,,,,,,,,,,,,,,,,,,,,,,,,,,,,,,,,,,,,,,,,,
,,,,,,,,,,,,,,,,,,,,,,,,,,,,,,,,,,,,,,,,,,,,
,,,,,,,,,,,,,,,,,,,,,,,,,,,,,,,,,,,,,,,,,,,,
,,,,,,,,,,,,,,,,,,,,,,,,,,,,,,,,,,,,,,,,,,,,
,,,,,,,,,,,,,,,,,,,,,,,,,,,,,,,,,,,,,,,,,,,,
,,,,,,,,,,,,,,,,,,,,,,,,,,,,,,,,,,,,,,,,,,,,
,,,,,,,,,,,,,,,,,,,,,,,,,,,,,,,,,,,,,,,,,,,,
,,,,,,,,,,,,,,,,,,,,,,,,,,,,,,,,,,,,,,,,,,,,
,,,,,,,,,,,,,,,,,,,,,,,,,,,,,,,,,,,,,,,,,,,,
,,,,,,,,,,,,,,,,,,,,,,,,,,,,,,,,,,,,,,,,,,,,
,,,,,,,,,,,,,,,,,,,,,,,,,,,,,,,,,,,,,,,,,,,,
,,,,,,,,,,,,,,,,,,,,,,,,,,,,,,,,,,,,,,,,,,,,
,,,,,,,,,,,,,,,,,,,,,,,,,,,,,,,,,,,,,,,,,,,,
,,,,,,,,,,,,,,,,,,,,,,,,,,,,,,,,,,,,,,,,,,,,
,,,,,,,,,,,,,,,,,,,,,,,,,,,,,,,,,,,,,,,,,,,,
,,,,,,,,,,,,,,,,,,,,,,,,,,,,,,,,,,,,,,,,,,,,
,,,,,,,,,,,,,,,,,,,,,,,,,,,,,,,,,,,,,,,,,,,,
,,,,,,,,,,,,,,,,,,,,,,,,,,,,,,,,,,,,,,,,,,,,
,,,,,,,,,,,,,,,,,,,,,,,,,,,,,,,,,,,,,,,,,,,,
,,,,,,,,,,,,,,,,,,,,,,,,,,,,,,,,,,,,,,,,,,,,
,,,,,,,,,,,,,,,,,,,,,,,,,,,,,,,,,,,,,,,,,,,,
,,,,,,,,,,,,,,,,,,,,,,,,,,,,,,,,,,,,,,,,,,,,
,,,,,,,,,,,,,,,,,,,,,,,,,,,,,,,,,,,,,,,,,,,,
,,,,,,,,,,,,,,,,,,,,,,,,,,,,,,,,,,,,,,,,,,,,
,,,,,,,,,,,,,,,,,,,,,,,,,,,,,,,,,,,,,,,,,,,,
,,,,,,,,,,,,,,,,,,,,,,,,,,,,,,,,,,,,,,,,,,,,
,,,,,,,,,,,,,,,,,,,,,,,,,,,,,,,,,,,,,,,,,,,,
,,,,,,,,,,,,,,,,,,,,,,,,,,,,,,,,,,,,,,,,,,,,
,,,,,,,,,,,,,,,,,,,,,,,,,,,,,,,,,,,,,,,,,,,,
,,,,,,,,,,,,,,,,,,,,,,,,,,,,,,,,,,,,,,,,,,,,
,,,,,,,,,,,,,,,,,,,,,,,,,,,,,,,,,,,,,,,,,,,,
,,,,,,,,,,,,,,,,,,,,,,,,,,,,,,,,,,,,,,,,,,,,
,,,,,,,,,,,,,,,,,,,,,,,,,,,,,,,,,,,,,,,,,,,,
,,,,,,,,,,,,,,,,,,,,,,,,,,,,,,,,,,,,,,,,,,,,
,,,,,,,,,,,,,,,,,,,,,,,,,,,,,,,,,,,,,,,,,,,,
,,,,,,,,,,,,,,,,,,,,,,,,,,,,,,,,,,,,,,,,,,,,
,,,,,,,,,,,,,,,,,,,,,,,,,,,,,,,,,,,,,,,,,,,,
,,,,,,,,,,,,,,,,,,,,,,,,,,,,,,,,,,,,,,,,,,,,
,,,,,,,,,,,,,,,,,,,,,,,,,,,,,,,,,,,,,,,,,,,,
,,,,,,,,,,,,,,,,,,,,,,,,,,,,,,,,,,,,,,,,,,,,
,,,,,,,,,,,,,,,,,,,,,,,,,,,,,,,,,,,,,,,,,,,,
,,,,,,,,,,,,,,,,,,,,,,,,,,,,,,,,,,,,,,,,,,,,
,,,,,,,,,,,,,,,,,,,,,,,,,,,,,,,,,,,,,,,,,,,,
,,,,,,,,,,,,,,,,,,,,,,,,,,,,,,,,,,,,,,,,,,,,
,,,,,,,,,,,,,,,,,,,,,,,,,,,,,,,,,,,,,,,,,,,,
,,,,,,,,,,,,,,,,,,,,,,,,,,,,,,,,,,,,,,,,,,,,
,,,,,,,,,,,,,,,,,,,,,,,,,,,,,,,,,,,,,,,,,,,,
,,,,,,,,,,,,,,,,,,,,,,,,,,,,,,,,,,,,,,,,,,,,
,,,,,,,,,,,,,,,,,,,,,,,,,,,,,,,,,,,,,,,,,,,,
,,,,,,,,,,,,,,,,,,,,,,,,,,,,,,,,,,,,,,,,,,,,
,,,,,,,,,,,,,,,,,,,,,,,,,,,,,,,,,,,,,,,,,,,,
,,,,,,,,,,,,,,,,,,,,,,,,,,,,,,,,,,,,,,,,,,,,
,,,,,,,,,,,,,,,,,,,,,,,,,,,,,,,,,,,,,,,,,,,,
,,,,,,,,,,,,,,,,,,,,,,,,,,,,,,,,,,,,,,,,,,,,
,,,,,,,,,,,,,,,,,,,,,,,,,,,,,,,,,,,,,,,,,,,,
,,,,,,,,,,,,,,,,,,,,,,,,,,,,,,,,,,,,,,,,,,,,
,,,,,,,,,,,,,,,,,,,,,,,,,,,,,,,,,,,,,,,,,,,,
,,,,,,,,,,,,,,,,,,,,,,,,,,,,,,,,,,,,,,,,,,,,
,,,,,,,,,,,,,,,,,,,,,,,,,,,,,,,,,,,,,,,,,,,,
,,,,,,,,,,,,,,,,,,,,,,,,,,,,,,,,,,,,,,,,,,,,
,,,,,,,,,,,,,,,,,,,,,,,,,,,,,,,,,,,,,,,,,,,,
,,,,,,,,,,,,,,,,,,,,,,,,,,,,,,,,,,,,,,,,,,,,
,,,,,,,,,,,,,,,,,,,,,,,,,,,,,,,,,,,,,,,,,,,,
,,,,,,,,,,,,,,,,,,,,,,,,,,,,,,,,,,,,,,,,,,,,
,,,,,,,,,,,,,,,,,,,,,,,,,,,,,,,,,,,,,,,,,,,,
,,,,,,,,,,,,,,,,,,,,,,,,,,,,,,,,,,,,,,,,,,,,
,,,,,,,,,,,,,,,,,,,,,,,,,,,,,,,,,,,,,,,,,,,,
,,,,,,,,,,,,,,,,,,,,,,,,,,,,,,,,,,,,,,,,,,,,
,,,,,,,,,,,,,,,,,,,,,,,,,,,,,,,,,,,,,,,,,,,,
,,,,,,,,,,,,,,,,,,,,,,,,,,,,,,,,,,,,,,,,,,,,
,,,,,,,,,,,,,,,,,,,,,,,,,,,,,,,,,,,,,,,,,,,,
,,,,,,,,,,,,,,,,,,,,,,,,,,,,,,,,,,,,,,,,,,,,
,,,,,,,,,,,,,,,,,,,,,,,,,,,,,,,,,,,,,,,,,,,,
,,,,,,,,,,,,,,,,,,,,,,,,,,,,,,,,,,,,,,,,,,,,
,,,,,,,,,,,,,,,,,,,,,,,,,,,,,,,,,,,,,,,,,,,,
,,,,,,,,,,,,,,,,,,,,,,,,,,,,,,,,,,,,,,,,,,,,
,,,,,,,,,,,,,,,,,,,,,,,,,,,,,,,,,,,,,,,,,,,,
,,,,,,,,,,,,,,,,,,,,,,,,,,,,,,,,,,,,,,,,,,,,
,,,,,,,,,,,,,,,,,,,,,,,,,,,,,,,,,,,,,,,,,,,,
,,,,,,,,,,,,,,,,,,,,,,,,,,,,,,,,,,,,,,,,,,,,
,,,,,,,,,,,,,,,,,,,,,,,,,,,,,,,,,,,,,,,,,,,,
,,,,,,,,,,,,,,,,,,,,,,,,,,,,,,,,,,,,,,,,,,,,
,,,,,,,,,,,,,,,,,,,,,,,,,,,,,,,,,,,,,,,,,,,,
,,,,,,,,,,,,,,,,,,,,,,,,,,,,,,,,,,,,,,,,,,,,
,,,,,,,,,,,,,,,,,,,,,,,,,,,,,,,,,,,,,,,,,,,,
,,,,,,,,,,,,,,,,,,,,,,,,,,,,,,,,,,,,,,,,,,,,
,,,,,,,,,,,,,,,,,,,,,,,,,,,,,,,,,,,,,,,,,,,,
,,,,,,,,,,,,,,,,,,,,,,,,,,,,,,,,,,,,,,,,,,,,
,,,,,,,,,,,,,,,,,,,,,,,,,,,,,,,,,,,,,,,,,,,,
,,,,,,,,,,,,,,,,,,,,,,,,,,,,,,,,,,,,,,,,,,,,
,,,,,,,,,,,,,,,,,,,,,,,,,,,,,,,,,,,,,,,,,,,,
,,,,,,,,,,,,,,,,,,,,,,,,,,,,,,,,,,,,,,,,,,,,
,,,,,,,,,,,,,,,,,,,,,,,,,,,,,,,,,,,,,,,,,,,,
,,,,,,,,,,,,,,,,,,,,,,,,,,,,,,,,,,,,,,,,,,,,
,,,,,,,,,,,,,,,,,,,,,,,,,,,,,,,,,,,,,,,,,,,,
,,,,,,,,,,,,,,,,,,,,,,,,,,,,,,,,,,,,,,,,,,,,
,,,,,,,,,,,,,,,,,,,,,,,,,,,,,,,,,,,,,,,,,,,,
,,,,,,,,,,,,,,,,,,,,,,,,,,,,,,,,,,,,,,,,,,,,
,,,,,,,,,,,,,,,,,,,,,,,,,,,,,,,,,,,,,,,,,,,,
,,,,,,,,,,,,,,,,,,,,,,,,,,,,,,,,,,,,,,,,,,,,
,,,,,,,,,,,,,,,,,,,,,,,,,,,,,,,,,,,,,,,,,,,,
,,,,,,,,,,,,,,,,,,,,,,,,,,,,,,,,,,,,,,,,,,,,
,,,,,,,,,,,,,,,,,,,,,,,,,,,,,,,,,,,,,,,,,,,,
,,,,,,,,,,,,,,,,,,,,,,,,,,,,,,,,,,,,,,,,,,,,
,,,,,,,,,,,,,,,,,,,,,,,,,,,,,,,,,,,,,,,,,,,,
,,,,,,,,,,,,,,,,,,,,,,,,,,,,,,,,,,,,,,,,,,,,
,,,,,,,,,,,,,,,,,,,,,,,,,,,,,,,,,,,,,,,,,,,,
,,,,,,,,,,,,,,,,,,,,,,,,,,,,,,,,,,,,,,,,,,,,
,,,,,,,,,,,,,,,,,,,,,,,,,,,,,,,,,,,,,,,,,,,,
,,,,,,,,,,,,,,,,,,,,,,,,,,,,,,,,,,,,,,,,,,,,
,,,,,,,,,,,,,,,,,,,,,,,,,,,,,,,,,,,,,,,,,,,,
,,,,,,,,,,,,,,,,,,,,,,,,,,,,,,,,,,,,,,,,,,,,
,,,,,,,,,,,,,,,,,,,,,,,,,,,,,,,,,,,,,,,,,,,,
,,,,,,,,,,,,,,,,,,,,,,,,,,,,,,,,,,,,,,,,,,,,
,,,,,,,,,,,,,,,,,,,,,,,,,,,,,,,,,,,,,,,,,,,,
,,,,,,,,,,,,,,,,,,,,,,,,,,,,,,,,,,,,,,,,,,,,
,,,,,,,,,,,,,,,,,,,,,,,,,,,,,,,,,,,,,,,,,,,,
,,,,,,,,,,,,,,,,,,,,,,,,,,,,,,,,,,,,,,,,,,,,
,,,,,,,,,,,,,,,,,,,,,,,,,,,,,,,,,,,,,,,,,,,,
,,,,,,,,,,,,,,,,,,,,,,,,,,,,,,,,,,,,,,,,,,,,
,,,,,,,,,,,,,,,,,,,,,,,,,,,,,,,,,,,,,,,,,,,,
,,,,,,,,,,,,,,,,,,,,,,,,,,,,,,,,,,,,,,,,,,,,
,,,,,,,,,,,,,,,,,,,,,,,,,,,,,,,,,,,,,,,,,,,,
,,,,,,,,,,,,,,,,,,,,,,,,,,,,,,,,,,,,,,,,,,,,
,,,,,,,,,,,,,,,,,,,,,,,,,,,,,,,,,,,,,,,,,,,,
,,,,,,,,,,,,,,,,,,,,,,,,,,,,,,,,,,,,,,,,,,,,
,,,,,,,,,,,,,,,,,,,,,,,,,,,,,,,,,,,,,,,,,,,,
,,,,,,,,,,,,,,,,,,,,,,,,,,,,,,,,,,,,,,,,,,,,
,,,,,,,,,,,,,,,,,,,,,,,,,,,,,,,,,,,,,,,,,,,,
,,,,,,,,,,,,,,,,,,,,,,,,,,,,,,,,,,,,,,,,,,,,
,,,,,,,,,,,,,,,,,,,,,,,,,,,,,,,,,,,,,,,,,,,,
,,,,,,,,,,,,,,,,,,,,,,,,,,,,,,,,,,,,,,,,,,,,
,,,,,,,,,,,,,,,,,,,,,,,,,,,,,,,,,,,,,,,,,,,,
,,,,,,,,,,,,,,,,,,,,,,,,,,,,,,,,,,,,,,,,,,,,
,,,,,,,,,,,,,,,,,,,,,,,,,,,,,,,,,,,,,,,,,,,,
,,,,,,,,,,,,,,,,,,,,,,,,,,,,,,,,,,,,,,,,,,,,
,,,,,,,,,,,,,,,,,,,,,,,,,,,,,,,,,,,,,,,,,,,,
,,,,,,,,,,,,,,,,,,,,,,,,,,,,,,,,,,,,,,,,,,,,
,,,,,,,,,,,,,,,,,,,,,,,,,,,,,,,,,,,,,,,,,,,,
,,,,,,,,,,,,,,,,,,,,,,,,,,,,,,,,,,,,,,,,,,,,
,,,,,,,,,,,,,,,,,,,,,,,,,,,,,,,,,,,,,,,,,,,,
,,,,,,,,,,,,,,,,,,,,,,,,,,,,,,,,,,,,,,,,,,,,
,,,,,,,,,,,,,,,,,,,,,,,,,,,,,,,,,,,,,,,,,,,,
,,,,,,,,,,,,,,,,,,,,,,,,,,,,,,,,,,,,,,,,,,,,
,,,,,,,,,,,,,,,,,,,,,,,,,,,,,,,,,,,,,,,,,,,,
,,,,,,,,,,,,,,,,,,,,,,,,,,,,,,,,,,,,,,,,,,,,
,,,,,,,,,,,,,,,,,,,,,,,,,,,,,,,,,,,,,,,,,,,,
,,,,,,,,,,,,,,,,,,,,,,,,,,,,,,,,,,,,,,,,,,,,
,,,,,,,,,,,,,,,,,,,,,,,,,,,,,,,,,,,,,,,,,,,,
,,,,,,,,,,,,,,,,,,,,,,,,,,,,,,,,,,,,,,,,,,,,
,,,,,,,,,,,,,,,,,,,,,,,,,,,,,,,,,,,,,,,,,,,,
,,,,,,,,,,,,,,,,,,,,,,,,,,,,,,,,,,,,,,,,,,,,
,,,,,,,,,,,,,,,,,,,,,,,,,,,,,,,,,,,,,,,,,,,,
,,,,,,,,,,,,,,,,,,,,,,,,,,,,,,,,,,,,,,,,,,,,
,,,,,,,,,,,,,,,,,,,,,,,,,,,,,,,,,,,,,,,,,,,,
,,,,,,,,,,,,,,,,,,,,,,,,,,,,,,,,,,,,,,,,,,,,
,,,,,,,,,,,,,,,,,,,,,,,,,,,,,,,,,,,,,,,,,,,,
,,,,,,,,,,,,,,,,,,,,,,,,,,,,,,,,,,,,,,,,,,,,
,,,,,,,,,,,,,,,,,,,,,,,,,,,,,,,,,,,,,,,,,,,,
,,,,,,,,,,,,,,,,,,,,,,,,,,,,,,,,,,,,,,,,,,,,
,,,,,,,,,,,,,,,,,,,,,,,,,,,,,,,,,,,,,,,,,,,,
,,,,,,,,,,,,,,,,,,,,,,,,,,,,,,,,,,,,,,,,,,,,
,,,,,,,,,,,,,,,,,,,,,,,,,,,,,,,,,,,,,,,,,,,,
,,,,,,,,,,,,,,,,,,,,,,,,,,,,,,,,,,,,,,,,,,,,
,,,,,,,,,,,,,,,,,,,,,,,,,,,,,,,,,,,,,,,,,,,,
,,,,,,,,,,,,,,,,,,,,,,,,,,,,,,,,,,,,,,,,,,,,
,,,,,,,,,,,,,,,,,,,,,,,,,,,,,,,,,,,,,,,,,,,,
,,,,,,,,,,,,,,,,,,,,,,,,,,,,,,,,,,,,,,,,,,,,
,,,,,,,,,,,,,,,,,,,,,,,,,,,,,,,,,,,,,,,,,,,,
,,,,,,,,,,,,,,,,,,,,,,,,,,,,,,,,,,,,,,,,,,,,
,,,,,,,,,,,,,,,,,,,,,,,,,,,,,,,,,,,,,,,,,,,,
,,,,,,,,,,,,,,,,,,,,,,,,,,,,,,,,,,,,,,,,,,,,
,,,,,,,,,,,,,,,,,,,,,,,,,,,,,,,,,,,,,,,,,,,,
,,,,,,,,,,,,,,,,,,,,,,,,,,,,,,,,,,,,,,,,,,,,
,,,,,,,,,,,,,,,,,,,,,,,,,,,,,,,,,,,,,,,,,,,,
,,,,,,,,,,,,,,,,,,,,,,,,,,,,,,,,,,,,,,,,,,,,
,,,,,,,,,,,,,,,,,,,,,,,,,,,,,,,,,,,,,,,,,,,,
,,,,,,,,,,,,,,,,,,,,,,,,,,,,,,,,,,,,,,,,,,,,
,,,,,,,,,,,,,,,,,,,,,,,,,,,,,,,,,,,,,,,,,,,,
,,,,,,,,,,,,,,,,,,,,,,,,,,,,,,,,,,,,,,,,,,,,
,,,,,,,,,,,,,,,,,,,,,,,,,,,,,,,,,,,,,,,,,,,,
,,,,,,,,,,,,,,,,,,,,,,,,,,,,,,,,,,,,,,,,,,,,
,,,,,,,,,,,,,,,,,,,,,,,,,,,,,,,,,,,,,,,,,,,,
,,,,,,,,,,,,,,,,,,,,,,,,,,,,,,,,,,,,,,,,,,,,
,,,,,,,,,,,,,,,,,,,,,,,,,,,,,,,,,,,,,,,,,,,,
,,,,,,,,,,,,,,,,,,,,,,,,,,,,,,,,,,,,,,,,,,,,
,,,,,,,,,,,,,,,,,,,,,,,,,,,,,,,,,,,,,,,,,,,,
,,,,,,,,,,,,,,,,,,,,,,,,,,,,,,,,,,,,,,,,,,,,
,,,,,,,,,,,,,,,,,,,,,,,,,,,,,,,,,,,,,,,,,,,,
,,,,,,,,,,,,,,,,,,,,,,,,,,,,,,,,,,,,,,,,,,,,
,,,,,,,,,,,,,,,,,,,,,,,,,,,,,,,,,,,,,,,,,,,,
,,,,,,,,,,,,,,,,,,,,,,,,,,,,,,,,,,,,,,,,,,,,
,,,,,,,,,,,,,,,,,,,,,,,,,,,,,,,,,,,,,,,,,,,,
,,,,,,,,,,,,,,,,,,,,,,,,,,,,,,,,,,,,,,,,,,,,
,,,,,,,,,,,,,,,,,,,,,,,,,,,,,,,,,,,,,,,,,,,,
,,,,,,,,,,,,,,,,,,,,,,,,,,,,,,,,,,,,,,,,,,,,
,,,,,,,,,,,,,,,,,,,,,,,,,,,,,,,,,,,,,,,,,,,,
,,,,,,,,,,,,,,,,,,,,,,,,,,,,,,,,,,,,,,,,,,,,
,,,,,,,,,,,,,,,,,,,,,,,,,,,,,,,,,,,,,,,,,,,,
,,,,,,,,,,,,,,,,,,,,,,,,,,,,,,,,,,,,,,,,,,,,
,,,,,,,,,,,,,,,,,,,,,,,,,,,,,,,,,,,,,,,,,,,,
,,,,,,,,,,,,,,,,,,,,,,,,,,,,,,,,,,,,,,,,,,,,
,,,,,,,,,,,,,,,,,,,,,,,,,,,,,,,,,,,,,,,,,,,,
,,,,,,,,,,,,,,,,,,,,,,,,,,,,,,,,,,,,,,,,,,,,
,,,,,,,,,,,,,,,,,,,,,,,,,,,,,,,,,,,,,,,,,,,,
,,,,,,,,,,,,,,,,,,,,,,,,,,,,,,,,,,,,,,,,,,,,
,,,,,,,,,,,,,,,,,,,,,,,,,,,,,,,,,,,,,,,,,,,,
,,,,,,,,,,,,,,,,,,,,,,,,,,,,,,,,,,,,,,,,,,,,
,,,,,,,,,,,,,,,,,,,,,,,,,,,,,,,,,,,,,,,,,,,,
,,,,,,,,,,,,,,,,,,,,,,,,,,,,,,,,,,,,,,,,,,,,
,,,,,,,,,,,,,,,,,,,,,,,,,,,,,,,,,,,,,,,,,,,,
,,,,,,,,,,,,,,,,,,,,,,,,,,,,,,,,,,,,,,,,,,,,
,,,,,,,,,,,,,,,,,,,,,,,,,,,,,,,,,,,,,,,,,,,,
,,,,,,,,,,,,,,,,,,,,,,,,,,,,,,,,,,,,,,,,,,,,
,,,,,,,,,,,,,,,,,,,,,,,,,,,,,,,,,,,,,,,,,,,,
,,,,,,,,,,,,,,,,,,,,,,,,,,,,,,,,,,,,,,,,,,,,
,,,,,,,,,,,,,,,,,,,,,,,,,,,,,,,,,,,,,,,,,,,,
,,,,,,,,,,,,,,,,,,,,,,,,,,,,,,,,,,,,,,,,,,,,
,,,,,,,,,,,,,,,,,,,,,,,,,,,,,,,,,,,,,,,,,,,,
,,,,,,,,,,,,,,,,,,,,,,,,,,,,,,,,,,,,,,,,,,,,
,,,,,,,,,,,,,,,,,,,,,,,,,,,,,,,,,,,,,,,,,,,,
,,,,,,,,,,,,,,,,,,,,,,,,,,,,,,,,,,,,,,,,,,,,
,,,,,,,,,,,,,,,,,,,,,,,,,,,,,,,,,,,,,,,,,,,,
,,,,,,,,,,,,,,,,,,,,,,,,,,,,,,,,,,,,,,,,,,,,
,,,,,,,,,,,,,,,,,,,,,,,,,,,,,,,,,,,,,,,,,,,,
,,,,,,,,,,,,,,,,,,,,,,,,,,,,,,,,,,,,,,,,,,,,
,,,,,,,,,,,,,,,,,,,,,,,,,,,,,,,,,,,,,,,,,,,,
,,,,,,,,,,,,,,,,,,,,,,,,,,,,,,,,,,,,,,,,,,,,
,,,,,,,,,,,,,,,,,,,,,,,,,,,,,,,,,,,,,,,,,,,,
,,,,,,,,,,,,,,,,,,,,,,,,,,,,,,,,,,,,,,,,,,,,
,,,,,,,,,,,,,,,,,,,,,,,,,,,,,,,,,,,,,,,,,,,,
,,,,,,,,,,,,,,,,,,,,,,,,,,,,,,,,,,,,,,,,,,,,
,,,,,,,,,,,,,,,,,,,,,,,,,,,,,,,,,,,,,,,,,,,,
,,,,,,,,,,,,,,,,,,,,,,,,,,,,,,,,,,,,,,,,,,,,
,,,,,,,,,,,,,,,,,,,,,,,,,,,,,,,,,,,,,,,,,,,,
,,,,,,,,,,,,,,,,,,,,,,,,,,,,,,,,,,,,,,,,,,,,
,,,,,,,,,,,,,,,,,,,,,,,,,,,,,,,,,,,,,,,,,,,,
,,,,,,,,,,,,,,,,,,,,,,,,,,,,,,,,,,,,,,,,,,,,
,,,,,,,,,,,,,,,,,,,,,,,,,,,,,,,,,,,,,,,,,,,,
,,,,,,,,,,,,,,,,,,,,,,,,,,,,,,,,,,,,,,,,,,,,
,,,,,,,,,,,,,,,,,,,,,,,,,,,,,,,,,,,,,,,,,,,,
,,,,,,,,,,,,,,,,,,,,,,,,,,,,,,,,,,,,,,,,,,,,
,,,,,,,,,,,,,,,,,,,,,,,,,,,,,,,,,,,,,,,,,,,,
,,,,,,,,,,,,,,,,,,,,,,,,,,,,,,,,,,,,,,,,,,,,
,,,,,,,,,,,,,,,,,,,,,,,,,,,,,,,,,,,,,,,,,,,,
,,,,,,,,,,,,,,,,,,,,,,,,,,,,,,,,,,,,,,,,,,,,
,,,,,,,,,,,,,,,,,,,,,,,,,,,,,,,,,,,,,,,,,,,,
,,,,,,,,,,,,,,,,,,,,,,,,,,,,,,,,,,,,,,,,,,,,
,,,,,,,,,,,,,,,,,,,,,,,,,,,,,,,,,,,,,,,,,,,,
,,,,,,,,,,,,,,,,,,,,,,,,,,,,,,,,,,,,,,,,,,,,
,,,,,,,,,,,,,,,,,,,,,,,,,,,,,,,,,,,,,,,,,,,,
,,,,,,,,,,,,,,,,,,,,,,,,,,,,,,,,,,,,,,,,,,,,
,,,,,,,,,,,,,,,,,,,,,,,,,,,,,,,,,,,,,,,,,,,,
,,,,,,,,,,,,,,,,,,,,,,,,,,,,,,,,,,,,,,,,,,,,
,,,,,,,,,,,,,,,,,,,,,,,,,,,,,,,,,,,,,,,,,,,,
,,,,,,,,,,,,,,,,,,,,,,,,,,,,,,,,,,,,,,,,,,,,
,,,,,,,,,,,,,,,,,,,,,,,,,,,,,,,,,,,,,,,,,,,,
,,,,,,,,,,,,,,,,,,,,,,,,,,,,,,,,,,,,,,,,,,,,
,,,,,,,,,,,,,,,,,,,,,,,,,,,,,,,,,,,,,,,,,,,,
,,,,,,,,,,,,,,,,,,,,,,,,,,,,,,,,,,,,,,,,,,,,
,,,,,,,,,,,,,,,,,,,,,,,,,,,,,,,,,,,,,,,,,,,,
,,,,,,,,,,,,,,,,,,,,,,,,,,,,,,,,,,,,,,,,,,,,
,,,,,,,,,,,,,,,,,,,,,,,,,,,,,,,,,,,,,,,,,,,,
,,,,,,,,,,,,,,,,,,,,,,,,,,,,,,,,,,,,,,,,,,,,
,,,,,,,,,,,,,,,,,,,,,,,,,,,,,,,,,,,,,,,,,,,,
,,,,,,,,,,,,,,,,,,,,,,,,,,,,,,,,,,,,,,,,,,,,
,,,,,,,,,,,,,,,,,,,,,,,,,,,,,,,,,,,,,,,,,,,,
,,,,,,,,,,,,,,,,,,,,,,,,,,,,,,,,,,,,,,,,,,,,
,,,,,,,,,,,,,,,,,,,,,,,,,,,,,,,,,,,,,,,,,,,,
,,,,,,,,,,,,,,,,,,,,,,,,,,,,,,,,,,,,,,,,,,,,
,,,,,,,,,,,,,,,,,,,,,,,,,,,,,,,,,,,,,,,,,,,,
,,,,,,,,,,,,,,,,,,,,,,,,,,,,,,,,,,,,,,,,,,,,
,,,,,,,,,,,,,,,,,,,,,,,,,,,,,,,,,,,,,,,,,,,,
,,,,,,,,,,,,,,,,,,,,,,,,,,,,,,,,,,,,,,,,,,,,
,,,,,,,,,,,,,,,,,,,,,,,,,,,,,,,,,,,,,,,,,,,,
,,,,,,,,,,,,,,,,,,,,,,,,,,,,,,,,,,,,,,,,,,,,
,,,,,,,,,,,,,,,,,,,,,,,,,,,,,,,,,,,,,,,,,,,,
,,,,,,,,,,,,,,,,,,,,,,,,,,,,,,,,,,,,,,,,,,,,
,,,,,,,,,,,,,,,,,,,,,,,,,,,,,,,,,,,,,,,,,,,,
,,,,,,,,,,,,,,,,,,,,,,,,,,,,,,,,,,,,,,,,,,,,
,,,,,,,,,,,,,,,,,,,,,,,,,,,,,,,,,,,,,,,,,,,,
,,,,,,,,,,,,,,,,,,,,,,,,,,,,,,,,,,,,,,,,,,,,
,,,,,,,,,,,,,,,,,,,,,,,,,,,,,,,,,,,,,,,,,,,,
,,,,,,,,,,,,,,,,,,,,,,,,,,,,,,,,,,,,,,,,,,,,
,,,,,,,,,,,,,,,,,,,,,,,,,,,,,,,,,,,,,,,,,,,,
,,,,,,,,,,,,,,,,,,,,,,,,,,,,,,,,,,,,,,,,,,,,
,,,,,,,,,,,,,,,,,,,,,,,,,,,,,,,,,,,,,,,,,,,,
,,,,,,,,,,,,,,,,,,,,,,,,,,,,,,,,,,,,,,,,,,,,
,,,,,,,,,,,,,,,,,,,,,,,,,,,,,,,,,,,,,,,,,,,,
,,,,,,,,,,,,,,,,,,,,,,,,,,,,,,,,,,,,,,,,,,,,
,,,,,,,,,,,,,,,,,,,,,,,,,,,,,,,,,,,,,,,,,,,,
,,,,,,,,,,,,,,,,,,,,,,,,,,,,,,,,,,,,,,,,,,,,
,,,,,,,,,,,,,,,,,,,,,,,,,,,,,,,,,,,,,,,,,,,,
,,,,,,,,,,,,,,,,,,,,,,,,,,,,,,,,,,,,,,,,,,,,
,,,,,,,,,,,,,,,,,,,,,,,,,,,,,,,,,,,,,,,,,,,,
,,,,,,,,,,,,,,,,,,,,,,,,,,,,,,,,,,,,,,,,,,,,
,,,,,,,,,,,,,,,,,,,,,,,,,,,,,,,,,,,,,,,,,,,,
,,,,,,,,,,,,,,,,,,,,,,,,,,,,,,,,,,,,,,,,,,,,
,,,,,,,,,,,,,,,,,,,,,,,,,,,,,,,,,,,,,,,,,,,,
,,,,,,,,,,,,,,,,,,,,,,,,,,,,,,,,,,,,,,,,,,,,
,,,,,,,,,,,,,,,,,,,,,,,,,,,,,,,,,,,,,,,,,,,,
,,,,,,,,,,,,,,,,,,,,,,,,,,,,,,,,,,,,,,,,,,,,
,,,,,,,,,,,,,,,,,,,,,,,,,,,,,,,,,,,,,,,,,,,,
,,,,,,,,,,,,,,,,,,,,,,,,,,,,,,,,,,,,,,,,,,,,
,,,,,,,,,,,,,,,,,,,,,,,,,,,,,,,,,,,,,,,,,,,,
,,,,,,,,,,,,,,,,,,,,,,,,,,,,,,,,,,,,,,,,,,,,
,,,,,,,,,,,,,,,,,,,,,,,,,,,,,,,,,,,,,,,,,,,,
,,,,,,,,,,,,,,,,,,,,,,,,,,,,,,,,,,,,,,,,,,,,
,,,,,,,,,,,,,,,,,,,,,,,,,,,,,,,,,,,,,,,,,,,,
,,,,,,,,,,,,,,,,,,,,,,,,,,,,,,,,,,,,,,,,,,,,
,,,,,,,,,,,,,,,,,,,,,,,,,,,,,,,,,,,,,,,,,,,,
,,,,,,,,,,,,,,,,,,,,,,,,,,,,,,,,,,,,,,,,,,,,
,,,,,,,,,,,,,,,,,,,,,,,,,,,,,,,,,,,,,,,,,,,,
,,,,,,,,,,,,,,,,,,,,,,,,,,,,,,,,,,,,,,,,,,,,
,,,,,,,,,,,,,,,,,,,,,,,,,,,,,,,,,,,,,,,,,,,,
,,,,,,,,,,,,,,,,,,,,,,,,,,,,,,,,,,,,,,,,,,,,
,,,,,,,,,,,,,,,,,,,,,,,,,,,,,,,,,,,,,,,,,,,,
,,,,,,,,,,,,,,,,,,,,,,,,,,,,,,,,,,,,,,,,,,,,
,,,,,,,,,,,,,,,,,,,,,,,,,,,,,,,,,,,,,,,,,,,,
,,,,,,,,,,,,,,,,,,,,,,,,,,,,,,,,,,,,,,,,,,,,
,,,,,,,,,,,,,,,,,,,,,,,,,,,,,,,,,,,,,,,,,,,,
,,,,,,,,,,,,,,,,,,,,,,,,,,,,,,,,,,,,,,,,,,,,
,,,,,,,,,,,,,,,,,,,,,,,,,,,,,,,,,,,,,,,,,,,,
,,,,,,,,,,,,,,,,,,,,,,,,,,,,,,,,,,,,,,,,,,,,
,,,,,,,,,,,,,,,,,,,,,,,,,,,,,,,,,,,,,,,,,,,,
,,,,,,,,,,,,,,,,,,,,,,,,,,,,,,,,,,,,,,,,,,,,
,,,,,,,,,,,,,,,,,,,,,,,,,,,,,,,,,,,,,,,,,,,,
,,,,,,,,,,,,,,,,,,,,,,,,,,,,,,,,,,,,,,,,,,,,
,,,,,,,,,,,,,,,,,,,,,,,,,,,,,,,,,,,,,,,,,,,,
,,,,,,,,,,,,,,,,,,,,,,,,,,,,,,,,,,,,,,,,,,,,
,,,,,,,,,,,,,,,,,,,,,,,,,,,,,,,,,,,,,,,,,,,,
,,,,,,,,,,,,,,,,,,,,,,,,,,,,,,,,,,,,,,,,,,,,
,,,,,,,,,,,,,,,,,,,,,,,,,,,,,,,,,,,,,,,,,,,,
,,,,,,,,,,,,,,,,,,,,,,,,,,,,,,,,,,,,,,,,,,,,
,,,,,,,,,,,,,,,,,,,,,,,,,,,,,,,,,,,,,,,,,,,,
,,,,,,,,,,,,,,,,,,,,,,,,,,,,,,,,,,,,,,,,,,,,
,,,,,,,,,,,,,,,,,,,,,,,,,,,,,,,,,,,,,,,,,,,,
,,,,,,,,,,,,,,,,,,,,,,,,,,,,,,,,,,,,,,,,,,,,
,,,,,,,,,,,,,,,,,,,,,,,,,,,,,,,,,,,,,,,,,,,,
,,,,,,,,,,,,,,,,,,,,,,,,,,,,,,,,,,,,,,,,,,,,
,,,,,,,,,,,,,,,,,,,,,,,,,,,,,,,,,,,,,,,,,,,,
,,,,,,,,,,,,,,,,,,,,,,,,,,,,,,,,,,,,,,,,,,,,
,,,,,,,,,,,,,,,,,,,,,,,,,,,,,,,,,,,,,,,,,,,,
,,,,,,,,,,,,,,,,,,,,,,,,,,,,,,,,,,,,,,,,,,,,
,,,,,,,,,,,,,,,,,,,,,,,,,,,,,,,,,,,,,,,,,,,,
,,,,,,,,,,,,,,,,,,,,,,,,,,,,,,,,,,,,,,,,,,,,
,,,,,,,,,,,,,,,,,,,,,,,,,,,,,,,,,,,,,,,,,,,,
,,,,,,,,,,,,,,,,,,,,,,,,,,,,,,,,,,,,,,,,,,,,
,,,,,,,,,,,,,,,,,,,,,,,,,,,,,,,,,,,,,,,,,,,,
,,,,,,,,,,,,,,,,,,,,,,,,,,,,,,,,,,,,,,,,,,,,
,,,,,,,,,,,,,,,,,,,,,,,,,,,,,,,,,,,,,,,,,,,,
,,,,,,,,,,,,,,,,,,,,,,,,,,,,,,,,,,,,,,,,,,,,
,,,,,,,,,,,,,,,,,,,,,,,,,,,,,,,,,,,,,,,,,,,,
,,,,,,,,,,,,,,,,,,,,,,,,,,,,,,,,,,,,,,,,,,,,
,,,,,,,,,,,,,,,,,,,,,,,,,,,,,,,,,,,,,,,,,,,,
,,,,,,,,,,,,,,,,,,,,,,,,,,,,,,,,,,,,,,,,,,,,
,,,,,,,,,,,,,,,,,,,,,,,,,,,,,,,,,,,,,,,,,,,,
,,,,,,,,,,,,,,,,,,,,,,,,,,,,,,,,,,,,,,,,,,,,
,,,,,,,,,,,,,,,,,,,,,,,,,,,,,,,,,,,,,,,,,,,,
,,,,,,,,,,,,,,,,,,,,,,,,,,,,,,,,,,,,,,,,,,,,
,,,,,,,,,,,,,,,,,,,,,,,,,,,,,,,,,,,,,,,,,,,,
,,,,,,,,,,,,,,,,,,,,,,,,,,,,,,,,,,,,,,,,,,,,
,,,,,,,,,,,,,,,,,,,,,,,,,,,,,,,,,,,,,,,,,,,,
,,,,,,,,,,,,,,,,,,,,,,,,,,,,,,,,,,,,,,,,,,,,
,,,,,,,,,,,,,,,,,,,,,,,,,,,,,,,,,,,,,,,,,,,,
,,,,,,,,,,,,,,,,,,,,,,,,,,,,,,,,,,,,,,,,,,,,
,,,,,,,,,,,,,,,,,,,,,,,,,,,,,,,,,,,,,,,,,,,,
,,,,,,,,,,,,,,,,,,,,,,,,,,,,,,,,,,,,,,,,,,,,
,,,,,,,,,,,,,,,,,,,,,,,,,,,,,,,,,,,,,,,,,,,,
,,,,,,,,,,,,,,,,,,,,,,,,,,,,,,,,,,,,,,,,,,,,
,,,,,,,,,,,,,,,,,,,,,,,,,,,,,,,,,,,,,,,,,,,,
,,,,,,,,,,,,,,,,,,,,,,,,,,,,,,,,,,,,,,,,,,,,
,,,,,,,,,,,,,,,,,,,,,,,,,,,,,,,,,,,,,,,,,,,,
,,,,,,,,,,,,,,,,,,,,,,,,,,,,,,,,,,,,,,,,,,,,
,,,,,,,,,,,,,,,,,,,,,,,,,,,,,,,,,,,,,,,,,,,,
,,,,,,,,,,,,,,,,,,,,,,,,,,,,,,,,,,,,,,,,,,,,
,,,,,,,,,,,,,,,,,,,,,,,,,,,,,,,,,,,,,,,,,,,,
,,,,,,,,,,,,,,,,,,,,,,,,,,,,,,,,,,,,,,,,,,,,
,,,,,,,,,,,,,,,,,,,,,,,,,,,,,,,,,,,,,,,,,,,,
,,,,,,,,,,,,,,,,,,,,,,,,,,,,,,,,,,,,,,,,,,,,
,,,,,,,,,,,,,,,,,,,,,,,,,,,,,,,,,,,,,,,,,,,,
,,,,,,,,,,,,,,,,,,,,,,,,,,,,,,,,,,,,,,,,,,,,
,,,,,,,,,,,,,,,,,,,,,,,,,,,,,,,,,,,,,,,,,,,,
,,,,,,,,,,,,,,,,,,,,,,,,,,,,,,,,,,,,,,,,,,,,
,,,,,,,,,,,,,,,,,,,,,,,,,,,,,,,,,,,,,,,,,,,,
,,,,,,,,,,,,,,,,,,,,,,,,,,,,,,,,,,,,,,,,,,,,
,,,,,,,,,,,,,,,,,,,,,,,,,,,,,,,,,,,,,,,,,,,,
,,,,,,,,,,,,,,,,,,,,,,,,,,,,,,,,,,,,,,,,,,,,
,,,,,,,,,,,,,,,,,,,,,,,,,,,,,,,,,,,,,,,,,,,,
,,,,,,,,,,,,,,,,,,,,,,,,,,,,,,,,,,,,,,,,,,,,
,,,,,,,,,,,,,,,,,,,,,,,,,,,,,,,,,,,,,,,,,,,,
,,,,,,,,,,,,,,,,,,,,,,,,,,,,,,,,,,,,,,,,,,,,
,,,,,,,,,,,,,,,,,,,,,,,,,,,,,,,,,,,,,,,,,,,,
,,,,,,,,,,,,,,,,,,,,,,,,,,,,,,,,,,,,,,,,,,,,
,,,,,,,,,,,,,,,,,,,,,,,,,,,,,,,,,,,,,,,,,,,,
,,,,,,,,,,,,,,,,,,,,,,,,,,,,,,,,,,,,,,,,,,,,
,,,,,,,,,,,,,,,,,,,,,,,,,,,,,,,,,,,,,,,,,,,,
,,,,,,,,,,,,,,,,,,,,,,,,,,,,,,,,,,,,,,,,,,,,
,,,,,,,,,,,,,,,,,,,,,,,,,,,,,,,,,,,,,,,,,,,,
,,,,,,,,,,,,,,,,,,,,,,,,,,,,,,,,,,,,,,,,,,,,
,,,,,,,,,,,,,,,,,,,,,,,,,,,,,,,,,,,,,,,,,,,,
,,,,,,,,,,,,,,,,,,,,,,,,,,,,,,,,,,,,,,,,,,,,
